decision_id,chunk_id,pred_art,text,article_text,A1,A2,A3,eval_A1,eval_A2,eval_A3,agreement,gold,fold
22/12811__2024-01-24,14,1002,"De plus, il est constant que par jugement du 2 mars 2010, le tribunal de grande instance de Grasse a prononcé l’adoption simple par Mme [E] de M. [H] et que ce dernier, selon acte notarial du 23 novembre 2020, en sa qualité de seul héritier de sa mère, a accepté purement et simplement la succession de celle-ci qui, par testament en date du 18 avril 2005, l’avait institué légataire universel des biens et","Les dispositions testamentaires sont ou universelles, ou à titre universel, ou à titre particulier. Chacune de ces dispositions, soit qu'elle ait été faite sous la dénomination d'institution d'héritier, soit qu'elle ait été faite sous la dénomination de legs, produira son effet suivant les règles ci-après établies pour les legs universels, pour les legs à titre universel, et pour les legs particuliers.",1,0,0.0,Oui,"Non, faits uniquement","Non, faits ou prétentions des parties uniquement",0,0,3
20/12385__2024-02-16,11,1003,Il demande toutefois à titre principal au tribunal de prononcer la nullité du testament daté du 23 janvier 2012 instituant les Fondations [12] et [14] légataires universelles.,Le legs universel est la disposition testamentaire par laquelle le testateur donne à une ou plusieurs personnes l'universalité des biens qu'il laissera à son décès.,0,0,,Non,"Non, faits uniquement",,1,0,3
23/06452__2024-12-19,11,1003,"Tutefois il résulte de cet acte de notoriété, que par testament olographe en date du 7 septembre 2016 M. [Z] [H] avait institué son frère [F] [H] comme légataire universel des biens composant la succession.",Le legs universel est la disposition testamentaire par laquelle le testateur donne à une ou plusieurs personnes l'universalité des biens qu'il laissera à son décès.,1,0,0.0,Oui,"Non, faits uniquement","Non, faits ou prétentions des parties uniquement",0,0,3
20/05589__2024-07-04,19,1007,"Le testament olographe du 11 septembre 2013 a en effet institué monsieur [B], qui produit en ce qui le concerne un acte de notoriété, en qualité de légataire de madame veuve [D] et le tribunal judiciaire de Paris a, le 12 mai 2023, envoyé monsieur [B] en possession du legs.","Tout testament olographe ou mystique sera, avant d'être mis à exécution, déposé entre les mains d'un notaire. Le testament sera ouvert s'il est cacheté. Le notaire dressera sur-le-champ procès-verbal de l'ouverture et de l'état du testament, en précisant les circonstances du dépôt. Dans le cas prévu à l'article 1006, le notaire vérifiera les conditions de la saisine du légataire au regard du caractère universel de sa vocation et de l'absence d'héritiers réservataires. Il portera mention de ces vérifications sur le procès-verbal. Le testament ainsi que le procès-verbal seront conservés au rang des minutes du dépositaire. Dans le mois qui suivra la date du procès-verbal, le notaire adressera une expédition de celui-ci et une copie figurée du testament au greffier du tribunal judiciaire du lieu d'ouverture de la succession, qui lui accusera réception de ces documents et les conservera au rang de ses minutes. Dans le mois suivant cette réception, tout intéressé pourra s'opposer à l'exercice de ses droits par le légataire universel saisi de plein droit en vertu du même article 1006 . En cas d'opposition, ce légataire se fera envoyer en possession. Les modalités d'application du présent alinéa sont déterminées par décret en Conseil d'Etat.",1,0,0.0,Oui,"Non, faits uniquement","Non, faits ou prétentions des parties uniquement",0,0,2
20/12385__2024-02-16,1,1009, sur le montant de l’indemnité de réduction qui lui sera due par les légataires universelles en sa qualité d’héritier réservataire.,"Le légataire universel, qui sera en concours avec un héritier auquel la loi réserve une quotité des biens, sera tenu des dettes et charges de la succession du testateur, personnellement pour sa part et portion et hypothécairement pour le tout ; et il sera tenu d'acquitter tous les legs, sauf le cas de réduction, ainsi qu'il est expliqué aux articles 926 et 927 .",1,0,0.0,Oui,"Non, faits uniquement","Non, faits ou prétentions des parties uniquement",0,0,3
23/00696__2024-06-11,1,102,"Il est constant que la Société TUNISAIR a son siège social établi à [Localité 5], lequel constitue également son autorité centrale et son principal établissement, de sorte qu’elle n’est pas domiciliée sur le territoire français, au sens des dispositions susvisées.","Le domicile de tout Français, quant à l'exercice de ses droits civils, est au lieu où il a son principal établissement. Le lieu d'exercice des droits civils d'une personne sans domicile stable est celui où elle a fait élection de domicile dans les conditions prévues à l'article L. 264-1 du code de l'action sociale et des familles. Les bateliers et autres personnes vivant à bord d'un bateau de navigation intérieure immatriculé en France, qui n'ont pas le domicile prévu à l'alinéa précédent ou un domicile légal, sont tenus de choisir un domicile dans l'une des communes dont le nom figure sur une liste établie par arrêté du garde des sceaux, ministre de la justice, du ministre de l'intérieur et du ministre des travaux publics, des transports et du tourisme. Toutefois, les bateliers salariés et les personnes vivant à bord avec eux peuvent se domicilier dans une autre commune à condition que l'entreprise qui exploite le bateau y ait son siège ou un établissement ; dans ce cas, le domicile est fixé dans les bureaux de cette entreprise ; à défaut de choix par eux exercé, ces bateliers et personnes ont leur domicile au siège de l'entreprise qui exploite le bateau et, si ce siège est à l'étranger, au bureau d'affrètement de Paris.",0,0,,Non,Non,,1,0,1
24/01751__2024-11-29,16,1037,"Il est constant que le 5 mai 2024, par un troisième testament, Monsieur [R] a révoqué purement et simplement le testament du 1er avril 2024.Monsieur [R] est décédé 17 jours après, soit le [Date décès 4] 2024 .","La révocation faite dans un testament postérieur aura tout son effet, quoique ce nouvel acte reste sans exécution par l'incapacité de l'héritier institué ou du légataire, ou par leur refus de recueillir.",1,0,0.0,Oui,"Non, faits uniquement","Non, faits ou prétentions des parties uniquement",0,0,2
21/00544__2024-04-25,87,1078,"Elles ajoutent qu’en tout état de cause, si le tribunal devait retenir l’existence libéralités au profit de Mme [Y], devraient être pris en compte les biens donnés par [D] [A] à ses enfants aux termes des donations partage des 14 et 27 décembre 2007 (ses pièces 7 et 8) pour leur valeur réelle à la date de la donation et non celle déclarée à l’acte.","Nonobstant les règles applicables aux donations entre vifs, les biens donnés seront, sauf convention contraire, évalués au jour de la donation-partage pour l'imputation et le calcul de la réserve, à condition que tous les héritiers réservataires vivants ou représentés au décès de l'ascendant aient reçu un lot dans le partage anticipé et l'aient expressément accepté, et qu'il n'ait pas été prévu de réserve d'usufruit portant sur une somme d'argent.",0,1,0.0,Non,Oui,"Non, faits ou prétentions des parties uniquement",0,0,3
18/01766__2024-02-13,1,1078-2,"Il homologue l'état liquidatif ou renvoie les parties devant le notaire pour établir l'acte constatant le partage.Les points de désaccord qui subsistent concernent l’évaluation des parts de la SCI [21], la clause de rapport pour moitié figurant dans l’acte de donation, et l’existence d’une créance de Madame [O].",Les parties peuvent aussi convenir qu'une donation antérieure faite hors part sera incorporée au partage et imputée sur la part de réserve du donataire à titre d'avancement de part successorale.,0,0,,Non,Non,,1,0,3
21/00544__2024-04-25,87,1078-8,"Elles ajoutent qu’en tout état de cause, si le tribunal devait retenir l’existence libéralités au profit de Mme [Y], devraient être pris en compte les biens donnés par [D] [A] à ses enfants aux termes des donations partage des 14 et 27 décembre 2007 (ses pièces 7 et 8) pour leur valeur réelle à la date de la donation et non celle déclarée à l’acte.","Dans la succession de l'ascendant donateur, les biens reçus par les enfants ou leurs descendants à titre de partage anticipé s'imputent sur la part de réserve revenant à leur souche et subsidiairement sur la quotité disponible. Toutes les donations faites aux membres d'une même souche sont imputées ensemble, quel que soit le degré de parenté avec le défunt. Lorsque tous les enfants de l'ascendant donateur ont donné leur consentement au partage anticipé et qu'il n'a pas été prévu de réserve d'usufruit portant sur une somme d'argent, les biens dont les gratifiés ont été allotis sont évalués selon la règle prévue à l'article 1078 . Si les descendants d'une souche n'ont pas reçu de lot dans la donation-partage ou n'y ont reçu qu'un lot inférieur à leur part de réserve, ils sont remplis de leurs droits selon les règles prévues par les articles 1077-1 et 1077-2 .",0,0,,Non,"Non, faits uniquement",,1,0,3
22/01827__2024-11-21,46,1096,"Il convient en l’espèce de constater que le prononcé de la présente décision emportera révocation de plein droit des avantages matrimoniaux qui ne prennent effet qu’à la dissolution du régime matrimonial ou au décès de l’un des époux et des dispositions à cause de mort, accordés par un époux envers son conjoint, par contrat de mariage ou pendant l’union.Il sera également constaté que les avantages matrimoniaux qui prennent effet au cours du mariage et les donations de biens présents resteront acquis.",La donation de biens à venir faite entre époux pendant le mariage est toujours révocable. La donation de biens présents qui prend effet au cours du mariage faite entre époux n'est révocable que dans les conditions prévues par les articles 953 à 958 . Les donations faites entre époux de biens présents ou de biens à venir ne sont pas révoquées par la survenance d'enfants.,0,1,1.0,Non,Oui,Oui,0,1,0
23/04497__2025-02-06,12,1096,Il sera également constaté que les avantages matrimoniaux qui prennent effet au cours du mariage et les donations de biens présents resteront acquis.,La donation de biens à venir faite entre époux pendant le mariage est toujours révocable. La donation de biens présents qui prend effet au cours du mariage faite entre époux n'est révocable que dans les conditions prévues par les articles 953 à 958 . Les donations faites entre époux de biens présents ou de biens à venir ne sont pas révoquées par la survenance d'enfants.,0,0,,Non,Non,,1,0,3
22/02364__2024-04-15,11,1096,"Ensuite, la mention, entre parenthèses, de la “donation entre époux” après le renvoi aux dispositions “à cause de mort”, milite incontestablement dans le sens d’une portée révocatoire limitée à des donations entre époux, ayant seules pu transférer immédiatement et irrévocablement, avec intention libérale, la propriété d’un ou de plusieurs biens, ou un de leurs démembrements, à madame [U] acceptante.",La donation de biens à venir faite entre époux pendant le mariage est toujours révocable. La donation de biens présents qui prend effet au cours du mariage faite entre époux n'est révocable que dans les conditions prévues par les articles 953 à 958 . Les donations faites entre époux de biens présents ou de biens à venir ne sont pas révoquées par la survenance d'enfants.,1,0,0.0,Oui,"Non, faits uniquement",Non,0,0,3
24/04612__2024-11-21,14,1096,"En l’espèce, en l’absence de volonté contraire de l’époux qui les a consentis, cet effet de plei droit sera constaté.Il sera également constaté que les avantages matrimoniaux qui prennent effet au cours du mariage et les donations de biens présents resteront acquis.",La donation de biens à venir faite entre époux pendant le mariage est toujours révocable. La donation de biens présents qui prend effet au cours du mariage faite entre époux n'est révocable que dans les conditions prévues par les articles 953 à 958 . Les donations faites entre époux de biens présents ou de biens à venir ne sont pas révoquées par la survenance d'enfants.,0,0,,Non,Non,,1,0,0
24/00420__2025-02-11,41,1100-2,"Si en principe les conventions n'ont d'effet qu'à l'égard des parties, elles constituent des faits juridiques dont peuvent être déduites des conséquences en droit à l'égard des tiers.La Caisse régionale de crédit agricole mutuel de l’Anjou et du Maine est bien fondée à soutenir qu’elle subit un préjudice consécutif à l'annulation des prêts dont elle peut demander la réparation à celui par la faute duquel cette annulation est prononcée.","Les faits juridiques sont des agissements ou des événements auxquels la loi attache des effets de droit. Les obligations qui naissent d'un fait juridique sont régies, selon le cas, par le sous-titre relatif à la responsabilité extracontractuelle ou le sous-titre relatif aux autres sources d'obligations.",1,1,,Oui,Oui,,1,1,0
22/02247__2024-10-03,14,1102,"En l'absence de contrat de travail, de clause d'exclusivité ou de non concurrence, monsieur [W] n'était pas fondé à imposer à monsieur [B] des horaires de travail, ce dernier étant libre de s'organiser afin d'exécuter correctement ses obligations contractuelles, mais aussi de contracter avec un tiers.","Chacun est libre de contracter ou de ne pas contracter, de choisir son cocontractant et de déterminer le contenu et la forme du contrat dans les limites fixées par la loi. La liberté contractuelle ne permet pas de déroger aux règles qui intéressent l'ordre public.",1,1,,Oui,Oui,,1,1,4
23/08794__2024-12-16,11,1109,"Le contrat de prêt est un contrat réel qui se forme, outre par la rencontre des volontés, par la remise de la chose dont il est l’objet.",Le contrat est consensuel lorsqu'il se forme par le seul échange des consentements quel qu'en soit le mode d'expression. Le contrat est solennel lorsque sa validité est subordonnée à des formes déterminées par la loi. Le contrat est réel lorsque sa formation est subordonnée à la remise d'une chose.,1,1,,Oui,Oui,,1,1,1
23/06514__2024-05-06,7,1110,"Aucun contrat n’est produit, et il repose sur un accord de gré à gré entre deux personnes.Rien ne justifie l’application d’un taux d’intérêt de 10% de la somme totale.","Le contrat de gré à gré est celui dont les stipulations sont négociables entre les parties. Le contrat d'adhésion est celui qui comporte un ensemble de clauses non négociables, déterminées à l'avance par l'une des parties.",1,0,0.0,Oui,Non,Non,0,0,1
21/09223__2024-10-03,10,1111-1," société CPSE (25 mars 2020) comme le sollicitent les demandeurs, étant encore précisé que le contrat d'installation est un contrat à exécution spontanée, non un contrat à exécution successive.",Le contrat à exécution instantanée est celui dont les obligations peuvent s'exécuter en une prestation unique. Le contrat à exécution successive est celui dont les obligations d'au moins une partie s'exécutent en plusieurs prestations échelonnées dans le temps.,1,1,,Oui,Oui,,1,1,0
22/01092__2024-02-09,30,1112-1,Le tableau des offres disponibles Q-PARK adressé à Monsieur [P] n’apparaît nécessaire à la résolution du litige consistant à apprécier les éventuels manquements de la banque à son obligation d'information et son devoir de vigilance et de prudence au regard des éléments dont elle-même avait connaissance.,"Celle des parties qui connaît une information dont l'importance est déterminante pour le consentement de l'autre doit l'en informer dès lors que, légitimement, cette dernière ignore cette information ou fait confiance à son cocontractant. Néanmoins, ce devoir d'information ne porte pas sur l'estimation de la valeur de la prestation. Ont une importance déterminante les informations qui ont un lien direct et nécessaire avec le contenu du contrat ou la qualité des parties. Il incombe à celui qui prétend qu'une information lui était due de prouver que l'autre partie la lui devait, à charge pour cette autre partie de prouver qu'elle l'a fournie. Les parties ne peuvent ni limiter, ni exclure ce devoir. Outre la responsabilité de celui qui en était tenu, le manquement à ce devoir d'information peut entraîner l'annulation du contrat dans les conditions prévues aux articles 1130 et suivants .",0,1,0.0,Non,Oui,Non,0,0,0
23/02366__2024-05-03,84,1112-1,"Dans le cadre de ces dispositions, pèse sur les entreprises d’assurance une obligation d’informer le candidat à la reprise lui permettant de mesurer les conséquences de son adhésion tant en terme de risques que d’avantages économiques.L’obligation d’information s’impose au moment de la conclusion du contrat et a pour objet d’éclairer le consentement du cocontractant et elle se présente comme une obligation pré-contractuelle.","Celle des parties qui connaît une information dont l'importance est déterminante pour le consentement de l'autre doit l'en informer dès lors que, légitimement, cette dernière ignore cette information ou fait confiance à son cocontractant. Néanmoins, ce devoir d'information ne porte pas sur l'estimation de la valeur de la prestation. Ont une importance déterminante les informations qui ont un lien direct et nécessaire avec le contenu du contrat ou la qualité des parties. Il incombe à celui qui prétend qu'une information lui était due de prouver que l'autre partie la lui devait, à charge pour cette autre partie de prouver qu'elle l'a fournie. Les parties ne peuvent ni limiter, ni exclure ce devoir. Outre la responsabilité de celui qui en était tenu, le manquement à ce devoir d'information peut entraîner l'annulation du contrat dans les conditions prévues aux articles 1130 et suivants .",0,0,,Non,"Non, application d’un régime spécial",,1,0,2
19/10481__2024-04-15,26,1112-1,"- Sur la responsabilité de la SASU GDP VENDOME IMMOBILIER, vendeur des locaux - Sur le manquement à l'obligation précontractuelle d'information L’obligation d’information précontractuelle consiste en l’obligation faite aux parties de donner à l’autre cocontractant les informations de nature à lui permettre de donner un consentement libre et éclairé dans la conclusion du contrat.","Celle des parties qui connaît une information dont l'importance est déterminante pour le consentement de l'autre doit l'en informer dès lors que, légitimement, cette dernière ignore cette information ou fait confiance à son cocontractant. Néanmoins, ce devoir d'information ne porte pas sur l'estimation de la valeur de la prestation. Ont une importance déterminante les informations qui ont un lien direct et nécessaire avec le contenu du contrat ou la qualité des parties. Il incombe à celui qui prétend qu'une information lui était due de prouver que l'autre partie la lui devait, à charge pour cette autre partie de prouver qu'elle l'a fournie. Les parties ne peuvent ni limiter, ni exclure ce devoir. Outre la responsabilité de celui qui en était tenu, le manquement à ce devoir d'information peut entraîner l'annulation du contrat dans les conditions prévues aux articles 1130 et suivants .",1,1,,Oui,Oui,,1,1,2
19/10481__2024-04-15,44,1112-1,"- Sur la responsabilité de la SAS CLINIQUE DE [7] venant aux droits et obligations de la SAS REPOS [4], preneur à bail - Sur le manquement à l'obligation précontractuelle d'information L’obligation d’information précontractuelle consiste en l’obligation faite aux parties de donner à l’autre cocontractant les informations de nature à lui permettre de donner un consentement libre et","Celle des parties qui connaît une information dont l'importance est déterminante pour le consentement de l'autre doit l'en informer dès lors que, légitimement, cette dernière ignore cette information ou fait confiance à son cocontractant. Néanmoins, ce devoir d'information ne porte pas sur l'estimation de la valeur de la prestation. Ont une importance déterminante les informations qui ont un lien direct et nécessaire avec le contenu du contrat ou la qualité des parties. Il incombe à celui qui prétend qu'une information lui était due de prouver que l'autre partie la lui devait, à charge pour cette autre partie de prouver qu'elle l'a fournie. Les parties ne peuvent ni limiter, ni exclure ce devoir. Outre la responsabilité de celui qui en était tenu, le manquement à ce devoir d'information peut entraîner l'annulation du contrat dans les conditions prévues aux articles 1130 et suivants .",1,1,,Oui,Oui,,1,1,2
19/10491__2024-04-15,44,1112-1,"- Sur la responsabilité de la SAS CLINIQUE DE [9] venant aux droits et obligations de la SAS REPOS [5], preneur à bail - Sur le manquement à l'obligation précontractuelle d'information L’obligation d’information précontractuelle consiste en l’obligation faite aux parties de donner à l’autre cocontractant les informations de nature à lui permettre de donner un consentement libre et","Celle des parties qui connaît une information dont l'importance est déterminante pour le consentement de l'autre doit l'en informer dès lors que, légitimement, cette dernière ignore cette information ou fait confiance à son cocontractant. Néanmoins, ce devoir d'information ne porte pas sur l'estimation de la valeur de la prestation. Ont une importance déterminante les informations qui ont un lien direct et nécessaire avec le contenu du contrat ou la qualité des parties. Il incombe à celui qui prétend qu'une information lui était due de prouver que l'autre partie la lui devait, à charge pour cette autre partie de prouver qu'elle l'a fournie. Les parties ne peuvent ni limiter, ni exclure ce devoir. Outre la responsabilité de celui qui en était tenu, le manquement à ce devoir d'information peut entraîner l'annulation du contrat dans les conditions prévues aux articles 1130 et suivants .",1,1,,Oui,Oui,,1,1,3
19/10495__2024-04-15,43,1112-1,"- Sur la responsabilité de la SAS CLINIQUE DE [8] venant aux droits et obligations de la SAS REPOS [3], preneur à bail - Sur le manquement à l'obligation précontractuelle d'information L’obligation d’information précontractuelle consiste en l’obligation faite aux parties de donner à l’autre cocontractant les informations de nature à lui permettre de donner un consentement libre et","Celle des parties qui connaît une information dont l'importance est déterminante pour le consentement de l'autre doit l'en informer dès lors que, légitimement, cette dernière ignore cette information ou fait confiance à son cocontractant. Néanmoins, ce devoir d'information ne porte pas sur l'estimation de la valeur de la prestation. Ont une importance déterminante les informations qui ont un lien direct et nécessaire avec le contenu du contrat ou la qualité des parties. Il incombe à celui qui prétend qu'une information lui était due de prouver que l'autre partie la lui devait, à charge pour cette autre partie de prouver qu'elle l'a fournie. Les parties ne peuvent ni limiter, ni exclure ce devoir. Outre la responsabilité de celui qui en était tenu, le manquement à ce devoir d'information peut entraîner l'annulation du contrat dans les conditions prévues aux articles 1130 et suivants .",0,1,1.0,Non,Oui,Oui,0,1,3
23/02474__2025-05-15,48,1113,"Mme [S] [K] reproche à cette offre : - d’avoir été formulée de façon informelle par mail à l’attention de l’avocat de la demanderesse.Or, une offre adressée à l’avocat de la victime, vaut offre.",Le contrat est formé par la rencontre d'une offre et d'une acceptation par lesquelles les parties manifestent leur volonté de s'engager. Cette volonté peut résulter d'une déclaration ou d'un comportement non équivoque de son auteur.,0,1,0.0,Non,Oui,"Non, faits ou prétentions des parties uniquement",0,0,0
24/04211__2024-09-06,21,1113,L’acceptation par le bénéficiaire des deux précédents paragraphes constitue un élément déterminant du consentement du prestataire sans lesquels il n’aurait pas accepté de contracter avec le bénéficiaire ».,Le contrat est formé par la rencontre d'une offre et d'une acceptation par lesquelles les parties manifestent leur volonté de s'engager. Cette volonté peut résulter d'une déclaration ou d'un comportement non équivoque de son auteur.,1,0,0.0,Oui,Non,"Non, faits ou prétentions des parties uniquement",0,0,2
22/01251__2024-09-17,5,1113,"L'acceptation du mandat ad litem par l'avocat est également tacite.Il est établi que l’acceptation tacite du mandat ne peut résulter, à défaut d’écrit ou de commencement de preuve par écrit, que de son exécution.",Le contrat est formé par la rencontre d'une offre et d'une acceptation par lesquelles les parties manifestent leur volonté de s'engager. Cette volonté peut résulter d'une déclaration ou d'un comportement non équivoque de son auteur.,0,1,1.0,Non,Oui,Oui,0,1,3
23/13433__2024-07-24,5,1113,"Elle soutient qu’elle a procédé au paiement du loyer correspondant à la somme proposée dans l’offre de renouvellement, caractérisant son acceptation tacite nonobstant l’absence de signature de l’acte authentique.Les consorts [P] contestent l’existence d’un bail oral intervenu à compter du 1er janvier 2015.",Le contrat est formé par la rencontre d'une offre et d'une acceptation par lesquelles les parties manifestent leur volonté de s'engager. Cette volonté peut résulter d'une déclaration ou d'un comportement non équivoque de son auteur.,0,0,,Non,"Non, faits uniquement",,1,0,2
23/06480__2024-03-01,33,1114,"C'est à tort que le bailleur conteste l'existence de l'accord précité aux motifs que le preneur a posé au cours des pourparlers la condition d'obtenir l'autorisation de l'Agence Régionale de Santé, que l'accord n'a pas été formalisé par écrit et que la durée de 10 ans non acceptée par le preneur était un élément déterminant du consentement du bailleur, alors qu'il résulte des factures susmentionnées qu'il a manifestement exécuté ledit accord","L'offre, faite à personne déterminée ou indéterminée, comprend les éléments essentiels du contrat envisagé et exprime la volonté de son auteur d'être lié en cas d'acceptation. A défaut, il y a seulement invitation à entrer en négociation.",0,1,0.0,Non,Oui,Non,0,0,4
23/00394__2025-01-16,10,1114,"De plus, contrairement aux devis du 3 février 2022, ils ne comportent aucune durée de validité.Ces devis constituent donc des offres de contracter à durée illimitée, et l’accord des époux [O] en date du 16 juin 2021 constitue une acceptation expresse qui forme le contrat.","L'offre, faite à personne déterminée ou indéterminée, comprend les éléments essentiels du contrat envisagé et exprime la volonté de son auteur d'être lié en cas d'acceptation. A défaut, il y a seulement invitation à entrer en négociation.",1,0,1.0,Oui,Non,Oui,0,1,0
20/02395__2025-05-27,136,1114,Il n’est pas justifié d’une offre avant les conclusions du BCF notifiées le 23 mai 2024.Celles-ci n’apparaissent pas manifestement insuffisantes.,"L'offre, faite à personne déterminée ou indéterminée, comprend les éléments essentiels du contrat envisagé et exprime la volonté de son auteur d'être lié en cas d'acceptation. A défaut, il y a seulement invitation à entrer en négociation.",0,0,,Non,"Non, faits uniquement",,1,0,3
22/03904__2024-03-28,14,1118,"Cette affirmation est exacte, mais la bonne réception de la demande de Monsieur [E] [L] n'en signifie pas pour autant l'acceptation.","L'acceptation est la manifestation de volonté de son auteur d'être lié dans les termes de l'offre. Tant que l'acceptation n'est pas parvenue à l'offrant, elle peut être librement rétractée, pourvu que la rétractation parvienne à l'offrant avant l'acceptation. L'acceptation non conforme à l'offre est dépourvue d'effet, sauf à constituer une offre nouvelle.",1,0,1.0,Oui,"Non, faits uniquement",Oui,0,1,2
23/03786__2025-04-15,8,1118,"L’acceptation du bénéficiaire de la promesse ne ressort donc pas pure et simple, en l’absence de rencontre des volontés univoque sur la chose, le bénéficiaire de la promesse la demandant libre de tout occupant, ajoutant en cela une condition non stipulée par le promettant.","L'acceptation est la manifestation de volonté de son auteur d'être lié dans les termes de l'offre. Tant que l'acceptation n'est pas parvenue à l'offrant, elle peut être librement rétractée, pourvu que la rétractation parvienne à l'offrant avant l'acceptation. L'acceptation non conforme à l'offre est dépourvue d'effet, sauf à constituer une offre nouvelle.",1,1,,Oui,Oui,,1,1,4
23/02653__2025-03-11,38,1118,"Madame [U] [C] née [V] fait valoir que la consultation du fichier effectuée le 19 septembre 2017 est intervenue après la décision d’octroyer le crédit à la date du 15 septembre 2017.Il est relevé que l’acceptation du contrat ne résulte pas de sa simple signature mais de l’absence de rétractation par l’emprunteur et de l’acceptation de l’emprunteur par le prêteur, cette acceptation pouvant être tacite et intervenir par le déblocage des fonds.","L'acceptation est la manifestation de volonté de son auteur d'être lié dans les termes de l'offre. Tant que l'acceptation n'est pas parvenue à l'offrant, elle peut être librement rétractée, pourvu que la rétractation parvienne à l'offrant avant l'acceptation. L'acceptation non conforme à l'offre est dépourvue d'effet, sauf à constituer une offre nouvelle.",0,0,,Non,Non,,1,0,0
23/00030__2024-07-02,17,1118,"En revanche, il convient de rejeter la demande en paiement de 120 €, celle-ci apparaissant sur un document intitulé "" services complémentaire "" lequel n'a pas fait l'objet d'une acceptation contractuelle par la partie défenderesse.","L'acceptation est la manifestation de volonté de son auteur d'être lié dans les termes de l'offre. Tant que l'acceptation n'est pas parvenue à l'offrant, elle peut être librement rétractée, pourvu que la rétractation parvienne à l'offrant avant l'acceptation. L'acceptation non conforme à l'offre est dépourvue d'effet, sauf à constituer une offre nouvelle.",1,0,0.0,Oui,Non,"Non, faits ou prétentions des parties uniquement",0,0,1
23/10709__2024-11-20,10,1118,"En revanche, la proposition d’indemnisation chiffrée adressée par mail le 14 février 2024 et dont le demandeur sollicite l’exécution est sans aucune ambiguïté conditionnée à la signature d’un protocole d’accord et au désistement par Monsieur [P] [D] de l’action introduite devant la présente juridiction.Or, Monsieur [P] [D] ne justifie pas de l’acceptation de cette proposition.","L'acceptation est la manifestation de volonté de son auteur d'être lié dans les termes de l'offre. Tant que l'acceptation n'est pas parvenue à l'offrant, elle peut être librement rétractée, pourvu que la rétractation parvienne à l'offrant avant l'acceptation. L'acceptation non conforme à l'offre est dépourvue d'effet, sauf à constituer une offre nouvelle.",1,0,0.0,Oui,Non,Non,0,0,0
21/04032__2025-03-21,14,1119,"En cas de discordance entre des conditions générales et des conditions particulières, les secondes doivent toutefois primer sur les premières.Il appartient dès lors à la SARL VOLUBILIS III de rapporter la preuve de l’existence d’une telle discordance.","Les conditions générales invoquées par une partie n'ont effet à l'égard de l'autre que si elles ont été portées à la connaissance de celle-ci et si elle les a acceptées. En cas de discordance entre des conditions générales invoquées par l'une et l'autre des parties, les clauses incompatibles sont sans effet. En cas de discordance entre des conditions générales et des conditions particulières, les secondes l'emportent sur les premières.",1,1,,Oui,Oui,,1,1,1
17/14643__2025-04-11,24,1119,"Or en l’espèce si la MAAF produit un document intitulé « conventions spéciales n°5B » édité en mai 2007, n’incluant pas la garantie des dommages intermédiaires, force est de constater qu’elle ne justifie pas que ces conditions générales soient opposables à l’assuré dès lors que les attestations d’assurance ne visent pas expressément ces conventions spéciales.","Les conditions générales invoquées par une partie n'ont effet à l'égard de l'autre que si elles ont été portées à la connaissance de celle-ci et si elle les a acceptées. En cas de discordance entre des conditions générales invoquées par l'une et l'autre des parties, les clauses incompatibles sont sans effet. En cas de discordance entre des conditions générales et des conditions particulières, les secondes l'emportent sur les premières.",1,0,1.0,Oui,"Non, faits uniquement",Oui,0,1,2
24/00467__2025-04-01,16,1119,"Il est en outre relevé comme le soutiennent la société des Petits Trains de [Localité 13] et M. [V] que les conditions générales versées au contrat ne comportent pas la référence 214929 stipulée dans les conditions particulières, de sorte qu’il n’est pas possible de déterminer si ce sont bien ces conditions générales qui sont applicables.","Les conditions générales invoquées par une partie n'ont effet à l'égard de l'autre que si elles ont été portées à la connaissance de celle-ci et si elle les a acceptées. En cas de discordance entre des conditions générales invoquées par l'une et l'autre des parties, les clauses incompatibles sont sans effet. En cas de discordance entre des conditions générales et des conditions particulières, les secondes l'emportent sur les premières.",1,1,,Oui,Oui,,1,1,3
22/09129__2024-06-25,24,1119,"» I.B.2.a – Sur l’opposabilité des conditions générales : Contrairement à ce qu’allègue le demandeur, la police d’assurance signée par la société SMART PROJECT stipule en dernière page des conditions particulières signées par celle-ci que le contrat est constitué entre autres, outre des conditions particulières, par les conditions générales.","Les conditions générales invoquées par une partie n'ont effet à l'égard de l'autre que si elles ont été portées à la connaissance de celle-ci et si elle les a acceptées. En cas de discordance entre des conditions générales invoquées par l'une et l'autre des parties, les clauses incompatibles sont sans effet. En cas de discordance entre des conditions générales et des conditions particulières, les secondes l'emportent sur les premières.",0,1,0.0,Non,Oui,"Non, faits ou prétentions des parties uniquement",0,0,3
23/00604__2024-11-15,4,1119,Il y a ainsi lieu de constater qu’AXA a manifestement respecté le délai de 3 mois visé dans les conditions générales.Les clauses des conditions particulières d'une police d'assurance ont prééminence sur celles des conditions générales au cas où celles-ci sont inconciliables avec elles.,"Les conditions générales invoquées par une partie n'ont effet à l'égard de l'autre que si elles ont été portées à la connaissance de celle-ci et si elle les a acceptées. En cas de discordance entre des conditions générales invoquées par l'une et l'autre des parties, les clauses incompatibles sont sans effet. En cas de discordance entre des conditions générales et des conditions particulières, les secondes l'emportent sur les premières.",1,1,,Oui,Oui,,1,1,4
19/00020__2025-04-01,3,1119,"En réponse, à titre liminaire, la GMF souligne dans ses écritures que les conditions particulières produites par M. [J] et renvoyant à ses conditions générales d’avril 2002 ne sont pas applicables au présent litige, les premières ayant été modifiées pour renvoyer à de nouvelles conditions générales éditées en avril 2015.","Les conditions générales invoquées par une partie n'ont effet à l'égard de l'autre que si elles ont été portées à la connaissance de celle-ci et si elle les a acceptées. En cas de discordance entre des conditions générales invoquées par l'une et l'autre des parties, les clauses incompatibles sont sans effet. En cas de discordance entre des conditions générales et des conditions particulières, les secondes l'emportent sur les premières.",0,1,0.0,Non,Oui,"Non, faits ou prétentions des parties uniquement",0,0,0
23/00030__2024-07-02,17,1121,"En revanche, il convient de rejeter la demande en paiement de 120 €, celle-ci apparaissant sur un document intitulé "" services complémentaire "" lequel n'a pas fait l'objet d'une acceptation contractuelle par la partie défenderesse.",Le contrat est conclu dès que l'acceptation parvient à l'offrant. Il est réputé l'être au lieu où l'acceptation est parvenue.,0,0,,Non,Non,,1,0,1
23/00169__2024-12-24,17,1122,"L’absence d’informations sur le droit de rétractation dans un délai de quatorze jours, dans le devis du 3 mars 2021 implicitement accepté, implique une prolongation de ce délai de douze mois, soit jusqu’au 17 mars 2022.","La loi ou le contrat peuvent prévoir un délai de réflexion, qui est le délai avant l'expiration duquel le destinataire de l'offre ne peut manifester son acceptation ou un délai de rétractation, qui est le délai avant l'expiration duquel son bénéficiaire peut rétracter son consentement.",0,0,,Non,Non,,1,0,0
23/03786__2025-04-15,4,1124,"En l’espèce, la proposition de vente de la SCI Mas des rosiers du 19 août 2019 ne comporte pas, en contrepartie de l’engagement de vendre, un engagement corrélatif d’acheter à la charge du bénéficiaire, nécessaire pour constituer une promesse synallagmatique de vente.Elle constitue donc une promesse unilatérale de vente.","La promesse unilatérale est le contrat par lequel une partie, le promettant, accorde à l'autre, le bénéficiaire, le droit d'opter pour la conclusion d'un contrat dont les éléments essentiels sont déterminés, et pour la formation duquel ne manque que le consentement du bénéficiaire. La révocation de la promesse pendant le temps laissé au bénéficiaire pour opter n'empêche pas la formation du contrat promis. Le contrat conclu en violation de la promesse unilatérale avec un tiers qui en connaissait l'existence est nul.",1,1,,Oui,Oui,,1,1,4
23/03596__2024-06-27,30,1126,"En l'espèce, la SA LA BANQUE POSTALE CONSUMER FINANCE communique l'offre de contrat datée et signée par voie électronique, comportant une clause selon laquelle l'emprunteur reconnaît avoir reçu la fiche d'information.",Les informations qui sont demandées en vue de la conclusion d'un contrat ou celles qui sont adressées au cours de son exécution peuvent être transmises par courrier électronique si leur destinataire a accepté l'usage de ce moyen.,0,1,0.0,Non,Oui,"Non, faits ou prétentions des parties uniquement",0,0,0
20/01449__2024-01-16,7,1126,"Dans le cadre de ses écritures, la CPAM des Bouches-du-Rhône soutient que ces courriers ont été notifiés par la voie électronique via le compte Ameli de l’assuré ; modalité de communication à laquelle ce dernier aurait expressément consenti lors de la création de son compte via l’acceptation des conditions générales d’utilisation.",Les informations qui sont demandées en vue de la conclusion d'un contrat ou celles qui sont adressées au cours de son exécution peuvent être transmises par courrier électronique si leur destinataire a accepté l'usage de ce moyen.,0,0,,Non,Non,,1,0,0
23/02642__2024-08-05,9,1127-4,"En effet, il ne s’agit que d’une copie de sa fiche de saisine du 5 août 2021, portant l’horodatage suivant « 2021 AOU 09 11:13:48 », sans que n’apparaisse sur ce document le tampon de la CCAPEX ou une quelconque mention permettant de confirmer que c’est bien la CCAPEX qui a reçu ce document.","Hors les cas prévus aux articles 1125 et 1126 , la remise d'un écrit électronique est effective lorsque le destinataire, après avoir pu en prendre connaissance, en a accusé réception. Si une disposition prévoit que l'écrit doit être lu au destinataire, la remise d'un écrit électronique à l'intéressé dans les conditions prévues au premier alinéa vaut lecture.",0,0,,Non,Non,,1,0,1
22/05847__2024-06-24,4,1127-4,"Si l’on peut admettre que la date d’émission de ce courriel est déterminée, en revanche, rien n’indique qu’il ait été reçu ou remis à son destinataire, les défendeurs s’étant abstenus de solliciter un accusé de réception, ce qui est toujours possible.Ils n’expliquent pas pourquoi ils n’ont pas utilisé un mode de transmission plus fiable, tel que ceux énoncés dans l’acte.","Hors les cas prévus aux articles 1125 et 1126 , la remise d'un écrit électronique est effective lorsque le destinataire, après avoir pu en prendre connaissance, en a accusé réception. Si une disposition prévoit que l'écrit doit être lu au destinataire, la remise d'un écrit électronique à l'intéressé dans les conditions prévues au premier alinéa vaut lecture.",1,1,,Oui,Oui,,1,1,4
23/00733__2025-02-11,3,1128,"D’ailleurs, le fait de se rendre auprès d’un conseil est de nature à démontrer leurs suspicions quant au contrat conclu.En effet, les demandeurs qui considèrent que l’absence délibérée de présentation de la rentabilité de l’installation dans le contrat constituent une réticence dolosive de nature à vicier leur consentement lors de la conclusion contrat, produisent les factures de production couvrant la période du 04 juin 2014 au 03 juin 2021.",Sont nécessaires à la validité d'un contrat : 1° Le consentement des parties ; 2° Leur capacité de contracter ; 3° Un contenu licite et certain.,0,1,0.0,Non,Oui,"Non, faits ou prétentions des parties uniquement",0,0,2
22/04964__2024-05-24,1,1129,Il est de jurisprudence constante que la mention stipulée dans un acte notarié aux termes de laquelle le disposant est sain d’esprit peut être combattue par tout moyen.,"Conformément à l'article 414-1 , il faut être sain d'esprit pour consentir valablement à un contrat.",0,1,0.0,Non,Oui,Non,0,0,2
21/00544__2024-04-25,69,1129,"Il convient toutefois de souligner que dans le contexte très spécifique d’une audition dans le cadre d’une procédure pénale, l’intéressé peut tout à fait avoir orienté ses réponses et même menti, notamment sur l’existence de testaments ou la composition de son patrimoine de sorte qu’il ne saurait être déduit du caractère objectivement erroné de certaines déclarations, que [D] [A] n’était pas sain d’esprit, alors qu’au contraire, il ressort de cette pièce qu’il","Conformément à l'article 414-1 , il faut être sain d'esprit pour consentir valablement à un contrat.",0,1,0.0,Non,Oui,"Non, faits ou prétentions des parties uniquement",0,0,3
22/10700__2024-01-11,17,1130,"Ainsi, le consentement de [Y] [B] a été vicié par une erreur de fait qui entraine la nullité de l’acte d’aquiescement signé le 26 septembre 2022.Le dol et les violences ne sont pas établis.","L'erreur, le dol et la violence vicient le consentement lorsqu'ils sont de telle nature que, sans eux, l'une des parties n'aurait pas contracté ou aurait contracté à des conditions substantiellement différentes. Leur caractère déterminant s'apprécie eu égard aux personnes et aux circonstances dans lesquelles le consentement a été donné.",1,1,,Oui,Oui,,1,1,0
22/10700__2024-01-11,7,1130,"En réponse, la demanderesse conteste la fin de non recevoir soulevée soutenant que sa demande est recevable dans la mesure ou l’acte d’acquiescement est vicié par l’erreur de droit ou de fait, le dol et la violence et qu’à titre subsidiaire si l’acquiessement était retenu, il ne devait l’être qu’à hauteur de la somme saisie soit la somme de 1 884,65 euros.","L'erreur, le dol et la violence vicient le consentement lorsqu'ils sont de telle nature que, sans eux, l'une des parties n'aurait pas contracté ou aurait contracté à des conditions substantiellement différentes. Leur caractère déterminant s'apprécie eu égard aux personnes et aux circonstances dans lesquelles le consentement a été donné.",0,1,0.0,Non,Oui,"Non, faits ou prétentions des parties uniquement",0,0,0
20/03155__2024-05-14,13,1131, à l'assureur. La caractérisation d'une réticence ouvrant droit à nullité exige une parfaite dissimulation du renseignement dont la connaissance était utile au cocontractant.,Les vices du consentement sont une cause de nullité relative du contrat.,1,1,,Oui,Oui,,1,1,1
24/02382__2024-12-12,6,1131,Monsieur [S] [I] entend prochainement obtenir l'annulation judiciaire de la vente en faisant valoir un vice du consentement.,Les vices du consentement sont une cause de nullité relative du contrat.,0,1,0.0,Non,Oui,"Non, faits ou prétentions des parties uniquement",0,0,4
23/03699__2024-11-15,4,1131,"S'agissant de la prescription de la nullité pour dol, il doit être recherché la date à laquelle elle a eu connaissance des manœuvres ou de la réticence de son vendeur installateur. S’il est évident que celles-ci n'ont pu être connues à la date de signature du contrat, il ressort du commentaire apposé par Mme [B] [O] sur le bilan de factures de son fournisseur d’électricité relative à la période décembre 2015 à décembre 2016, à savoir “V",Les vices du consentement sont une cause de nullité relative du contrat.,0,1,0.0,Non,Oui,Non,0,0,2
23/09002__2024-07-03,38,1131,"En l’espèce, M. [Z] [V] et Mme [H] [V], née [J] demandent que le contrat de vente soit déclaré nul pour cause de dol, au motif que la SARL UNIVERSEL ENERGIE a présenté l'installation photovoltaïque comme étant rentable, voire autofinancée.",Les vices du consentement sont une cause de nullité relative du contrat.,1,1,,Oui,Oui,,1,1,4
23/06224__2024-10-28,9,1144,"Sur l'action en nullité pour dol   L’action en nullité du contrat de vente pour dol se prescrit par cinq ans à compter du jour où il a été découvert.En l'espèce, la première facture d'électricité a été établie le 18 avril 2012 pour la période du 28 avril 2011 au 27 avril 2012.","Le délai de l'action en nullité ne court, en cas d'erreur ou de dol, que du jour où ils ont été découverts et, en cas de violence, que du jour où elle a cessé.",1,1,,Oui,Oui,,1,1,2
23/10620__2024-12-02,8,1144,"Sur l'action en nullité pour dol L’action en nullité du contrat de vente pour dol se prescrit par cinq ans à compter du jour où il a été découvert.En l'espèce, le requérant soutient avoir été dupé quant à l'autofinancement de l'installation.","Le délai de l'action en nullité ne court, en cas d'erreur ou de dol, que du jour où ils ont été découverts et, en cas de violence, que du jour où elle a cessé.",1,1,,Oui,Oui,,1,1,2
24/04782__2025-01-28,4,115,"Le juge peut, à tout moment modifier la mission de l'administrateur, la prolonger, y mettre fin à la demande de l'administrateur provisoire, même si celui -ci n'a été désigné que pour convoquer l'assemblée générale en vue de la désignation d'un syndic.","Le juge peut, à tout moment et même d'office, mettre fin à la mission de la personne ainsi désignée ; il peut également procéder à son remplacement.",0,0,,Non,"Non, application d’un régime spécial",,1,0,0
23/03090__2024-11-04,7,1152,Il précise qu’en l’espèce le décès de Madame [F] [K] veuve [B] étant intervenu le [Date décès 6] 2015 la prescription de l’action en recel successoral était acquise à la date du [Date décès 6] 2020 soit plus de 3 ans avant la délivrance de l’assignation de la présente action.,"La prescription de l'action court : 1° A l'égard des actes faits par un mineur, du jour de la majorité ou de l'émancipation ; 2° A l'égard des actes faits par un majeur protégé, du jour où il en a eu connaissance alors qu'il était en situation de les refaire valablement ; 3° A l'égard des héritiers de la personne en tutelle ou en curatelle ou de la personne faisant l'objet d'une habilitation familiale, du jour du décès si elle n'a commencé à courir auparavant.",0,0,,Non,Non,,1,0,1
23/00497__2025-02-18,10,1154,"Le fait que la personne physique effectuant les actes de gestion de la société MC IMMOBILIER, issue d’un changement de dénomination de la société JOOS IMMOBILIER, a effectué des démarches après la cession de parts est sans impact sur la responsabilité, celle-ci étant attachée à la personne morale peut importe le changement de gestion.","Lorsque le représentant agit dans la limite de ses pouvoirs au nom et pour le compte du représenté, celui-ci est seul tenu de l'engagement ainsi contracté. Lorsque le représentant déclare agir pour le compte d'autrui mais contracte en son propre nom, il est seul engagé à l'égard du cocontractant.",0,0,,Non,Non,,1,0,2
24/01096__2025-02-06,11,1156,"Par ailleurs, le signataire de celle-ci n’est pas nommé et ne peut être identifié de sorte qu’il nest pas justifié du fait que la personne ayant signé l’opposition pouvait valablement représenter la société en justice.L’opposition est donc irrecevable.","L'acte accompli par un représentant sans pouvoir ou au-delà de ses pouvoirs est inopposable au représenté, sauf si le tiers contractant a légitimement cru en la réalité des pouvoirs du représentant, notamment en raison du comportement ou des déclarations du représenté. Lorsqu'il ignorait que l'acte était accompli par un représentant sans pouvoir ou au-delà de ses pouvoirs, le tiers contractant peut en invoquer la nullité. L'inopposabilité comme la nullité de l'acte ne peuvent plus être invoquées dès lors que le représenté l'a ratifié.",0,0,,Non,Non,,1,0,3
16/16409__2024-04-04,83,1163,"Soit au total un montant justifié de 5.708,39 € TTC. Il n’est pas justifié de la facture CPL d’un montant de 828,70 € alléguée en demande, la nature même de l’intervention auquel il aurait été procédé au titre de cette facture n’étant pas, au surplus, déterminée ni déterminable.","L'obligation a pour objet une prestation présente ou future. Celle-ci doit être possible et déterminée ou déterminable. La prestation est déterminable lorsqu'elle peut être déduite du contrat ou par référence aux usages ou aux relations antérieures des parties, sans qu'un nouvel accord des parties soit nécessaire.",1,1,,Oui,Oui,,1,1,0
23/04733__2025-02-04,61,1163,"En l'absence de production de devis, il est d'usage de les fixer forfaitairement.L'experte a retenu un forfait de 40 €/m²U, soit 6 365 euros, ce qui sera retenu.","L'obligation a pour objet une prestation présente ou future. Celle-ci doit être possible et déterminée ou déterminable. La prestation est déterminable lorsqu'elle peut être déduite du contrat ou par référence aux usages ou aux relations antérieures des parties, sans qu'un nouvel accord des parties soit nécessaire.",0,1,0.0,Non,Oui,Non,0,0,2
22/08349__2024-07-02,8,1169,"Il ne peut donc être affirmé que ce contrat, sur lequel, à l'exception d'un versement libre, n'ont été faits que des versements mensuels d'un montant modeste compris entre 50 et 70 €, ne présentait aucune utilité économique.En l'absence de caractère réel et irrévocable du dépouillement opéré au moyen de ce contrat, il ne revêt pas le caractère d'une donation déguisée.","Un contrat à titre onéreux est nul lorsque, au moment de sa formation, la contrepartie convenue au profit de celui qui s'engage est illusoire ou dérisoire.",0,0,,Non,Non,,1,0,3
23/06468__2024-12-20,18,1170,"Aussi est-il nécessaire de s'assurer, d'une part, que cette clause est limitée, claire et précise et, d'autre part, qu'elle n'a pas pour effet de neutraliser le caractère contraignant de l'obligation essentielle résultant du contrat en dispensant la société IMMOBILIERE 3F d'exécuter son obligation.",Toute clause qui prive de sa substance l'obligation essentielle du débiteur est réputée non écrite.,1,1,,Oui,Oui,,1,1,3
22/05928__2024-07-09,5,1170,"Il est de principe que toute clause qui prive de sa substance l’obligation essentielle du débiteur est réputée non écrite.En l’espèce, Madame [L] [A] a attrait en justice la société Batigère en Île-de-France afin que celle-ci soit condamnée, sur le fondement de son obligation de délivrance, à l’indemniser des préjudices subis en raison des dégâts des eaux ayant successivement affecté ses locaux.",Toute clause qui prive de sa substance l'obligation essentielle du débiteur est réputée non écrite.,1,1,,Oui,Oui,,1,1,4
22/05928__2024-07-09,11,1170,"Aussi est-il nécessaire de s'assurer, d'une part, que cette clause est limitée, claire et précise et, d'autre part, qu’elle n’a pas pour effet de neutraliser le caractère contraignant de l’obligation essentielle résultant du contrat en dispensant la société Batigère en Île-de-France d’exécuter son obligation.",Toute clause qui prive de sa substance l'obligation essentielle du débiteur est réputée non écrite.,1,1,,Oui,Oui,,1,1,4
23/01662__2025-05-14,24,1171,"Il ne crée aucun déséquilibre significatif entre les parties au contrat (en ce sens 3e Civ., 24 octobre 2012, pourvoi n° 11-17.800, Bull. 2012, III, n° 152) et il doit donc recevoir application (en ce sens 3e Civ., 04 avril 2013, pourvoi n° 12-16.787).","Dans un contrat d'adhésion, toute clause non négociable, déterminée à l'avance par l'une des parties, qui crée un déséquilibre significatif entre les droits et obligations des parties au contrat est réputée non écrite. L'appréciation du déséquilibre significatif ne porte ni sur l'objet principal du contrat ni sur l'adéquation du prix à la prestation.",0,1,1.0,Non,Oui,Oui,0,1,4
24/07408__2025-03-06,23,1171,"2220êl), la même Cour de justice de l'Union européenne a dit pour droit que l'arrêt précité devait être interprété en ce sens que les critères qu'il dégageait pour l'appréciation du caractère abusif d'une clause contractuelle, notamment du déséquilibre significatif entre les droits et les obligations des parties au contrat que cette clause créait au détriment du consommateur, ne pouvaient être compris ni comme étant cumulatifs ni comme étant alternatifs, mais devaient être compris comme faisant partie de l","Dans un contrat d'adhésion, toute clause non négociable, déterminée à l'avance par l'une des parties, qui crée un déséquilibre significatif entre les droits et obligations des parties au contrat est réputée non écrite. L'appréciation du déséquilibre significatif ne porte ni sur l'objet principal du contrat ni sur l'adéquation du prix à la prestation.",0,0,,Non,"Non, application d’un régime spécial",,1,0,1
20/02289__2024-11-08,13,1171,"Cette clause est réputée abusive et est inopposable au consommateur au titre des dispositions précitées, sauf pour Monsieur [L] [H] d’apporter la preuve de ce qu’elle ne créerait pas un déséquilibre significatif entre les droits et obligations des parties au contrat.Monsieur [L] [H] ne rapportant pas la preuve du caractère non-abusif de la clause, cette dernière est inopposable aux consorts [U]-[M].","Dans un contrat d'adhésion, toute clause non négociable, déterminée à l'avance par l'une des parties, qui crée un déséquilibre significatif entre les droits et obligations des parties au contrat est réputée non écrite. L'appréciation du déséquilibre significatif ne porte ni sur l'objet principal du contrat ni sur l'adéquation du prix à la prestation.",0,0,,Non,"Non, application d’un régime spécial",,1,0,2
23/05748__2025-04-01,11,1171,"Par arrêt du 8 décembre 2022 (CJUE, arrêt du 8 décembre 2022, [Adresse 7], C-600/21), elle a dit pour droit que l’arrêt précité devait être interprété en ce sens que les critères qu’il dégageait pour l’appréciation du caractère abusif d’une clause contractuelle, notamment du déséquilibre significatif entre les droits et les obligations des parties au contrat que cette clause créait au détriment du consommateur, ne pouvaient être compris ni comme","Dans un contrat d'adhésion, toute clause non négociable, déterminée à l'avance par l'une des parties, qui crée un déséquilibre significatif entre les droits et obligations des parties au contrat est réputée non écrite. L'appréciation du déséquilibre significatif ne porte ni sur l'objet principal du contrat ni sur l'adéquation du prix à la prestation.",0,0,,Non,"Non, application d’un régime spécial",,1,0,2
23/08794__2024-12-16,11,1172,"Le contrat de prêt est un contrat réel qui se forme, outre par la rencontre des volontés, par la remise de la chose dont il est l’objet.","Les contrats sont par principe consensuels. Par exception, la validité des contrats solennels est subordonnée à l'observation de formes déterminées par la loi à défaut de laquelle le contrat est nul, sauf possible régularisation. En outre, la loi subordonne la formation de certains contrats à la remise d'une chose.",1,1,,Oui,Oui,,1,1,1
24/01601__2024-07-18,13,1174,Il appartient donc à la banque de prouver qu'il y a eu usage d'un procédé fiable d'identification garantissant le lien de la signature identifiant le signataire avec l'acte auquel la signature s'attache.,"Lorsqu'un écrit est exigé pour la validité d'un contrat, il peut être établi et conservé sous forme électronique dans les conditions prévues aux articles 1366 et 1367 et, lorsqu'un acte authentique est requis, au deuxième alinéa de l'article 1369 . Lorsqu'est exigée une mention écrite de la main même de celui qui s'oblige, ce dernier peut l'apposer sous forme électronique si les conditions de cette apposition sont de nature à garantir qu'elle ne peut être effectuée que par lui-même.",0,1,0.0,Non,Oui,Non,0,0,4
24/00224__2024-07-02,3,1174,"Il lui appartient donc de démontrer que la signature électronique est sécurisée, qu'elle a été obtenue dans les conditions fixées par le décret n°2017-1416 du 28 septembre 2017, que sa fiabilité est présumée et qu'il y a eu usage d'un procédé fiable d'identification garantissant le lien de la signature identifiant le signataire avec l'acte auquel la signature s'attache.","Lorsqu'un écrit est exigé pour la validité d'un contrat, il peut être établi et conservé sous forme électronique dans les conditions prévues aux articles 1366 et 1367 et, lorsqu'un acte authentique est requis, au deuxième alinéa de l'article 1369 . Lorsqu'est exigée une mention écrite de la main même de celui qui s'oblige, ce dernier peut l'apposer sous forme électronique si les conditions de cette apposition sont de nature à garantir qu'elle ne peut être effectuée que par lui-même.",0,1,0.0,Non,Oui,Non,0,0,0
23/03279__2024-07-04,21,1174,Un écrit constitué d'un copier-coller d'une signature ne correspond pas aux conditions définies par le décret n°2017-1416 du 28 septembre 2017 relatif à la signature électronique.21.,"Lorsqu'un écrit est exigé pour la validité d'un contrat, il peut être établi et conservé sous forme électronique dans les conditions prévues aux articles 1366 et 1367 et, lorsqu'un acte authentique est requis, au deuxième alinéa de l'article 1369 . Lorsqu'est exigée une mention écrite de la main même de celui qui s'oblige, ce dernier peut l'apposer sous forme électronique si les conditions de cette apposition sont de nature à garantir qu'elle ne peut être effectuée que par lui-même.",0,1,0.0,Non,Oui,Non,0,0,1
23/03279__2024-07-04,25,1174,"Les défendeurs à l'incident ne parviennent pas à démontrer que Monsieur [A] a effectivement apposé sa signature, même par copier-coller, par ce document qui ne peut être considéré comme un procédé fiable d'identification de son auteur ou du consentement d'icelui dans les conditions qui précèdent.24.","Lorsqu'un écrit est exigé pour la validité d'un contrat, il peut être établi et conservé sous forme électronique dans les conditions prévues aux articles 1366 et 1367 et, lorsqu'un acte authentique est requis, au deuxième alinéa de l'article 1369 . Lorsqu'est exigée une mention écrite de la main même de celui qui s'oblige, ce dernier peut l'apposer sous forme électronique si les conditions de cette apposition sont de nature à garantir qu'elle ne peut être effectuée que par lui-même.",1,1,,Oui,Oui,,1,1,1
20/07784__2025-03-25,12,1178,"Ce moyen de nullité est donc inopérant.Par conséquent, l’association PATRIMOINE RESIDENCES MEUBLEES [Localité 5] sera déboutée de sa demande de nullité du contrat pluri-annuel qu’elle a conclu le 24 octobre 2016 avec la SAS TCWD.","Un contrat qui ne remplit pas les conditions requises pour sa validité est nul. La nullité doit être prononcée par le juge, à moins que les parties ne la constatent d'un commun accord. Le contrat annulé est censé n'avoir jamais existé. Les prestations exécutées donnent lieu à restitution dans les conditions prévues aux articles 1352 à 1352-9 . Indépendamment de l'annulation du contrat, la partie lésée peut demander réparation du dommage subi dans les conditions du droit commun de la responsabilité extracontractuelle.",0,1,0.0,Non,Oui,Non,0,0,3
22/00089__2024-06-12,13,1178,"La Compagnie d'assurance MAPA peut par conséquent valablement invoquer la nullité du contrat d’assurance pour défaut de pouvoir. S’il est exact que postérieurement à la signature du contrat, la société ALBARINO a exécuté le contrat, ceci ne peut emporter ratification, au regard des manœuvres frauduleuses de Monsieur [Y], qui a signé le contrat alors qu’il ne disposait d’aucun pouvoir dans la société et","Un contrat qui ne remplit pas les conditions requises pour sa validité est nul. La nullité doit être prononcée par le juge, à moins que les parties ne la constatent d'un commun accord. Le contrat annulé est censé n'avoir jamais existé. Les prestations exécutées donnent lieu à restitution dans les conditions prévues aux articles 1352 à 1352-9 . Indépendamment de l'annulation du contrat, la partie lésée peut demander réparation du dommage subi dans les conditions du droit commun de la responsabilité extracontractuelle.",1,1,,Oui,Oui,,1,1,4
23/10219__2024-12-09,43,1178,"1La nullité du contrat principal n’ayant pas été retenue, il ne saurait y avoir annulation du contrat accessoire de ce seul chef, le tribunal n’ayant, de ce fait, pas à rechercher si en raison des effets de la nullité, la banque serait ou non privée de sa créance de restitution à raison d’une faute commise par elle quant à l’absence de vérification de la validité du contrat principal. III.","Un contrat qui ne remplit pas les conditions requises pour sa validité est nul. La nullité doit être prononcée par le juge, à moins que les parties ne la constatent d'un commun accord. Le contrat annulé est censé n'avoir jamais existé. Les prestations exécutées donnent lieu à restitution dans les conditions prévues aux articles 1352 à 1352-9 . Indépendamment de l'annulation du contrat, la partie lésée peut demander réparation du dommage subi dans les conditions du droit commun de la responsabilité extracontractuelle.",0,1,0.0,Non,Oui,Non,0,0,0
22/02769__2024-09-12,41,1178,"En conséquence, le changement de clause bénéficiaire du 24 octobre 2018 portant sur le contrat PEP assurance BNP n°00936420001 doit être déclaré nul pour vice du consentement de son auteur, [L] [T].L’annulation produit un anéantissement rétroactif de l’acte.","Un contrat qui ne remplit pas les conditions requises pour sa validité est nul. La nullité doit être prononcée par le juge, à moins que les parties ne la constatent d'un commun accord. Le contrat annulé est censé n'avoir jamais existé. Les prestations exécutées donnent lieu à restitution dans les conditions prévues aux articles 1352 à 1352-9 . Indépendamment de l'annulation du contrat, la partie lésée peut demander réparation du dommage subi dans les conditions du droit commun de la responsabilité extracontractuelle.",0,1,1.0,Non,Oui,Oui,0,1,2
24/01639__2025-03-03,24,1178,Sur les conséquences de l'anéantissement des contrats : La nullité emporte l'effacement rétroactif du contrat qui est réputé ne jamais avoir existé.Elle a pour effet de remettre les parties dans l'état antérieur à la conclusion de ce contrat.,"Un contrat qui ne remplit pas les conditions requises pour sa validité est nul. La nullité doit être prononcée par le juge, à moins que les parties ne la constatent d'un commun accord. Le contrat annulé est censé n'avoir jamais existé. Les prestations exécutées donnent lieu à restitution dans les conditions prévues aux articles 1352 à 1352-9 . Indépendamment de l'annulation du contrat, la partie lésée peut demander réparation du dommage subi dans les conditions du droit commun de la responsabilité extracontractuelle.",1,1,,Oui,Oui,,1,1,0
23/04451__2025-04-15,7,1178,"À ce titre, Monsieur [U] affirme que le contrat signé serait nul car il aurait dû bénéficier d’un droit de rétractation pour cette vente car il aurait été démarché avec vigueur lors de son passage dans les allées de la foire de [Localité 5], et se serait ainsi retrouvé au sein du stand de la société KILI, contre son gré.","Un contrat qui ne remplit pas les conditions requises pour sa validité est nul. La nullité doit être prononcée par le juge, à moins que les parties ne la constatent d'un commun accord. Le contrat annulé est censé n'avoir jamais existé. Les prestations exécutées donnent lieu à restitution dans les conditions prévues aux articles 1352 à 1352-9 . Indépendamment de l'annulation du contrat, la partie lésée peut demander réparation du dommage subi dans les conditions du droit commun de la responsabilité extracontractuelle.",0,1,0.0,Non,Oui,"Non, faits ou prétentions des parties uniquement",0,0,1
23/06174__2025-05-19,7,1180,"Or, il est constant qu’un tiers au contrat ne peut demander sa nullité, sauf s’il agit d’un cas de nullité absolue, ce qui n’est pas le cas en l’espèce.Dès lors, l’action engagée par Madame [X] [P], épouse [M], au titre de la nullité du contrat de vente est irrecevable.","La nullité absolue peut être demandée par toute personne justifiant d'un intérêt, ainsi que par le ministère public. Elle ne peut être couverte par la confirmation du contrat.",1,1,,Oui,Oui,,1,1,4
22/02769__2024-09-12,23,1181,"Concernant les actes du 24 octobre 2018, seule Mme [K] conteste la validité du changement de clause bénéficiaire au profit des consorts [R], M. [M] n’ayant saisi le tribunal d’aucune demande d’annulation non plus d’ailleurs que la société Cardif assurance vie.","La nullité relative ne peut être demandée que par la partie que la loi entend protéger. Elle peut être couverte par la confirmation. Si l'action en nullité relative a plusieurs titulaires, la renonciation de l'un n'empêche pas les autres d'agir.",0,1,0.0,Non,Oui,"Non, faits ou prétentions des parties uniquement",0,0,2
23/05981__2025-04-02,21,1182," la signature par les défendeurs de la déclaration d’ouverture de chantier constitue la confirmation des causes de nullité et la renonciation à les invoquer. En effet, la confirmation suppose pour être valable que le bénéficiaire de dispositions d'ordre public de protection ait eu une parfaite connaissance des vices affectant le contrat et qu'il ait eu une volonté effective et non équivoque de renoncer en toute connaissance de cause à son action en nullité (Cass.","La confirmation est l'acte par lequel celui qui pourrait se prévaloir de la nullité y renonce. Cet acte mentionne l'objet de l'obligation et le vice affectant le contrat. La confirmation ne peut intervenir qu'après la conclusion du contrat. L'exécution volontaire du contrat, en connaissance de la cause de nullité, vaut confirmation. En cas de violence, la confirmation ne peut intervenir qu'après que la violence a cessé. La confirmation emporte renonciation aux moyens et exceptions qui pouvaient être opposés, sans préjudice néanmoins des droits des tiers.",1,1,,Oui,Oui,,1,1,3
22/08823__2024-01-30,46,1184,"En conséquence, la clause d'exclusion revient à vider totalement de leur substance ces garanties stipulées comme existantes et en présence de cette contradiction dans le contrat, la garantie est due.","Lorsque la cause de nullité n'affecte qu'une ou plusieurs clauses du contrat, elle n'emporte nullité de l'acte tout entier que si cette ou ces clauses ont constitué un élément déterminant de l'engagement des parties ou de l'une d'elles. Le contrat est maintenu lorsque la loi répute la clause non écrite, ou lorsque les fins de la règle méconnue exigent son maintien.",0,1,1.0,Non,Oui,Oui,0,1,3
21/09569__2024-02-05,13,1184,"Il expose que la sanction de l’absence de rétroactivité du mandat de syndic n’est pas la nullité de l’assemblée générale mais l’inopposabilité de la rétroactivité, et partant une prise d’effet du contrat au jour de l’assemblée générale.Il fait valoir en outre que les prestations et tarifs étant annualisés, la modification de la durée n’emporte pas modification de la nature et de la quantité des prestations souscrites.","Lorsque la cause de nullité n'affecte qu'une ou plusieurs clauses du contrat, elle n'emporte nullité de l'acte tout entier que si cette ou ces clauses ont constitué un élément déterminant de l'engagement des parties ou de l'une d'elles. Le contrat est maintenu lorsque la loi répute la clause non écrite, ou lorsque les fins de la règle méconnue exigent son maintien.",0,0,,Non,Non,,1,0,4
24/01267__2025-01-14,4,1185,"Le point de départ de la prescription doit être fixé à la date de l’acte dont la nullité est demandée, ou lorsque la délibération a été dissimulée à celui qui exerce l’action en nullité, l’empêchant ainsi d’agir, au jour où la délibération entachée d’irrégularité lui a été révélée.",L'exception de nullité ne se prescrit pas si elle se rapporte à un contrat qui n'a reçu aucune exécution.,0,0,,Non,Non,,1,0,2
24/00116__2024-11-08,9,1185,"Dans cet arrêt, la cour de cassation considère que le juge du fond peut soulever d’office la nullité du contrat même en l’absence du défendeur. En l'espèce, le contrat a été conclu le 30 janvier 2023 et les fonds ont été débloqués le 14 février 2024, de sorte qu’aucune nullité sur ce fondement n’est encourue.",L'exception de nullité ne se prescrit pas si elle se rapporte à un contrat qui n'a reçu aucune exécution.,0,0,,Non,Non,,1,0,3
20/01058__2024-01-23,33,1189,"Par ailleurs, elle reconnait s’agissant d’un autre contrat présentant des dispositions similaires, qui sera abordé ci-après, qu’elle était tenue de reverser aux auteurs 50% de la part éditoriale totale (conclusions, p. 42).Il convient en conséquence de retenir cette interprétation du contrat.","Toutes les clauses d'un contrat s'interprètent les unes par rapport aux autres, en donnant à chacune le sens qui respecte la cohérence de l'acte tout entier. Lorsque, dans l'intention commune des parties, plusieurs contrats concourent à une même opération, ils s'interprètent en fonction de celle-ci.",1,1,,Oui,Oui,,1,1,4
24/00215__2024-12-06,3,1192,"En outre, si le juge des référés n'est pas compétent pour interpréter le contrat, il peut en revanche tirer toutes conséquences d'une stipulation contractuelle claire et précise, qui ne nécessite pas d'interprétation.Or, en l'espèce, il apparaît que le contrat de bail, en date du 8 novembre 2021, comporte une clause en page 6 intitulé ""I.4.",On ne peut interpréter les clauses claires et précises à peine de dénaturation.,1,1,,Oui,Oui,,1,1,3
23/00839__2024-05-14,21,1192,"Ces conditions générales bénéficient d’une structure particulièrement claire permettant au souscripteur de pouvoir vérifier, point par point, de manière claire et concise (malgré le nombre de pages), l’étendue de ses garanties.Les demandeurs ne sauraient ainsi se prévaloir du nombre de pages de la police pour remettre en cause sa clarté.",On ne peut interpréter les clauses claires et précises à peine de dénaturation.,1,0,1.0,Oui,Non,Oui,0,1,3
23/01714__2024-02-13,15,1192,"À l'inverse, sera écartée une contestation qui serait à l'évidence superficielle ou artificielle et le juge est tenu d'appliquer les clauses claires du contrat qui lui est soumis, si aucune interprétation n'en est nécessaire.",On ne peut interpréter les clauses claires et précises à peine de dénaturation.,1,1,,Oui,Oui,,1,1,2
23/01514__2024-05-13,7,1192,"Monsieur [S] fonde ses demandes de communication de pièces sur l’obligation contractuelle de la société FWU LIFE INSURANCE LUX, les clauses des conditions générales du contrat qu’il a signé, rédigées en des termes parfaitement clairs et non obscures contenant l’obligation de fournir dans les LIA annuelles les actifs sous-jacents composant le Fonds interne, les Opcvm",On ne peut interpréter les clauses claires et précises à peine de dénaturation.,0,0,,Non,Non,,1,0,1
24/00942__2024-12-02,10,1192,"La clause, telle qu'elle est rédigée est parfaitement claire et n'a nullement besoin d'être interprétée comme le font valoir des défendeurs à l'appui de leur opposition.",On ne peut interpréter les clauses claires et précises à peine de dénaturation.,1,1,,Oui,Oui,,1,1,4
23/58918__2024-01-17,18,1196,"En acquérant la propriété des lots, la société COMPAGNIE FINANCIERE [Localité 11] a contracté l'obligation d'en prendre livraison, le transfert de propriété s'opérant dès l'adjudication.","Dans les contrats ayant pour objet l'aliénation de la propriété ou la cession d'un autre droit, le transfert s'opère lors de la conclusion du contrat. Ce transfert peut être différé par la volonté des parties, la nature des choses ou par l'effet de la loi. Le transfert de propriété emporte transfert des risques de la chose. Toutefois le débiteur de l'obligation de délivrer en retrouve la charge à compter de sa mise en demeure, conformément à l'article 1344-2 et sous réserve des règles prévues à l'article 1351-1 .",1,1,,Oui,Oui,,1,1,1
24/02579__2025-01-14,50,1196,"En l'espèce, l’offre de contrat de crédit affecté stipule expressément une clause de réserve de propriété au profit de vendeur jusqu’au paiement avec subrogation du prêteur une fois ledit paiement intervenu.En outre, ladite clause de réserve de propriété avec subrogation du prêteur dans les droits du vendeur à compter du paiement fait l’objet d’une convention signée par le prêteur, le vendeur et [K] [B].","Dans les contrats ayant pour objet l'aliénation de la propriété ou la cession d'un autre droit, le transfert s'opère lors de la conclusion du contrat. Ce transfert peut être différé par la volonté des parties, la nature des choses ou par l'effet de la loi. Le transfert de propriété emporte transfert des risques de la chose. Toutefois le débiteur de l'obligation de délivrer en retrouve la charge à compter de sa mise en demeure, conformément à l'article 1344-2 et sous réserve des règles prévues à l'article 1351-1 .",1,1,,Oui,Oui,,1,1,1
22/02173__2024-10-07,7,1196,"En tout état de cause, le contrat de location-accession indique que le transfert de propriété peut résulter de la levée de l’option, notifiée au vendeur par lettre recommandée avec demande d’avis de réception, laquelle est, en l’espèce, intervenue le 10 octobre 2022, tel que cela ressort du contrat du 9 janvier 2023.","Dans les contrats ayant pour objet l'aliénation de la propriété ou la cession d'un autre droit, le transfert s'opère lors de la conclusion du contrat. Ce transfert peut être différé par la volonté des parties, la nature des choses ou par l'effet de la loi. Le transfert de propriété emporte transfert des risques de la chose. Toutefois le débiteur de l'obligation de délivrer en retrouve la charge à compter de sa mise en demeure, conformément à l'article 1344-2 et sous réserve des règles prévues à l'article 1351-1 .",1,1,,Oui,Oui,,1,1,3
24/00360__2024-05-17,29,1196,"et la somme de 10 € au titre de l’indemnité réduite.- Sur l’appréhension du véhicule :  Il ressort du contrat de prêt que les époux [T] ont reconnu que la vente faite à leur profit «est assortie d’une clause de réserve de propriété convenue dès avant la livraison, et que le vendeur subroge le prêteur dans le bénéfice de cette réserve de propriété à l’instant même du paiement effectué à son profit par le prêteur».","Dans les contrats ayant pour objet l'aliénation de la propriété ou la cession d'un autre droit, le transfert s'opère lors de la conclusion du contrat. Ce transfert peut être différé par la volonté des parties, la nature des choses ou par l'effet de la loi. Le transfert de propriété emporte transfert des risques de la chose. Toutefois le débiteur de l'obligation de délivrer en retrouve la charge à compter de sa mise en demeure, conformément à l'article 1344-2 et sous réserve des règles prévues à l'article 1351-1 .",1,1,,Oui,Oui,,1,1,3
22/01860__2024-10-10,23,1199,"La Coopérative indique que le moyen n'est pas fondé dès lors que le principe du non-cumul des responsabilités contractuelles et extracontractuelles ne s'applique qu'entre cocontractants.Elle explique être liée par un contrat de société coopérative avec la société Vignoble des Mouchottes, mais n'avoir aucun lien contractuel avec la SCA La Chablisienne.","Le contrat ne crée d'obligations qu'entre les parties. Les tiers ne peuvent ni demander l'exécution du contrat ni se voir contraints de l'exécuter, sous réserve des dispositions de la présente section et de celles du chapitre III du titre IV.",0,0,,Non,Non,,1,0,4
23/06160__2024-10-24,22,1200,"A l'égard des tiers au contrat d'assurance, victime du sinistre, la preuve du contrat d'assurance peut cependant être rapportée par tous moyens.Et il appartient alors à l'assureur, en versant le contrat au débat, qu'il ne doit pas sa garantie.",Les tiers doivent respecter la situation juridique créée par le contrat. Ils peuvent s'en prévaloir notamment pour apporter la preuve d'un fait.,1,1,,Oui,Oui,,1,1,1
23/08238__2025-02-17,36,1200,"Lorsque le bénéfice du contrat qui a été souscrit auprès d'un assureur de responsabilité est invoqué, non par l'assuré, mais par un tiers, victime du dommage, celui-ci peut rapporter la preuve de l’existence du contrat par tous moyens (voir en ce sens : Cass.",Les tiers doivent respecter la situation juridique créée par le contrat. Ils peuvent s'en prévaloir notamment pour apporter la preuve d'un fait.,0,1,0.0,Non,Oui,Non,0,0,1
17/05584__2025-02-20,13,1210,Il contient une clause intitulée « résiliation » prévoyant qu’il est conclu pour une durée indéterminée et qu’il peut être résilié par l’une ou l’autre des parties moyennant un préavis de six mois par lettre recommandée et que l’indemnité de rupture se règle comptant au jour où la rupture devient effective.,Les engagements perpétuels sont prohibés. Chaque contractant peut y mettre fin dans les conditions prévues pour le contrat à durée indéterminée.,1,1,,Oui,Oui,,1,1,1
20/08670__2025-02-11,72,1210,"A cet égard, c’est à tort que l’Ordre de Malte France considère que le contrat 2i s’analyse en un contrat à durée indéterminée, susceptible d’être résilié à tout moment, dès lors que chaque phase contractuelle dispose d’un terme déterminable, dont les modalités ont été discutées et acceptées par les deux parties.",Les engagements perpétuels sont prohibés. Chaque contractant peut y mettre fin dans les conditions prévues pour le contrat à durée indéterminée.,0,1,0.0,Non,Oui,Non,0,0,4
22/01937__2024-01-26,59,1211,"Il est constant que lorsque la chose louée est d’un usage permanent sans qu’aucun terme naturel soit prévisible, le prêteur est en droit d’y mettre fin à tout moment de manière discrétionnaire sauf à respecter un délai de préavis raisonnable.","Lorsque le contrat est conclu pour une durée indéterminée, chaque partie peut y mettre fin à tout moment, sous réserve de respecter le délai de préavis contractuellement prévu ou, à défaut, un délai raisonnable.",1,1,,Oui,Oui,,1,1,1
24/00117__2024-09-10,6,1211," Reconnaître au professionnel la faculté de résilier le contrat sans préavis d'une durée raisonnable ;” Pour apprécier le caractère abusif d’une clause, il convient donc de se reporter au moment de la conclusion du contrat, et il importe peu que le co-contractant se soit par la suite affranchi de ces dispositions, en l’espèce en adressant une lettre de mise en demeure de payer les échéances impayées sous un délai qu’il aura fixé.","Lorsque le contrat est conclu pour une durée indéterminée, chaque partie peut y mettre fin à tout moment, sous réserve de respecter le délai de préavis contractuellement prévu ou, à défaut, un délai raisonnable.",0,0,,Non,"Non, application d’un régime spécial",,1,0,2
24/03372__2024-11-29,9,1211,"MATH'S AVENTURAS a rappelé à Mme [I] que celle-ci avait souscrit un contrat d’abonnement tacitement reconductible pour un montant de 399 euros par mois, résiliable avec préavis de 14 ou 60 jours, le préavis de 14 jours entraînant des frais de résiliation à hauteur de 250 euros et l’invitant à procéder à cette résiliation.","Lorsque le contrat est conclu pour une durée indéterminée, chaque partie peut y mettre fin à tout moment, sous réserve de respecter le délai de préavis contractuellement prévu ou, à défaut, un délai raisonnable.",0,0,,Non,Non,,1,0,0
17/05584__2025-02-20,13,1211,Il contient une clause intitulée « résiliation » prévoyant qu’il est conclu pour une durée indéterminée et qu’il peut être résilié par l’une ou l’autre des parties moyennant un préavis de six mois par lettre recommandée et que l’indemnité de rupture se règle comptant au jour où la rupture devient effective.,"Lorsque le contrat est conclu pour une durée indéterminée, chaque partie peut y mettre fin à tout moment, sous réserve de respecter le délai de préavis contractuellement prévu ou, à défaut, un délai raisonnable.",1,1,,Oui,Oui,,1,1,1
24/00583__2024-06-24,4,1211,"» En l’espèce, le contrat du 27 septembre 2021 dispose que les parties peuvent mettre fin au bail à tout moment en respectant un préavis d’un mois après un congé délivré par lettre recommandée avec accusé de réception.","Lorsque le contrat est conclu pour une durée indéterminée, chaque partie peut y mettre fin à tout moment, sous réserve de respecter le délai de préavis contractuellement prévu ou, à défaut, un délai raisonnable.",0,0,,Non,"Non, application d’un régime spécial",,1,0,1
24/10016__2025-04-28,11,1212,"Le contrat de bail, conclu pour une période d'un mois renouvelable, rappelle par ailleurs que la durée totale de location ne peut excéder deux ans.Un congé, rappelant expressément la durée de séjour limitée à deux ans et précisant que le bailleur entend se prévaloir de la résiliation de plein droit du contrat a été signifié à Monsieur [F] [E] le 22 février 2024, à effet au 31 mai 2024.","Lorsque le contrat est conclu pour une durée déterminée, chaque partie doit l'exécuter jusqu'à son terme. Nul ne peut exiger le renouvellement du contrat.",0,0,,Non,"Non, application d’un régime spécial",,1,0,4
21/05850__2024-10-17,18,1212,"Aussi, à défaut d’établir que les parties se seraient accordées afin de proroger, expressément ou tacitement, les effets de la promesse, cette dernière expirait le 22 mai 2020 à 16 heures.","Lorsque le contrat est conclu pour une durée déterminée, chaque partie doit l'exécuter jusqu'à son terme. Nul ne peut exiger le renouvellement du contrat.",0,0,,Non,Non,,1,0,3
20/08670__2025-02-11,72,1212,"A cet égard, c’est à tort que l’Ordre de Malte France considère que le contrat 2i s’analyse en un contrat à durée indéterminée, susceptible d’être résilié à tout moment, dès lors que chaque phase contractuelle dispose d’un terme déterminable, dont les modalités ont été discutées et acceptées par les deux parties.","Lorsque le contrat est conclu pour une durée déterminée, chaque partie doit l'exécuter jusqu'à son terme. Nul ne peut exiger le renouvellement du contrat.",1,1,,Oui,Oui,,1,1,4
21/03634__2024-09-05,26,1214,"'hypothèse où le tribunal jugerait que la lettre d'engagement serait opposable à la pharmacie CONVENTION SAINT CHARLES, que celle-ci n'emporte pas les effets allégués par la société PHOENIX PHARMA dans la mesure où elle constitue un contrat à durée déterminée, où aucune reconduction tacite n'est prévue, où aucune reconduction n'a",Le contrat à durée déterminée peut être renouvelé par l'effet de la loi ou par l'accord des parties. Le renouvellement donne naissance à un nouveau contrat dont le contenu est identique au précédent mais dont la durée est indéterminée.,0,0,,Non,Non,,1,0,2
22/05094__2024-08-08,107,1214,"Ils considèrent que l’OGEC [18] a d’une part violé les stipulations contractuelles en s’abstenant d’offrir une scolarité sereine à [Z] et en lui notifiant une rupture anticipée du contrat en cours d’année scolaire, d’autre part les a détournées sciemment en invoquant un motif mensonger pour résilier le contrat à échéance alors qu’il devait normalement être renouvelé par tacite reconduction.",Le contrat à durée déterminée peut être renouvelé par l'effet de la loi ou par l'accord des parties. Le renouvellement donne naissance à un nouveau contrat dont le contenu est identique au précédent mais dont la durée est indéterminée.,0,1,0.0,Non,Oui,"Non, faits ou prétentions des parties uniquement",0,0,4
22/04806__2024-08-02,7,1214,"[Al. 2] A défaut de congé ou de demande de renouvellement, le bail fait par écrit se prolonge tacitement au-delà du terme fixé par le contrat.",Le contrat à durée déterminée peut être renouvelé par l'effet de la loi ou par l'accord des parties. Le renouvellement donne naissance à un nouveau contrat dont le contenu est identique au précédent mais dont la durée est indéterminée.,0,0,,Non,"Non, application d’un régime spécial",,1,0,0
24/00800__2025-03-13,4,1214,"Aucune prorogation du contrat n'ayant été convenue entre les parties, l'association HABITAT ET HUMANISME DROME ARDECHE ayant même expressément informé la locataire de son intention de ne pas renouveler le bail, le contrat est arrivé à son terme le 20 septembre 2024.",Le contrat à durée déterminée peut être renouvelé par l'effet de la loi ou par l'accord des parties. Le renouvellement donne naissance à un nouveau contrat dont le contenu est identique au précédent mais dont la durée est indéterminée.,1,0,0.0,Oui,"Non, application d’un régime spécial","Non, faits ou prétentions des parties uniquement",0,0,2
24/00007__2025-05-19,9,1215,"Le renouvellement du 17 décembre 2011 n’avait ainsi pas lieu d’être et ne constitue pas un nouveau contrat mais la simple poursuite du contrat initial du 29 novembre 2008 avec effet au 1er décembre 2008.Ainsi, le contrat initial a été tacitement renouvelé le 1er décembre 2020 jusqu’au 30 novembre 2026.","Lorsqu'à l'expiration du terme d'un contrat conclu à durée déterminée, les contractants continuent d'en exécuter les obligations, il y a tacite reconduction. Celle-ci produit les mêmes effets que le renouvellement du contrat.",1,1,,Oui,Oui,,1,1,3
23/57515__2024-03-28,23,1215,"Les parties n'ont pas régularisé de contrat de renouvellement de bail, de sorte qu'il s'est renouvelé de manière tacite et aux mêmes conditions, conformément à la clause 3.3, à compter du 1er avril 2014 et jusqu'au 31 mars 2023.","Lorsqu'à l'expiration du terme d'un contrat conclu à durée déterminée, les contractants continuent d'en exécuter les obligations, il y a tacite reconduction. Celle-ci produit les mêmes effets que le renouvellement du contrat.",0,0,,Non,"Non, application d’un régime spécial",,1,0,0
23/07693__2024-10-01,9,1215,"La requérante soutient en revanche que si le contrat a été reconduit selon la même formule jusqu'à la saison 2020, tel n'était plus le cas pour l'année 2021.","Lorsqu'à l'expiration du terme d'un contrat conclu à durée déterminée, les contractants continuent d'en exécuter les obligations, il y a tacite reconduction. Celle-ci produit les mêmes effets que le renouvellement du contrat.",0,0,,Non,"Non, application d’un régime spécial",,1,0,4
22/02565__2025-02-18,3,1215,"Il en résulte qu’il avait vocation à durer trois ans par tacites reconductions, soit jusqu’au 31.5.2024 sauf résiliation préalable à l’initiative de l’une ou l’autre des parties et conforme à leur convention prévue en ces termes : “si le sous locataire ne souhaite pas renouveler le bail au delà de la période de 1 an, il devra prévenir le locataire principal 6 mois avant l’expiration du bail”.","Lorsqu'à l'expiration du terme d'un contrat conclu à durée déterminée, les contractants continuent d'en exécuter les obligations, il y a tacite reconduction. Celle-ci produit les mêmes effets que le renouvellement du contrat.",1,0,0.0,Oui,"Non, application d’un régime spécial","Non, faits ou prétentions des parties uniquement",0,0,2
23/13951__2025-03-18,9,1216,(...) 10.3 La cession du Contrat et du Bien y afférent par le bailleur au profit du Cessionnaire est formalisée par la signature du Contrat par le Cessionnaire précédée de son cachet commercial ou par tout autre moyen convenu entre eux et que le Locataire accepte par avance.Elle prend effet à la date d’acceptation de la cession par le Cessionnaire.,"Un contractant, le cédant, peut céder sa qualité de partie au contrat à un tiers, le cessionnaire, avec l'accord de son cocontractant, le cédé. Cet accord peut être donné par avance, notamment dans le contrat conclu entre les futurs cédant et cédé, auquel cas la cession produit effet à l'égard du cédé lorsque le contrat conclu entre le cédant et le cessionnaire lui est notifié ou lorsqu'il en prend acte. La cession doit être constatée par écrit, à peine de nullité.",1,0,0.0,Oui,"Non, faits uniquement","Non, faits ou prétentions des parties uniquement",0,0,0
23/04159__2025-02-18,15,1216,"Par ailleurs, si l'acte de cession comporte une mention selon laquelle le bailleur consent à la cession du droit au bail , aucune mention ne prévoit expressément la cession dudit bail. Ce contrat porte également mention de l'intervention à l'acte du bailleur qui ne l'a pas signé mais la défenderesse produit le contrat de location signé entre elle et la Régie Chomette le 18 juin 2015 portant sur les locaux litigieux et Madame [V] [E","Un contractant, le cédant, peut céder sa qualité de partie au contrat à un tiers, le cessionnaire, avec l'accord de son cocontractant, le cédé. Cet accord peut être donné par avance, notamment dans le contrat conclu entre les futurs cédant et cédé, auquel cas la cession produit effet à l'égard du cédé lorsque le contrat conclu entre le cédant et le cessionnaire lui est notifié ou lorsqu'il en prend acte. La cession doit être constatée par écrit, à peine de nullité.",1,1,,Oui,Oui,,1,1,1
23/13951__2025-03-18,7,1216,"Le locataire s’engage à accomplir toute formalité requise en cas de cession et notamment à signer à première demande une autorisation de prélèvement au nom du cessionnaire.En cas d’acceptation par le cessionnaire, qui se substituera alors au bailleur initial, le locataire a l’obligation de payer au cessionnaire les loyers ainsi que toutes les sommes éventuellement dues au titre du contrat.","Un contractant, le cédant, peut céder sa qualité de partie au contrat à un tiers, le cessionnaire, avec l'accord de son cocontractant, le cédé. Cet accord peut être donné par avance, notamment dans le contrat conclu entre les futurs cédant et cédé, auquel cas la cession produit effet à l'égard du cédé lorsque le contrat conclu entre le cédant et le cessionnaire lui est notifié ou lorsqu'il en prend acte. La cession doit être constatée par écrit, à peine de nullité.",1,0,0.0,Oui,"Non, faits uniquement","Non, faits ou prétentions des parties uniquement",0,0,0
24/01235__2024-07-04,5,1216-1,"Il prévoit également que l’arriéré de loyers et accessoires sera payé par le preneur, et inclut la dette de loyers dans le prix de cession du fonds.Il indique que le cédant restera garant solidairement avec son cessionnaire du paiement des loyers et accessoires et de l’exécution de l’ensemble des clauses et conditions du bail, pendant une durée de trois années à compter de la prise d’effet de la cession.","Si le cédé y a expressément consenti, la cession de contrat libère le cédant pour l'avenir. A défaut, et sauf clause contraire, le cédant est tenu solidairement à l'exécution du contrat.",0,0,,Non,"Non, application d’un régime spécial",,1,0,1
22/05676__2024-05-27,0,1216-1,"MOTIFS DE LA DECISION Sur la demande de renvoi Etant donné qu’il est constant que le cédant n’est pas libéré de ses dettes à l’égard du bailleur en cas de cession du droit au bail, la cession qui devrait en l’espèce intervenir n’aura aucune incidence ni sur le présent incident ni sur le fond du litige puisque cette cession ne déchargera pas la société PH","Si le cédé y a expressément consenti, la cession de contrat libère le cédant pour l'avenir. A défaut, et sauf clause contraire, le cédant est tenu solidairement à l'exécution du contrat.",0,1,0.0,Non,Oui,"Non, application d’un régime spécial",0,0,2
23/06468__2024-12-20,13,1216-1,"De même, en page 13 dans la rubrique CHARGES ET CONDITIONS, le contrat de cession dispose que le cessionnaire “continuera d’exécuter aux lieu et place du cédant toutes les charges et obligations du bail”.Les exclusions du périmètre de la cession sont prévues en page 8 et ne font nullement mention de la clause de non recours.","Si le cédé y a expressément consenti, la cession de contrat libère le cédant pour l'avenir. A défaut, et sauf clause contraire, le cédant est tenu solidairement à l'exécution du contrat.",0,0,,Non,"Non, faits uniquement",,1,0,3
24/51003__2024-05-27,17,1216-1,"Aux termes de l'acte de cession du droit au bail du 25 juillet 2022, la société JENN ET HUGO est garant solidaire du paiement des loyers et charges durant trois ans à compter de la cession.","Si le cédé y a expressément consenti, la cession de contrat libère le cédant pour l'avenir. A défaut, et sauf clause contraire, le cédant est tenu solidairement à l'exécution du contrat.",1,0,0.0,Oui,"Non, application d’un régime spécial","Non, faits ou prétentions des parties uniquement",0,0,0
22/03842__2025-03-06,12,1216-2,"Le débiteur peut opposer au cessionnaire les exceptions inhérentes à la dette, telles que la nullité, l'exception d'inexécution, la résolution ou la compensation des dettes connexes.Il peut également opposer les exceptions nées de ses rapports avec le cédant avant que la cession lui soit devenue opposable, telles que l'octroi d'un terme, la remise de dette ou la compensation de dettes non connexes.","Le cessionnaire peut opposer au cédé les exceptions inhérentes à la dette, telles que la nullité, l'exception d'inexécution, la résolution ou la compensation de dettes connexes. Il ne peut lui opposer les exceptions personnelles au cédant. Le cédé peut opposer au cessionnaire toutes les exceptions qu'il aurait pu opposer au cédant.",0,0,,Non,Non,,1,0,2
24/09791__2025-05-22,5,1217,"Dans ce cas, le contrat n’est point résolu de plein droit.La partie envers laquelle l'engagement n'a point été exécuté, a le choix ou de forcer l'autre à l'exécution de la convention lorsqu'elle est possible, ou d'en demander la résolution avec dommages et intérêts.","La partie envers laquelle l'engagement n'a pas été exécuté, ou l'a été imparfaitement, peut : - refuser d'exécuter ou suspendre l'exécution de sa propre obligation ; - poursuivre l'exécution forcée en nature de l'obligation ; - obtenir une réduction du prix ; - provoquer la résolution du contrat ; - demander réparation des conséquences de l'inexécution. Les sanctions qui ne sont pas incompatibles peuvent être cumulées ; des dommages et intérêts peuvent toujours s'y ajouter.",0,1,1.0,Non,Oui,Oui,0,1,4
24/00764__2024-07-30,18,1217,"La partie envers laquelle l’engagement n’a point été exécuté, a le choix ou de forcer l’autre à l’exécution de la convention lorsqu’elle est possible, ou d’en demander la résolution avec dommages et intérêts.La résolution doit être demandée en justice, et il peut être accordé au défendeur un délai selon les circonstances.","La partie envers laquelle l'engagement n'a pas été exécuté, ou l'a été imparfaitement, peut : - refuser d'exécuter ou suspendre l'exécution de sa propre obligation ; - poursuivre l'exécution forcée en nature de l'obligation ; - obtenir une réduction du prix ; - provoquer la résolution du contrat ; - demander réparation des conséquences de l'inexécution. Les sanctions qui ne sont pas incompatibles peuvent être cumulées ; des dommages et intérêts peuvent toujours s'y ajouter.",0,1,1.0,Non,Oui,Oui,0,1,4
23/01061__2024-06-03,8,1217,"En l’absence toutefois d’engagement pris par Madame [C], il ne peut être considéré que l’obligation de paiement de Monsieur [C] en application du protocole d’accord transactionnel, dont il convient au surplus d’observer qu’il n’a pas non plus été exécuté par la société CLAIR’AZUR, est dépourvue de contestations sérieuse.","La partie envers laquelle l'engagement n'a pas été exécuté, ou l'a été imparfaitement, peut : - refuser d'exécuter ou suspendre l'exécution de sa propre obligation ; - poursuivre l'exécution forcée en nature de l'obligation ; - obtenir une réduction du prix ; - provoquer la résolution du contrat ; - demander réparation des conséquences de l'inexécution. Les sanctions qui ne sont pas incompatibles peuvent être cumulées ; des dommages et intérêts peuvent toujours s'y ajouter.",0,1,0.0,Non,Oui,Non,0,0,1
22/05567__2024-09-26,21,1219,"Cependant, il n’est pas établi que la SARL NAJI AUTO est privée en permanence d’électricité depuis cette date et l’exception totale d’inexécution n’est donc pas justifiée.La demande de provision est donc justifiée.","Une partie peut refuser d'exécuter son obligation, alors même que celle-ci est exigible, si l'autre n'exécute pas la sienne et si cette inexécution est suffisamment grave.",0,1,1.0,Non,Oui,Oui,0,1,4
23/02955__2025-03-07,10,1223,"La demanderesse évalue la moins-value correspondant à la suppression des becquets à la somme de 11.908,50 euros, figurant sur le décompte général définitif établi par elle, étant précisé que ce document n'est ni daté ni signé par les parties, et sur le courriel adressé à la société SNCB, sans réponse de la part de cette-dernière.Ce montant n'est justifié par aucune facture ou devis.","En cas d'exécution imparfaite de la prestation, le créancier peut, après mise en demeure et s'il n'a pas encore payé tout ou partie de la prestation, notifier dans les meilleurs délais au débiteur sa décision d'en réduire de manière proportionnelle le prix. L'acceptation par le débiteur de la décision de réduction de prix du créancier doit être rédigée par écrit. Si le créancier a déjà payé, à défaut d'accord entre les parties, il peut demander au juge la réduction de prix.",0,1,0.0,Non,Oui,"Non, faits ou prétentions des parties uniquement",0,0,1
23/04410__2024-06-11,11,1224,"La résiliation judiciaire du contrat de bail litigieux étant constatée, par application de la clause résolutoire contractuelle, pour défaut de paiement des loyers et des charges locatives, il n'y a pas lieu d'examiner la demande subsidiaire quant au prononcé de ce dernier aux torts et griefs exclusifs de Monsieur [H] [G].","La résolution résulte soit de l'application d'une clause résolutoire soit, en cas d'inexécution suffisamment grave, d'une notification du créancier au débiteur ou d'une décision de justice.",0,1,1.0,Non,Oui,Oui,0,1,3
23/58460__2024-01-10,8,1224,Le bail comprend une clause résolutoire prévoyant la résiliation de plein droit du contrat à défaut de paiement d'un seul terme de loyer ou d'inexécution d'une clause quelconque du contrat et un mois après la délivrance d'un commandement de payer demeuré infructueux.,"La résolution résulte soit de l'application d'une clause résolutoire soit, en cas d'inexécution suffisamment grave, d'une notification du créancier au débiteur ou d'une décision de justice.",0,0,,Non,"Non, application d’un régime spécial",,1,0,2
24/04669__2024-12-09,7,1225,Sur la demande de constat de l'acquisition de la clause résolutoire : Au surplus le contrat signé par les parties prévoit une clause résolutoire de plein droit à défaut de paiement du loyer et de ses accessoires six semaines après la délivrance d'un commandement de payer resté infructueux.,"La clause résolutoire précise les engagements dont l'inexécution entraînera la résolution du contrat. La résolution est subordonnée à une mise en demeure infructueuse, s'il n'a pas été convenu que celle-ci résulterait du seul fait de l'inexécution. La mise en demeure ne produit effet que si elle mentionne expressément la clause résolutoire.",1,1,,oui,Oui,,1,1,1
24/02554__2024-12-17,56,1225,"En l’espèce, le contrat du 02 août 2017 contient une clause résolutoire, qui stipule que la résolution sera prononcée « après mise en demeure restée infructueuse » en cas de défaillance de la part de l’emprunteur. La SA CREATIS justifie du défaut de paiement de certaines échéances par l'emprunteuse postérieurement aux mesures imposées par la commission de surendettement du Tarn, d’une mise en demeure de régler les échéances impayées à peine de","La clause résolutoire précise les engagements dont l'inexécution entraînera la résolution du contrat. La résolution est subordonnée à une mise en demeure infructueuse, s'il n'a pas été convenu que celle-ci résulterait du seul fait de l'inexécution. La mise en demeure ne produit effet que si elle mentionne expressément la clause résolutoire.",1,0,0.0,Oui,Non,"Non, faits ou prétentions des parties uniquement",0,0,0
24/00942__2025-02-24,0,1225,"MOTIFS Sur la résiliation du bail Aux termes de la clause résolutoire insérée au contrat de bail, le contrat est résilié de plein droit en cas de défaut de paiement du loyer ou des charges aux termes convenus passé le délai d’un mois suivant une mise en demeure demeurée infructueuse.En l’espèce, une mise en demeure contenant la clause résolutoire a été signifié à M. [W] [R] [C] le 7 juin 2024.","La clause résolutoire précise les engagements dont l'inexécution entraînera la résolution du contrat. La résolution est subordonnée à une mise en demeure infructueuse, s'il n'a pas été convenu que celle-ci résulterait du seul fait de l'inexécution. La mise en demeure ne produit effet que si elle mentionne expressément la clause résolutoire.",1,0,1.0,oui,"Non, application d’un régime spécial",Oui,0,1,3
24/00314__2024-10-22,18,1225,"* [G] [B] ne justifie pas d'avoir réglé les sommes réclamées à la suite de la mise en demeure avant déchéance du terme de même qu'après la mise en demeure sollicitant l'intégralité des sommes prêtées et dues en exécution du contrat de prêt.Ainsi, il y a lieu de constater l'acquisition de la clause résolutoire prévue par le contrat litigieux.","La clause résolutoire précise les engagements dont l'inexécution entraînera la résolution du contrat. La résolution est subordonnée à une mise en demeure infructueuse, s'il n'a pas été convenu que celle-ci résulterait du seul fait de l'inexécution. La mise en demeure ne produit effet que si elle mentionne expressément la clause résolutoire.",1,1,,Oui,Oui,,1,1,4
24/07591__2025-01-15,16,1225,Il y a en conséquence lieu d’accorder les délais sollicités.Il est également précisé que le défaut de paiement d'une seule mensualité à son échéance (plan d'apurement ou loyer courant) entraînerait la déchéance du terme et que la totalité du solde restant dû deviendrait alors immédiatement exigible suite à la mise en demeure de la bailleresse dont les modalités sont précisées ci-après (cf le § intitulé « Sur la suspension de la clause résolutoire »).,"La clause résolutoire précise les engagements dont l'inexécution entraînera la résolution du contrat. La résolution est subordonnée à une mise en demeure infructueuse, s'il n'a pas été convenu que celle-ci résulterait du seul fait de l'inexécution. La mise en demeure ne produit effet que si elle mentionne expressément la clause résolutoire.",1,1,,oui,Oui,,1,1,4
24/01921__2025-03-06,19,1225,Il convient d'attirer l'attention de M. [J] [N] et Mme [I] [R] sur le fait que le défaut de paiement d'une seule mensualité ou du loyer courant à son échéance entraînera la déchéance du terme et que la totalité du solde restant dû deviendra alors immédiatement exigible et la clause résolutoire reprendra son plein effet.,"La clause résolutoire précise les engagements dont l'inexécution entraînera la résolution du contrat. La résolution est subordonnée à une mise en demeure infructueuse, s'il n'a pas été convenu que celle-ci résulterait du seul fait de l'inexécution. La mise en demeure ne produit effet que si elle mentionne expressément la clause résolutoire.",0,1,0.0,Non,Oui,Non,0,0,3
24/00136__2024-11-04,7,1225,"L’assignation est donc recevable.Sur l'acquisition de la clause résolutoire : Le contrat d’occupation précaire contient une clause résolutoire, mentionnant que la résiliation est de plein droit en cas de non-paiement de tout ou partie de la redevance…après mise en demeure restée infructueuse pendant une durée d’un mois.","La clause résolutoire précise les engagements dont l'inexécution entraînera la résolution du contrat. La résolution est subordonnée à une mise en demeure infructueuse, s'il n'a pas été convenu que celle-ci résulterait du seul fait de l'inexécution. La mise en demeure ne produit effet que si elle mentionne expressément la clause résolutoire.",1,1,,Oui,Oui,,1,1,4
20/02197__2024-07-05,15,1226,Il est relevé que seul le courrier de mise en demeure est produit et non le document formalisation la résiliation du contrat.,"Le créancier peut, à ses risques et périls, résoudre le contrat par voie de notification. Sauf urgence, il doit préalablement mettre en demeure le débiteur défaillant de satisfaire à son engagement dans un délai raisonnable. La mise en demeure mentionne expressément qu'à défaut pour le débiteur de satisfaire à son obligation, le créancier sera en droit de résoudre le contrat. Lorsque l'inexécution persiste, le créancier notifie au débiteur la résolution du contrat et les raisons qui la motivent. Le débiteur peut à tout moment saisir le juge pour contester la résolution. Le créancier doit alors prouver la gravité de l'inexécution.",0,1,0.0,Non,Oui,Non,0,0,1
24/09791__2025-05-22,6,1227,"La résolution doit être demandée en justice, et il peut être accordé au défendeur un délai selon les circonstances.","La résolution peut, en toute hypothèse, être demandée en justice.",0,1,0.0,Non,Oui,Non,0,0,4
21/01504__2024-01-25,40,1227,Cette résolution est identique à la résolution n°17 adoptée lors de l'assemblée générale du 5 juillet 2019 dont l'annulation avait été demandée par Mme [S] par assignation du 4 septembre 2019.Par jugement en date du 9 mars 2023 la présente juridiction a débouté Mme [K] [S].,"La résolution peut, en toute hypothèse, être demandée en justice.",0,0,,Non,"Non, faits uniquement",,1,0,0
24/02331__2025-03-25,8,1228,"Partant, il n'y a pas lieu à référé sur la demande d'acquisition de la clause résolutoire, ni sur les de mandes subséquentes d'expulsion et d'indemnité d'occupation.","Le juge peut, selon les circonstances, constater ou prononcer la résolution ou ordonner l'exécution du contrat, en accordant éventuellement un délai au débiteur, ou allouer seulement des dommages et intérêts.",0,1,0.0,Non,Oui,Non,0,0,1
22/01043__2025-05-15,26,1229,"Dans ces circonstances, il sera fait droit à la demande de Madame [D] [P] et la résolution de la vente sera prononcée.Par l'effet de la résolution, les parties doivent être remises dans l'état où elles se trouvaient avant le contrat.","La résolution met fin au contrat. La résolution prend effet, selon les cas, soit dans les conditions prévues par la clause résolutoire, soit à la date de la réception par le débiteur de la notification faite par le créancier, soit à la date fixée par le juge ou, à défaut, au jour de l'assignation en justice. Lorsque les prestations échangées ne pouvaient trouver leur utilité que par l'exécution complète du contrat résolu, les parties doivent restituer l'intégralité de ce qu'elles se sont procuré l'une à l'autre. Lorsque les prestations échangées ont trouvé leur utilité au fur et à mesure de l'exécution réciproque du contrat, il n'y a pas lieu à restitution pour la période antérieure à la dernière prestation n'ayant pas reçu sa contrepartie ; dans ce cas, la résolution est qualifiée de résiliation. Les restitutions ont lieu dans les conditions prévues aux articles 1352 à 1352-9 .",1,1,,Oui,Oui,,1,1,1
24/00012__2025-01-08,2,1229,"La résolution doit être demandée en justice, et il peut être accordé au défendeur un délai selon les circonstances.Il est également constant que lorsque les prestations échangées ont trouvé leur utilité au fur et à mesure de l'exécution réciproque du contrat, il n'y a pas lieu à restitution pour la période antérieure à la dernière prestation n'ayant pas reçu sa contrepartie et que, dans ce cas, la résolution est qualifiée de résiliation.","La résolution met fin au contrat. La résolution prend effet, selon les cas, soit dans les conditions prévues par la clause résolutoire, soit à la date de la réception par le débiteur de la notification faite par le créancier, soit à la date fixée par le juge ou, à défaut, au jour de l'assignation en justice. Lorsque les prestations échangées ne pouvaient trouver leur utilité que par l'exécution complète du contrat résolu, les parties doivent restituer l'intégralité de ce qu'elles se sont procuré l'une à l'autre. Lorsque les prestations échangées ont trouvé leur utilité au fur et à mesure de l'exécution réciproque du contrat, il n'y a pas lieu à restitution pour la période antérieure à la dernière prestation n'ayant pas reçu sa contrepartie ; dans ce cas, la résolution est qualifiée de résiliation. Les restitutions ont lieu dans les conditions prévues aux articles 1352 à 1352-9 .",0,1,1.0,Non,Oui,Oui,0,1,4
24/09791__2025-05-22,11,1229,"En l’espèce, il y a lieu de relever que la banque a prononcé la résiliation du contrat sur le fondement d’une clause contractuelle mais qu’elle n’entend pas s’en prévaloir, sollicitant le prononcé de la résiliation judiciaire.Toutefois, le décompte du 24 juillet 2024 conduit à retenir qu’elle fixe la résiliation judiciaire à la date du prononcé de la résiliation contractuelle.","La résolution met fin au contrat. La résolution prend effet, selon les cas, soit dans les conditions prévues par la clause résolutoire, soit à la date de la réception par le débiteur de la notification faite par le créancier, soit à la date fixée par le juge ou, à défaut, au jour de l'assignation en justice. Lorsque les prestations échangées ne pouvaient trouver leur utilité que par l'exécution complète du contrat résolu, les parties doivent restituer l'intégralité de ce qu'elles se sont procuré l'une à l'autre. Lorsque les prestations échangées ont trouvé leur utilité au fur et à mesure de l'exécution réciproque du contrat, il n'y a pas lieu à restitution pour la période antérieure à la dernière prestation n'ayant pas reçu sa contrepartie ; dans ce cas, la résolution est qualifiée de résiliation. Les restitutions ont lieu dans les conditions prévues aux articles 1352 à 1352-9 .",0,0,,Non,Non,,1,0,4
24/03962__2025-02-10,9,1231,"Le surplus correspondant à des lettres de rappel multiples sans mise en demeure et sans saisine contentieuse, alors que les impayés courent depuis 2020, sera rejeté.Sur la demande de dommages et intérêts Le préjudice, et notamment de trésorerie, au delà des intérêts moratoires, n'est pas suffisamment caractérisé.","A moins que l'inexécution soit définitive, les dommages et intérêts ne sont dus que si le débiteur a préalablement été mis en demeure de s'exécuter dans un délai raisonnable.",0,0,,Non,Non,,1,0,1
24/00554__2025-03-06,4,1231,"En conséquence, il conviendra de condamner l’ASL Grand Fond à payer à la société S2DM la somme provisionnelle de 2.719,56 € TTC. Sur les dommages et intérêts : L’ASL Grand Fond a été mis en demeure par courrier recommandé avec accusé réception le 18 juillet 2024.Cette mise en demeure a été vaine.","A moins que l'inexécution soit définitive, les dommages et intérêts ne sont dus que si le débiteur a préalablement été mis en demeure de s'exécuter dans un délai raisonnable.",0,1,0.0,Non,Oui,Non,0,0,2
23/03109__2024-09-16,5,1231-1,"Sur la demande de provision sur dommages intérêts Certes, le débiteur d’une obligation peut être condamné au paiement de dommages-intérêts en raison de l’inexécution ou de la mauvaise exécution de son obligation, mais il faut encore pour cela que soit démontré, outre l’inexécution ou la mauvaise exécution, un préjudice qui serait lié à cette défaillance du débiteur dans ses obligations.","Le débiteur est condamné, s'il y a lieu, au paiement de dommages et intérêts soit à raison de l'inexécution de l'obligation, soit à raison du retard dans l'exécution, s'il ne justifie pas que l'exécution a été empêchée par la force majeure.",1,1,,Oui,Oui,,1,1,3
22/13132__2025-04-28,8,1231-2,"PREJUDICE MATERIEL Les dommages intérêts alloués à une victime doivent réparer le préjudice subi sans qu'il en résulte pour elle ni perte, ni profit.","Les dommages et intérêts dus au créancier sont, en général, de la perte qu'il a faite et du gain dont il a été privé, sauf les exceptions et modifications ci-après.",0,0,,Non,Non,,1,0,3
22/05907__2024-04-15,74,1231-2,La perte de gain est entièrement absorbée par la créance de la CPAM. Il ne revient aucune somme à M. [W] à ce titre.,"Les dommages et intérêts dus au créancier sont, en général, de la perte qu'il a faite et du gain dont il a été privé, sauf les exceptions et modifications ci-après.",1,0,0.0,Oui,Non,Non,0,0,4
24/03161__2025-02-18,12,1231-2,"Sur les demandes en réparation Le principe de la réparation intégrale du préjudice a pour but de rétablir aussi exactement que possible l'équilibre détruit par le dommage et de replacer la victime dans la situation où elle se serait trouvée si l'acte dommageable ne s'était pas produit.Au titre de la responsabilité contractuelle, les dommages dus au créancier de l'obligation inexécutée sont de la perte qu'il a faite et du gain dont il a été privé.","Les dommages et intérêts dus au créancier sont, en général, de la perte qu'il a faite et du gain dont il a été privé, sauf les exceptions et modifications ci-après.",1,1,,Oui,Oui,,1,1,0
24/05784__2025-03-25,5,1231-5,"Il y a lieu de faire droit à la demande en paiement de la société CCF venant aux droits de la société HSBC CONTINENTAL EUROPE, à hauteur de la somme de 16557,41 euros, l’indemnité de 8% étant réduite à néant, en tant que clause pénale excessive pouvant être modérée par le juge.","Lorsque le contrat stipule que celui qui manquera de l'exécuter paiera une certaine somme à titre de dommages et intérêts, il ne peut être alloué à l'autre partie une somme plus forte ni moindre. Néanmoins, le juge peut, même d'office, modérer ou augmenter la pénalité ainsi convenue si elle est manifestement excessive ou dérisoire. Lorsque l'engagement a été exécuté en partie, la pénalité convenue peut être diminuée par le juge, même d'office, à proportion de l'intérêt que l'exécution partielle a procuré au créancier, sans préjudice de l'application de l'alinéa précédent. Toute stipulation contraire aux deux alinéas précédents est réputée non écrite. Sauf inexécution définitive, la pénalité n'est encourue que lorsque le débiteur est mis en demeure.",1,1,,Oui,Oui,,1,1,0
24/02308__2025-04-01,36,1231-5,"Dès lors, le principe de l'application d'une pénalité s'avère acquis.La pénalité financière appliquée à Madame [Z] [J] d’un montant de 2.800 euros n’est pas jugée excessive au regard du maximum de la pénalité encourue de 11.228,76 euros.","Lorsque le contrat stipule que celui qui manquera de l'exécuter paiera une certaine somme à titre de dommages et intérêts, il ne peut être alloué à l'autre partie une somme plus forte ni moindre. Néanmoins, le juge peut, même d'office, modérer ou augmenter la pénalité ainsi convenue si elle est manifestement excessive ou dérisoire. Lorsque l'engagement a été exécuté en partie, la pénalité convenue peut être diminuée par le juge, même d'office, à proportion de l'intérêt que l'exécution partielle a procuré au créancier, sans préjudice de l'application de l'alinéa précédent. Toute stipulation contraire aux deux alinéas précédents est réputée non écrite. Sauf inexécution définitive, la pénalité n'est encourue que lorsque le débiteur est mis en demeure.",1,0,1.0,Oui,Non,Oui,0,1,3
24/20308__2024-09-24,22,1231-5,"Le montant des loyers impayés au 30 juin 2024 ressort à la somme de 20.351,57 € et en application de la clause pénale, la SAS AZ CARS est redevable d’une somme de 2.035,15 € à titre de pénalité forfaitaire laquelle n’est pas susceptible d’être qualifiée de manifestement excessive.","Lorsque le contrat stipule que celui qui manquera de l'exécuter paiera une certaine somme à titre de dommages et intérêts, il ne peut être alloué à l'autre partie une somme plus forte ni moindre. Néanmoins, le juge peut, même d'office, modérer ou augmenter la pénalité ainsi convenue si elle est manifestement excessive ou dérisoire. Lorsque l'engagement a été exécuté en partie, la pénalité convenue peut être diminuée par le juge, même d'office, à proportion de l'intérêt que l'exécution partielle a procuré au créancier, sans préjudice de l'application de l'alinéa précédent. Toute stipulation contraire aux deux alinéas précédents est réputée non écrite. Sauf inexécution définitive, la pénalité n'est encourue que lorsque le débiteur est mis en demeure.",1,1,,Oui,Oui,,1,1,1
24/00583__2024-06-24,9,1231-5,"Monsieur [V] sollicite en outre le paiement d'une majoration de 10% des sommes dues.Cette somme, par sa nature de clause pénale, peut être réduite par le juge du fond en ce qu’elle est susceptible d’être considérée comme manifestement excessive.","Lorsque le contrat stipule que celui qui manquera de l'exécuter paiera une certaine somme à titre de dommages et intérêts, il ne peut être alloué à l'autre partie une somme plus forte ni moindre. Néanmoins, le juge peut, même d'office, modérer ou augmenter la pénalité ainsi convenue si elle est manifestement excessive ou dérisoire. Lorsque l'engagement a été exécuté en partie, la pénalité convenue peut être diminuée par le juge, même d'office, à proportion de l'intérêt que l'exécution partielle a procuré au créancier, sans préjudice de l'application de l'alinéa précédent. Toute stipulation contraire aux deux alinéas précédents est réputée non écrite. Sauf inexécution définitive, la pénalité n'est encourue que lorsque le débiteur est mis en demeure.",0,1,1.0,Non,Oui,Oui,0,1,1
24/03507__2024-09-23,7,1231-5," ramenée forfaitairement à 100 € au titre de l'indemnité légale sur le capital restant dû, la somme demandée s'analysant comme une clause pénale manifestement excessive.","Lorsque le contrat stipule que celui qui manquera de l'exécuter paiera une certaine somme à titre de dommages et intérêts, il ne peut être alloué à l'autre partie une somme plus forte ni moindre. Néanmoins, le juge peut, même d'office, modérer ou augmenter la pénalité ainsi convenue si elle est manifestement excessive ou dérisoire. Lorsque l'engagement a été exécuté en partie, la pénalité convenue peut être diminuée par le juge, même d'office, à proportion de l'intérêt que l'exécution partielle a procuré au créancier, sans préjudice de l'application de l'alinéa précédent. Toute stipulation contraire aux deux alinéas précédents est réputée non écrite. Sauf inexécution définitive, la pénalité n'est encourue que lorsque le débiteur est mis en demeure.",1,1,,Oui,Oui,,1,1,0
24/01201__2024-05-10,2,1231-6,"FIELDdéfendeurMme [I] [C] sera dès lors condamnée au paiement de cette somme, avec intérêts au taux légal à compter du 08/01/2024, date de la mise en demeure.Faute de justifier avoir subi un préjudice distinct du retard apporté au paiement et compensé par les intérêts moratoires, la demande de dommages et intérêts sera rejetée.","Les dommages et intérêts dus à raison du retard dans le paiement d'une obligation de somme d'argent consistent dans l'intérêt au taux légal, à compter de la mise en demeure. Ces dommages et intérêts sont dus sans que le créancier soit tenu de justifier d'aucune perte. Le créancier auquel son débiteur en retard a causé, par sa mauvaise foi, un préjudice indépendant de ce retard, peut obtenir des dommages et intérêts distincts de l'intérêt moratoire.",1,1,,Oui,Oui,,1,1,2
24/00533__2025-01-14,9,1231-6,"Sur la demande en paiement de dommages-intérêts Le syndicat des copropriétaires sollicite une somme de 1 000 euros à titre de dommages-intérêts pour le préjudice résultant de la résistance abusive et du trouble subi.Toutefois, il ne justifie d’aucun préjudice distinct de celui résultant du retard de paiement par Mme [R] [F] des sommes dont elle demeure redevable, lequel est entièrement réparé par l’octroi d’intérêts moratoires assortissant la condamnation précitée.","Les dommages et intérêts dus à raison du retard dans le paiement d'une obligation de somme d'argent consistent dans l'intérêt au taux légal, à compter de la mise en demeure. Ces dommages et intérêts sont dus sans que le créancier soit tenu de justifier d'aucune perte. Le créancier auquel son débiteur en retard a causé, par sa mauvaise foi, un préjudice indépendant de ce retard, peut obtenir des dommages et intérêts distincts de l'intérêt moratoire.",1,1,,oui,Oui,,1,1,4
23/14280__2025-04-03,15,1231-6,"Faute de justifier de l'existence d'un préjudice distinct de celui susceptible d'être réparé par les intérêts moratoires assortissant sa créance, et de démontrer que les copropriétaires ont agi de mauvaise foi, le syndicat des copropriétaires sera débouté de sa demande en paiement de dommages et intérêts.","Les dommages et intérêts dus à raison du retard dans le paiement d'une obligation de somme d'argent consistent dans l'intérêt au taux légal, à compter de la mise en demeure. Ces dommages et intérêts sont dus sans que le créancier soit tenu de justifier d'aucune perte. Le créancier auquel son débiteur en retard a causé, par sa mauvaise foi, un préjudice indépendant de ce retard, peut obtenir des dommages et intérêts distincts de l'intérêt moratoire.",1,1,,Oui,Oui,,1,1,1
24/01303__2024-05-24,3,1231-6,"S’agissant de la demande du syndicat au titre des frais de recouvrement, il y sera fait droit à hauteur de 300 euros, dès lors que rien ne justifie l’envoi et la facturation d’autant de mises en demeure, relances, sommations et frais de suivi de procédure par le syndic.Faute de justifier avoir subi un préjudice distinct du retard apporté au paiement et compensé par les intérêts moratoires, la demande de dommages et intérêts sera rejetée.","Les dommages et intérêts dus à raison du retard dans le paiement d'une obligation de somme d'argent consistent dans l'intérêt au taux légal, à compter de la mise en demeure. Ces dommages et intérêts sont dus sans que le créancier soit tenu de justifier d'aucune perte. Le créancier auquel son débiteur en retard a causé, par sa mauvaise foi, un préjudice indépendant de ce retard, peut obtenir des dommages et intérêts distincts de l'intérêt moratoire.",1,1,,Oui,Oui,,1,1,0
24/02798__2025-04-02,8,1231-6,"Sur la demande de dommages et intérêts Faute de justifier d’un quelconque préjudice indépendant du retard de paiement de loyers, réparé par l’allocation des intérêts au taux légal précédemment ordonnée, il y a lieu de rejeter la demande.","Les dommages et intérêts dus à raison du retard dans le paiement d'une obligation de somme d'argent consistent dans l'intérêt au taux légal, à compter de la mise en demeure. Ces dommages et intérêts sont dus sans que le créancier soit tenu de justifier d'aucune perte. Le créancier auquel son débiteur en retard a causé, par sa mauvaise foi, un préjudice indépendant de ce retard, peut obtenir des dommages et intérêts distincts de l'intérêt moratoire.",1,1,,oui,Oui,,1,1,3
24/00235__2024-07-11,11,1231-6,"Sur les dommages et intérêts :  Le syndicat de copropriétaires ne rapporte pas la preuve de la mauvaise foi de la défenderesse, qui ne peut être déduite uniquement du défaut de paiement, ni d'un préjudice distinct de celui causé par le retard de paiement indemnisé par les intérêts moratoires.Il sera dès lors débouté de sa demande de dommages et intérêts.","Les dommages et intérêts dus à raison du retard dans le paiement d'une obligation de somme d'argent consistent dans l'intérêt au taux légal, à compter de la mise en demeure. Ces dommages et intérêts sont dus sans que le créancier soit tenu de justifier d'aucune perte. Le créancier auquel son débiteur en retard a causé, par sa mauvaise foi, un préjudice indépendant de ce retard, peut obtenir des dommages et intérêts distincts de l'intérêt moratoire.",1,1,,Oui,Oui,,1,1,3
24/00458__2024-11-07,8,1231-6,Cette somme produira intérêts au taux légal à compter de la mise en demeure du 28 septembre 2023.Le demandeur ne justifie aucunement d’un préjudice distinct de celui compensé par l’octroi des intérêts de retard et sera donc débouté de sa demande de dommages et intérêts.,"Les dommages et intérêts dus à raison du retard dans le paiement d'une obligation de somme d'argent consistent dans l'intérêt au taux légal, à compter de la mise en demeure. Ces dommages et intérêts sont dus sans que le créancier soit tenu de justifier d'aucune perte. Le créancier auquel son débiteur en retard a causé, par sa mauvaise foi, un préjudice indépendant de ce retard, peut obtenir des dommages et intérêts distincts de l'intérêt moratoire.",1,1,,Oui,Oui,,1,1,1
25/00027__2025-04-04,15,1231-6,"En se refusant de façon répétée à s’acquitter régulièrement de ses charges de copropriété sans raison valable, la SCI R.S.INISHA a commis une faute qui a causé à la copropriété un préjudice direct et certain, distinct du simple retard de paiement compensé par les intérêts moratoires.","Les dommages et intérêts dus à raison du retard dans le paiement d'une obligation de somme d'argent consistent dans l'intérêt au taux légal, à compter de la mise en demeure. Ces dommages et intérêts sont dus sans que le créancier soit tenu de justifier d'aucune perte. Le créancier auquel son débiteur en retard a causé, par sa mauvaise foi, un préjudice indépendant de ce retard, peut obtenir des dommages et intérêts distincts de l'intérêt moratoire.",1,1,,Oui,Oui,,1,1,3
24/00120__2024-06-04,2,1231-6,"Sur les dommages et intérêts :  Le syndicat de copropriétaires ne rapporte pas la preuve de la mauvaise foi du défendeur, qui ne peut être déduite uniquement du défaut de paiement, ni d'un préjudice distinct de celui causé par le retard de paiement indemnisé par les intérêts moratoires, il sera débouté de sa demande de dommages et intérêts.","Les dommages et intérêts dus à raison du retard dans le paiement d'une obligation de somme d'argent consistent dans l'intérêt au taux légal, à compter de la mise en demeure. Ces dommages et intérêts sont dus sans que le créancier soit tenu de justifier d'aucune perte. Le créancier auquel son débiteur en retard a causé, par sa mauvaise foi, un préjudice indépendant de ce retard, peut obtenir des dommages et intérêts distincts de l'intérêt moratoire.",1,1,,Oui,Oui,,1,1,1
24/03034__2024-06-03,9,1231-6,"Par conséquent, il y a lieu de faire droit à la demande de SDC CHANTEPERDRIX de condamner [K] [S] à lui payer les sommes de : 390 €Sur les dommages et intérêts : Le préjudice résultant du retard de paiement des charges par la défenderesse est suffisamment réparé par l’octroi des intérêts de retard.Le demandeur sera donc débouté de cette demande.","Les dommages et intérêts dus à raison du retard dans le paiement d'une obligation de somme d'argent consistent dans l'intérêt au taux légal, à compter de la mise en demeure. Ces dommages et intérêts sont dus sans que le créancier soit tenu de justifier d'aucune perte. Le créancier auquel son débiteur en retard a causé, par sa mauvaise foi, un préjudice indépendant de ce retard, peut obtenir des dommages et intérêts distincts de l'intérêt moratoire.",1,1,,oui,Oui,,1,1,3
19/10491__2024-04-15,82,1231-7,"Il revient dès lors à la SARL 3 BIS la somme de 185.949,69 Euros (371.899,38 / 2) de ce chef.Le point de départ des intérêts au taux légal sera fixé au jour du présent jugement.","En toute matière, la condamnation à une indemnité emporte intérêts au taux légal même en l'absence de demande ou de disposition spéciale du jugement. Sauf disposition contraire de la loi, ces intérêts courent à compter du prononcé du jugement à moins que le juge n'en décide autrement. En cas de confirmation pure et simple par le juge d'appel d'une décision allouant une indemnité en réparation d'un dommage, celle-ci porte de plein droit intérêt au taux légal à compter du jugement de première instance. Dans les autres cas, l'indemnité allouée en appel porte intérêt à compter de la décision d'appel. Le juge d'appel peut toujours déroger aux dispositions du présent alinéa.",1,1,,Oui,Oui,,1,1,3
24/01796__2025-03-14,10,1231-7, date de l’audience cette somme portant intérêts au taux légal à compter du prononcé de la présente décision.,"En toute matière, la condamnation à une indemnité emporte intérêts au taux légal même en l'absence de demande ou de disposition spéciale du jugement. Sauf disposition contraire de la loi, ces intérêts courent à compter du prononcé du jugement à moins que le juge n'en décide autrement. En cas de confirmation pure et simple par le juge d'appel d'une décision allouant une indemnité en réparation d'un dommage, celle-ci porte de plein droit intérêt au taux légal à compter du jugement de première instance. Dans les autres cas, l'indemnité allouée en appel porte intérêt à compter de la décision d'appel. Le juge d'appel peut toujours déroger aux dispositions du présent alinéa.",1,1,,Oui,Oui,,1,1,3
23/01685__2024-01-30,16,1231-7," produites, la somme de 3411,16 euros, qui sera assortie des intérêts légaux, à compter du prononcé du présent jugement.","En toute matière, la condamnation à une indemnité emporte intérêts au taux légal même en l'absence de demande ou de disposition spéciale du jugement. Sauf disposition contraire de la loi, ces intérêts courent à compter du prononcé du jugement à moins que le juge n'en décide autrement. En cas de confirmation pure et simple par le juge d'appel d'une décision allouant une indemnité en réparation d'un dommage, celle-ci porte de plein droit intérêt au taux légal à compter du jugement de première instance. Dans les autres cas, l'indemnité allouée en appel porte intérêt à compter de la décision d'appel. Le juge d'appel peut toujours déroger aux dispositions du présent alinéa.",1,1,,Oui,Oui,,1,1,3
24/00330__2024-09-20,25,1231-7,"S’agissant d’une provision, cette somme portera intérêts au taux légal à compter du prononcé de la présente décision.","En toute matière, la condamnation à une indemnité emporte intérêts au taux légal même en l'absence de demande ou de disposition spéciale du jugement. Sauf disposition contraire de la loi, ces intérêts courent à compter du prononcé du jugement à moins que le juge n'en décide autrement. En cas de confirmation pure et simple par le juge d'appel d'une décision allouant une indemnité en réparation d'un dommage, celle-ci porte de plein droit intérêt au taux légal à compter du jugement de première instance. Dans les autres cas, l'indemnité allouée en appel porte intérêt à compter de la décision d'appel. Le juge d'appel peut toujours déroger aux dispositions du présent alinéa.",1,1,,Oui,Oui,,1,1,3
24/01539__2024-11-29,10,1231-7, de l’audience cette somme portant intérêts au taux légal à compter du prononcé de la présente décision.,"En toute matière, la condamnation à une indemnité emporte intérêts au taux légal même en l'absence de demande ou de disposition spéciale du jugement. Sauf disposition contraire de la loi, ces intérêts courent à compter du prononcé du jugement à moins que le juge n'en décide autrement. En cas de confirmation pure et simple par le juge d'appel d'une décision allouant une indemnité en réparation d'un dommage, celle-ci porte de plein droit intérêt au taux légal à compter du jugement de première instance. Dans les autres cas, l'indemnité allouée en appel porte intérêt à compter de la décision d'appel. Le juge d'appel peut toujours déroger aux dispositions du présent alinéa.",1,1,,Oui,Oui,,1,1,3
24/00180__2024-04-25,6,1231-7,"Il convient donc de condamner Monsieur [N] [P] à verser à la Régie Immobilière de la Ville de [Localité 4] (RIVP) ladite somme, avec intérêts au taux légal à compter de la date de la présente décision.","En toute matière, la condamnation à une indemnité emporte intérêts au taux légal même en l'absence de demande ou de disposition spéciale du jugement. Sauf disposition contraire de la loi, ces intérêts courent à compter du prononcé du jugement à moins que le juge n'en décide autrement. En cas de confirmation pure et simple par le juge d'appel d'une décision allouant une indemnité en réparation d'un dommage, celle-ci porte de plein droit intérêt au taux légal à compter du jugement de première instance. Dans les autres cas, l'indemnité allouée en appel porte intérêt à compter de la décision d'appel. Le juge d'appel peut toujours déroger aux dispositions du présent alinéa.",1,1,,Oui,Oui,,1,1,1
22/03297__2024-01-23,69,1231-7,"Sur les intérêts En toute matière, la condamnation à une indemnité emporte intérêts au taux légal même en l’absence de demande à compter du prononcé du jugement à moins que le juge n’en décide autrement.Il n’est pas justifié d’un motif de déroger à cette règle.","En toute matière, la condamnation à une indemnité emporte intérêts au taux légal même en l'absence de demande ou de disposition spéciale du jugement. Sauf disposition contraire de la loi, ces intérêts courent à compter du prononcé du jugement à moins que le juge n'en décide autrement. En cas de confirmation pure et simple par le juge d'appel d'une décision allouant une indemnité en réparation d'un dommage, celle-ci porte de plein droit intérêt au taux légal à compter du jugement de première instance. Dans les autres cas, l'indemnité allouée en appel porte intérêt à compter de la décision d'appel. Le juge d'appel peut toujours déroger aux dispositions du présent alinéa.",1,1,,Oui,Oui,,1,1,0
12/13612__2024-10-18,65,1231-7,Sur les autres demandes  Sur les intérêts  L’ensemble des condamnations de la SA PACIFICA au paiement d’indemnités sera assorti d’intérêts au taux légal à compter du prononcé de la présente décision.,"En toute matière, la condamnation à une indemnité emporte intérêts au taux légal même en l'absence de demande ou de disposition spéciale du jugement. Sauf disposition contraire de la loi, ces intérêts courent à compter du prononcé du jugement à moins que le juge n'en décide autrement. En cas de confirmation pure et simple par le juge d'appel d'une décision allouant une indemnité en réparation d'un dommage, celle-ci porte de plein droit intérêt au taux légal à compter du jugement de première instance. Dans les autres cas, l'indemnité allouée en appel porte intérêt à compter de la décision d'appel. Le juge d'appel peut toujours déroger aux dispositions du présent alinéa.",1,1,,oui,Oui,,1,1,3
24/00086__2025-03-13,8,1240,Les faits ayant nuit à la tranquillité il convient de fixer les dommages et intérêts au titre du préjudice moral à la somme de 300 €.,"Tout fait quelconque de l'homme, qui cause à autrui un dommage, oblige celui par la faute duquel il est arrivé à le réparer.",1,1,,Oui,Oui,,1,1,3
21/02281__2024-10-17,26,1240,"En revanche, la société METLAF sera déboutée de sa demande tendant à obtenir réparation du préjudice résultant des faits de vol avec effraction pour lesquels le représentant légal de la société STADIUM CITY a été pénalement condamné dès lors que le tribunal correctionnel a déjà statué sur sa demande indemnitaire en lui allouant la somme de 8 838,00 € en réparation de son préjudice matériel. Il résulte de l’ensemble de ces éléments que","Tout fait quelconque de l'homme, qui cause à autrui un dommage, oblige celui par la faute duquel il est arrivé à le réparer.",0,1,0.0,Non,Oui,Non,0,0,4
24/02298__2024-11-12,19,1240,Elles seront condamnées in solidum à payer cette somme.Selon le principe selon lequel chacun des coauteurs d'un même dommage doit être condamné à le réparer en totalité.,"Tout fait quelconque de l'homme, qui cause à autrui un dommage, oblige celui par la faute duquel il est arrivé à le réparer.",1,0,0.0,Oui,Non,"Non, application d’un régime spécial",0,0,3
23/00797__2024-01-18,14,1240,La condamnation à des dommages et intérêts pour procédure abusive suppose que soit caractérisée la faute de la partie perdante faisant dégénérer en abus l’exercice du droit d’ester en justice.,"Tout fait quelconque de l'homme, qui cause à autrui un dommage, oblige celui par la faute duquel il est arrivé à le réparer.",0,0,,Non,Non,,1,0,3
22/00013__2025-02-13,3,1240,La charge de la preuve de ces éléments lui incombe.Le dommage doit prendre sa source dans le délit poursuivi et avoir été directement causé par l'infraction.,"Tout fait quelconque de l'homme, qui cause à autrui un dommage, oblige celui par la faute duquel il est arrivé à le réparer.",0,0,,Non,Non,,1,0,0
24/09447__2025-01-17,0,1240,"MOTIFS Tout fait quelconque de l’homme qui cause à autrui un dommage oblige celui par la faute duquel il est arrivé à le réparer; En l’espèce, il ressort du constat amiable établi contradictoirement le 2 octobre 2020, que le véhicule de marque IVECO immatriculé [Immatriculation 9] appartenant à la société STRICHER, qui était stationné au quai du bâtiment A3 du marché de","Tout fait quelconque de l'homme, qui cause à autrui un dommage, oblige celui par la faute duquel il est arrivé à le réparer.",1,1,,Oui,Oui,,1,1,1
17/00115__2024-09-12,5,1240,La charge de la preuve de ces éléments lui incombe.Le dommage doit prendre sa source dans le délit poursuivi et avoir été directement causé par l’infraction.,"Tout fait quelconque de l'homme, qui cause à autrui un dommage, oblige celui par la faute duquel il est arrivé à le réparer.",1,0,0.0,Oui,Non,Non,0,0,4
21/01819__2025-05-23,53,1241,"Or, la cause de ces dits préjudices résulte du fait du syndicat de copropriété légalement responsable des dommages causés aux tiers par le défaut d'entretien des parties communes.Aucune faute n’est directement imputable à la SCI CAMERON dans la survenance de ces éléments.","Chacun est responsable du dommage qu'il a causé non seulement par son fait, mais encore par sa négligence ou par son imprudence.",1,0,0.0,Oui,Non,"Non, application d’un régime spécial",0,0,4
22/07490__2024-09-23,6,1241,Le principe du droit à indemnisation intégrale du demandeur est en revanche contesté par l'assureur qui reproche à M. [F] [S] d'avoir commis des fautes à l'origine de son dommage.,"Chacun est responsable du dommage qu'il a causé non seulement par son fait, mais encore par sa négligence ou par son imprudence.",0,0,,Non,Non,,1,0,3
24/00535__2024-11-06,16,1242,"Or, il résulte des pieces versées aux débats que Monsieur [K] [Y], dirigeant de la SAS PHENIX MUTLISERVICES, conduisait l’engin impliqué au moment de l’accident, de sorte qu’il n’est pas exclu qu’il en ait alors eu la garde, ce qui serait de nature à écarter la responsabilité du propriétaire du véhicule.","On est responsable non seulement du dommage que l'on cause par son propre fait, mais encore de celui qui est causé par le fait des personnes dont on doit répondre, ou des choses que l'on a sous sa garde. Toutefois, celui qui détient, à un titre quelconque, tout ou partie de l'immeuble ou des biens mobiliers dans lesquels un incendie a pris naissance ne sera responsable, vis-à-vis des tiers, des dommages causés par cet incendie que s'il est prouvé qu'il doit être attribué à sa faute ou à la faute des personnes dont il est responsable. Cette disposition ne s'applique pas aux rapports entre propriétaires et locataires, qui demeurent régis par les articles 1733 et 1734 du code civil. Le père et la mère, en tant qu'ils exercent l'autorité parentale, sont solidairement responsables du dommage causé par leurs enfants mineurs habitant avec eux. Les maîtres et les commettants, du dommage causé par leurs domestiques et préposés dans les fonctions auxquelles ils les ont employés ; Les instituteurs et les artisans, du dommage causé par leurs élèves et apprentis pendant le temps qu'ils sont sous leur surveillance. La responsabilité ci-dessus a lieu, à moins que les père et mère et les artisans ne prouvent qu'ils n'ont pu empêcher le fait qui donne lieu à cette responsabilité. En ce qui concerne les instituteurs, les fautes, imprudences ou négligences invoquées contre eux comme ayant causé le fait dommageable, devront être prouvées, conformément au droit commun, par le demandeur, à l'instance.",1,1,,Oui,Oui,,1,1,3
21/08496__2024-04-30,3,1245-12,"Le syndicat ne peut s'exonérer de cette responsabilité qu'en rapportant la preuve d'une force majeure ou d'une faute de la victime ou d'un tiers.Pour une exonération totale, la faute de la victime ou du tiers doit avoir causé l'entier dommage.","La responsabilité du producteur peut être réduite ou supprimée, compte tenu de toutes les circonstances, lorsque le dommage est causé conjointement par un défaut du produit et par la faute de la victime ou d'une personne dont la victime est responsable.",0,0,,Non,"Non, application d’un régime spécial",,1,0,2
22/07271__2024-05-27,28,1245-13,"Sur le partage de responsabilité Il est acquis que la personne ayant concouru, par sa faute, à la réalisation d'un dommage est tenue d'en réparer l'intégralité des conséquences, à charge pour elle, le cas échéant d'exercer un recours contributif à l'égard des éventuelles autres personnes responsables.Le Dr [D] est donc tenu de réparer l'intégralité de la perte de chance subie par [B].",La responsabilité du producteur envers la victime n'est pas réduite par le fait d'un tiers ayant concouru à la réalisation du dommage.,0,0,,Non,Non,,1,0,0
24/00221__2025-03-24,4,1245-13,"Il est indifférent que la faute inexcusable commise par l’employeur ait été la cause déterminante de l'accident subi par le salarié mais il suffit qu’elle en soit une cause nécessaire pour que la responsabilité de l’employeur soit engagée, alors même que d’autres fautes – en ce compris la faute d'imprudence de la victime – auraient concouru au dommage.",La responsabilité du producteur envers la victime n'est pas réduite par le fait d'un tiers ayant concouru à la réalisation du dommage.,0,0,,Non,Non,,1,0,4
23/00330__2024-10-21,15,1245-13,"Il est indifférent que la faute inexcusable commise par l'employeur ait été la cause déterminante de l'accident survenu au salarié ; il suffit en effet qu'elle en soit une cause nécessaire pour que la responsabilité de l'employeur soit engagée, alors même que d'autres fautes auraient concouru au dommage.",La responsabilité du producteur envers la victime n'est pas réduite par le fait d'un tiers ayant concouru à la réalisation du dommage.,0,0,,Non,Non,,1,0,4
20/02164__2024-09-23,2,1245-13,’en préserver. Il suffit que la faute commise par l’employeur soit une cause nécessaire de l’accident pour que la responsabilité de ce dernier soit engagée alors même que d’autres fautes ont concourus au dommage.,La responsabilité du producteur envers la victime n'est pas réduite par le fait d'un tiers ayant concouru à la réalisation du dommage.,0,0,,Non,Non,,1,0,2
22/00621__2025-03-21,5,1245-13,"Il suffit qu’elle en soit une cause nécessaire pour que la responsabilité de l’employeur soit engagée, alors même que d’autres fautes - en ce compris la faute d'imprudence de la victime - auraient concouru au dommage.",La responsabilité du producteur envers la victime n'est pas réduite par le fait d'un tiers ayant concouru à la réalisation du dommage.,0,0,,Non,Non,,1,0,2
23/02432__2024-12-18,7,1245-3,"En outre, le placard, dont il n’est pas démontré qu’il a été affiché lors de l’acquisition de la rate, fait état du régime alimentaire de l’animal, des conditions d’hygiène en lien avec son environnement et de ses particularités telles que sa taille, son poids, son régime alimentaire, sa longévité ou encore les maladies dont il peut être fréquemment atteint et non celles dont il peut être vecteur. Or, la connaissance du risque de maladie","Un produit est défectueux au sens du présent chapitre lorsqu'il n'offre pas la sécurité à laquelle on peut légitimement s'attendre. Dans l'appréciation de la sécurité à laquelle on peut légitimement s'attendre, il doit être tenu compte de toutes les circonstances et notamment de la présentation du produit, de l'usage qui peut en être raisonnablement attendu et du moment de sa mise en circulation. Un produit ne peut être considéré comme défectueux par le seul fait qu'un autre, plus perfectionné, a été mis postérieurement en circulation.",0,0,,Non,Non,,1,0,1
22/01351__2024-10-18,7,1245-8,"Conformément au droit commun, la charge de la preuve du lien de causalité pèse en principe sur le demandeur et il lui incombe, en l'absence de toute présomption légale en sa faveur, d'établir que fait générateur de responsabilité est en relation causale avec le préjudice dont il se plaint.Il doit donc établir un rapport de nécessité entre le fait générateur et son dommage, à savoir que, sans celui-ci, son dommage ne se serait pas produit.","Le demandeur doit prouver le dommage, le défaut et le lien de causalité entre le défaut et le dommage.",1,0,0.0,Oui,Non,Non,0,0,4
17/00115__2024-09-12,26,1251,"La particulière visibilité, l’aspect manifestement disgracieux de la lésion corporelle et son caractère non naturellement résolutif, son incapacité à s’estomper d’elle même, sont autant de facteurs qui caractérise l’existence d’un tel préjudice et qui vont inciter la victime à subir un geste de chirurgie esthétique destiné à modifier, à atténuer la disgrâce à l’avenir. En conséquence, ce type de préjudice n’existe qu’à la condition que la","Les dépenses exposées pour prévenir la réalisation imminente d'un dommage, pour éviter son aggravation ou pour en réduire les conséquences constituent un préjudice réparable.",0,0,,Non,Non,,1,0,4
22/10133__2024-07-18,29,1253,"Par suite, le propriétaire est responsable de plein droit des troubles anormaux de voisinage provenant de son fonds, que ceux-ci aient été causés par son fait ou par celui de personnes avec lesquelles il est lié par contrat (Civ. 3ème, 17 avril 1996, n° 94-15.876).","Le propriétaire, le locataire, l'occupant sans titre, le bénéficiaire d'un titre ayant pour objet principal de l'autoriser à occuper ou à exploiter un fonds, le maître d'ouvrage ou celui qui en exerce les pouvoirs qui est à l'origine d'un trouble excédant les inconvénients normaux de voisinage est responsable de plein droit du dommage qui en résulte. Sous réserve de l' article L. 311-1-1 du code rural et de la pêche maritime , cette responsabilité n'est pas engagée lorsque le trouble anormal provient d'activités, quelle qu'en soit la nature, existant antérieurement à l'acte transférant la propriété ou octroyant la jouissance du bien ou, à défaut d'acte, à la date d'entrée en possession du bien par la personne lésée. Ces activités doivent être conformes aux lois et aux règlements et s'être poursuivies dans les mêmes conditions ou dans des conditions nouvelles qui ne sont pas à l'origine d'une aggravation du trouble anormal.",0,1,0.0,Non,Oui,"Non, application d’un régime spécial",0,0,4
20/08717__2024-03-21,14,1253,"Par ailleurs, le tiers lésé, qu’il soit propriétaire ou qu’il soit occupant des lieux dont la jouissance paisible a été troublée, est recevable à diriger indifféremment son action aussi bien contre l’auteur effectif du trouble que contre le propriétaire des lieux où le trouble a trouvé son origine ou sa cause.Le principe selon lequel nul ne doit causer un trouble de voisinage s'applique donc à tous les occupants d'un immeuble en copropriété, quel que soit le titre de leur occupation.","Le propriétaire, le locataire, l'occupant sans titre, le bénéficiaire d'un titre ayant pour objet principal de l'autoriser à occuper ou à exploiter un fonds, le maître d'ouvrage ou celui qui en exerce les pouvoirs qui est à l'origine d'un trouble excédant les inconvénients normaux de voisinage est responsable de plein droit du dommage qui en résulte. Sous réserve de l' article L. 311-1-1 du code rural et de la pêche maritime , cette responsabilité n'est pas engagée lorsque le trouble anormal provient d'activités, quelle qu'en soit la nature, existant antérieurement à l'acte transférant la propriété ou octroyant la jouissance du bien ou, à défaut d'acte, à la date d'entrée en possession du bien par la personne lésée. Ces activités doivent être conformes aux lois et aux règlements et s'être poursuivies dans les mêmes conditions ou dans des conditions nouvelles qui ne sont pas à l'origine d'une aggravation du trouble anormal.",1,1,,Oui,Oui,,1,1,0
22/07957__2024-05-16,256,1253,""" La responsabilité résultant de troubles qui dépassent les inconvénients normaux de voisinage, lesquels doivent être prouvés par celui qui les invoque, est établie objectivement, sans que la preuve d'une faute soit exigée.Le propriétaire est responsable de plein droit des troubles anormaux de voisinage provenant de son fonds, que ceux-ci aient été causés par son fait ou par celui de personnes avec lesquelles il est lié par contrat, notamment par le preneur de son lot.","Le propriétaire, le locataire, l'occupant sans titre, le bénéficiaire d'un titre ayant pour objet principal de l'autoriser à occuper ou à exploiter un fonds, le maître d'ouvrage ou celui qui en exerce les pouvoirs qui est à l'origine d'un trouble excédant les inconvénients normaux de voisinage est responsable de plein droit du dommage qui en résulte. Sous réserve de l' article L. 311-1-1 du code rural et de la pêche maritime , cette responsabilité n'est pas engagée lorsque le trouble anormal provient d'activités, quelle qu'en soit la nature, existant antérieurement à l'acte transférant la propriété ou octroyant la jouissance du bien ou, à défaut d'acte, à la date d'entrée en possession du bien par la personne lésée. Ces activités doivent être conformes aux lois et aux règlements et s'être poursuivies dans les mêmes conditions ou dans des conditions nouvelles qui ne sont pas à l'origine d'une aggravation du trouble anormal.",1,1,,Oui,Oui,,1,1,0
23/05820__2025-04-07,20,1253,", qu'il soit propriétaire occupant ou non, occupant non propriétaire avec ou sans titre, ou encore voisin occasionnel, tel l’entrepreneur qui réalise des travaux, sans possibilité, pour ledit voisin, de s'exonérer en tout ou partie de sa responsabilité à l'égard de son voisin en invoquant le fait d'un tiers, sauf à ce qu'il présente les caractères de la force majeure pour être extérieur, imprévisible et irrésistible.","Le propriétaire, le locataire, l'occupant sans titre, le bénéficiaire d'un titre ayant pour objet principal de l'autoriser à occuper ou à exploiter un fonds, le maître d'ouvrage ou celui qui en exerce les pouvoirs qui est à l'origine d'un trouble excédant les inconvénients normaux de voisinage est responsable de plein droit du dommage qui en résulte. Sous réserve de l' article L. 311-1-1 du code rural et de la pêche maritime , cette responsabilité n'est pas engagée lorsque le trouble anormal provient d'activités, quelle qu'en soit la nature, existant antérieurement à l'acte transférant la propriété ou octroyant la jouissance du bien ou, à défaut d'acte, à la date d'entrée en possession du bien par la personne lésée. Ces activités doivent être conformes aux lois et aux règlements et s'être poursuivies dans les mêmes conditions ou dans des conditions nouvelles qui ne sont pas à l'origine d'une aggravation du trouble anormal.",1,1,,Oui,Oui,,1,1,1
22/07957__2024-05-16,257,1253,"La mise en œuvre de la responsabilité objective pour troubles anormaux du voisinage suppose la preuve d'une nuisance excédant les inconvénients normaux de la cohabitation dans un immeuble collectif en fonction des circonstances et de la situation des lieux.Par suite le propriétaire est responsable de plein droit des troubles anormaux de voisinage provenant de son fonds, que ceux-ci aient été causés par son fait ou par celui de personnes avec lesquelles il est lié par contrat, telles que les entreprises.","Le propriétaire, le locataire, l'occupant sans titre, le bénéficiaire d'un titre ayant pour objet principal de l'autoriser à occuper ou à exploiter un fonds, le maître d'ouvrage ou celui qui en exerce les pouvoirs qui est à l'origine d'un trouble excédant les inconvénients normaux de voisinage est responsable de plein droit du dommage qui en résulte. Sous réserve de l' article L. 311-1-1 du code rural et de la pêche maritime , cette responsabilité n'est pas engagée lorsque le trouble anormal provient d'activités, quelle qu'en soit la nature, existant antérieurement à l'acte transférant la propriété ou octroyant la jouissance du bien ou, à défaut d'acte, à la date d'entrée en possession du bien par la personne lésée. Ces activités doivent être conformes aux lois et aux règlements et s'être poursuivies dans les mêmes conditions ou dans des conditions nouvelles qui ne sont pas à l'origine d'une aggravation du trouble anormal.",1,1,,Oui,Oui,,1,1,0
20/03120__2024-06-27,12,1253,"Par suite, le propriétaire est responsable de plein droit des troubles anormaux de voisinage provenant de son fonds, que ceux-ci aient été causés par son fait ou par celui de personnes avec lesquelles il est lié par contrat.","Le propriétaire, le locataire, l'occupant sans titre, le bénéficiaire d'un titre ayant pour objet principal de l'autoriser à occuper ou à exploiter un fonds, le maître d'ouvrage ou celui qui en exerce les pouvoirs qui est à l'origine d'un trouble excédant les inconvénients normaux de voisinage est responsable de plein droit du dommage qui en résulte. Sous réserve de l' article L. 311-1-1 du code rural et de la pêche maritime , cette responsabilité n'est pas engagée lorsque le trouble anormal provient d'activités, quelle qu'en soit la nature, existant antérieurement à l'acte transférant la propriété ou octroyant la jouissance du bien ou, à défaut d'acte, à la date d'entrée en possession du bien par la personne lésée. Ces activités doivent être conformes aux lois et aux règlements et s'être poursuivies dans les mêmes conditions ou dans des conditions nouvelles qui ne sont pas à l'origine d'une aggravation du trouble anormal.",1,1,,Oui,Oui,,1,1,2
24/00636__2024-06-07,9,1302,"Par conséquent, il y a lieu de prévoir que [Z] et [T] [D] ne seront tenus à aucune restitution ayant payé pour des travaux dont l’effectivité est défaillante et que la société MISTER TOITURE sera condamnée à payer la somme de 5 772.56 euros au titre des acomptes versés pour le bon de commande du 6 novembre 2022.",Tout paiement suppose une dette ; ce qui a été reçu sans être dû est sujet à restitution. La restitution n'est pas admise à l'égard des obligations naturelles qui ont été volontairement acquittées.,0,1,0.0,Non,Oui,Non,0,0,3
24/00496__2025-01-13,34,1302-3,"Le prêteur qui a versé les fonds sans s'être assuré, comme il y est tenu, de la régularité formelle du contrat principal ou de sa complète exécution, peut être privé en tout ou partie de sa créance de restitution, dès lors que l'emprunteur justifie avoir subi un préjudice en lien avec cette faute.Sur les conséquences de l’annulation du contrat de vente L’annulation du contrat principal de vente entraine la restitution de la chose vendue et celle du prix.",La restitution est soumise aux règles fixées aux articles 1352 à 1352-9. Elle peut être réduite si le paiement procède d'une faute.,1,1,,Oui,Oui,,1,1,1
18/03304__2024-11-05,114,1304,"Ces éléments suffisent à établir la stipulation d’une franchise sans qu’il soit nécessaire d’exiger la production du contrat cadre conclu avec le constructeur, lequel est d’ailleurs partie à l’instance et ne conteste pas les conditions du contrat.Ils établissent également que la condition suspensive s’est réalisée dans le délai, et que les époux [C] étaient ainsi informés de l’existence d'une franchise en cas de mobilisation de la garantie.",L'obligation est conditionnelle lorsqu'elle dépend d'un événement futur et incertain. La condition est suspensive lorsque son accomplissement rend l'obligation pure et simple. Elle est résolutoire lorsque son accomplissement entraîne l'anéantissement de l'obligation.,1,1,,Oui,Oui,,1,1,2
22/03382__2025-04-02,16,1304,"De plus et en tout état de cause, s’il est incontestable, au vu notamment du courrier de la mairie en date du 23 octobre 2023, que le changement de destination en bureaux entraînait la nécessité de créer 8 places de stationnement, cette création ne peut valoir, par référence aux termes de la condition suspensive de droit commun et à leur portée, quelconque diminution, sensible ou non, de la valeur de l’immeuble, au contraire, au moins à terme, s’agissant de places de",L'obligation est conditionnelle lorsqu'elle dépend d'un événement futur et incertain. La condition est suspensive lorsque son accomplissement rend l'obligation pure et simple. Elle est résolutoire lorsque son accomplissement entraîne l'anéantissement de l'obligation.,0,0,,Non,Non,,1,0,3
21/08564__2025-04-07,15,1304,"La seconde condition suspensive, dont la finalité était manifestement de préserver la société LA VIE CLAIRE d’un accord auquel elle n’aurait pas consenti et qui lui serait potentiellement préjudiciable (et non de permettre à la sociéré SETC d’échapper aux engagements pris personnellement), était pareillement remplie à la date fixée.",L'obligation est conditionnelle lorsqu'elle dépend d'un événement futur et incertain. La condition est suspensive lorsque son accomplissement rend l'obligation pure et simple. Elle est résolutoire lorsque son accomplissement entraîne l'anéantissement de l'obligation.,1,0,0.0,Oui,Non,"Non, faits ou prétentions des parties uniquement",0,0,2
23/09078__2024-06-10,6,1304,"Dans ces conditions, il n’est pas suffisamment démontré que la condition suspensive relative à l’obtention du prêt était réalisée, ni, plus généralement, que les époux [Y] ont fautivement fait obstacle à la réalisation de la vente litigieuse.La responsabilité des défendeurs n’a pas lieu d’être retenue ; la demande indemnitaire sera rejetée.",L'obligation est conditionnelle lorsqu'elle dépend d'un événement futur et incertain. La condition est suspensive lorsque son accomplissement rend l'obligation pure et simple. Elle est résolutoire lorsque son accomplissement entraîne l'anéantissement de l'obligation.,0,1,0.0,Non,Oui,Non,0,0,4
23/02301__2025-01-08,2,1304-3,"Les effets de ce compromis étaient contractuellement soumis à la levée de réserves (réserve du droit de préemption) et à l’accomplissement de conditions suspensives, dont la non réalisation d’une seule entraînerait la caducité du compromis, avec toute condition suspensive étant réputée accomplie en cas d’empêchement de sa réalisation par la partie y ayant intérêt et avec possibilté de renonciation par écrit : conditions suspensives de droit commun et condition d’obtention de prêt (montant maximum 280 000 euros, durée de remboursement maximal 20",La condition suspensive est réputée accomplie si celui qui y avait intérêt en a empêché l'accomplissement. La condition résolutoire est réputée défaillie si son accomplissement a été provoqué par la partie qui y avait intérêt.,1,1,,Oui,Oui,,1,1,4
22/01717__2024-09-19,6,1304-3,"Dans le courrier électronique qu’il produit, il est, en effet, indiqué qu’ils hésitent à vendre, mais il ne fournit aucune pièce à travers laquelle ils laissent entendre qu’ils renoncent définitivement à la vente.Monsieur [Y] reproche aux demandeurs d’avoir empêché la réalisation de la condition suspensive de prêt en ne produisant pas une attestation selon laquelle ils ont prorogé le délai octroyé pour obtenir un crédit.",La condition suspensive est réputée accomplie si celui qui y avait intérêt en a empêché l'accomplissement. La condition résolutoire est réputée défaillie si son accomplissement a été provoqué par la partie qui y avait intérêt.,0,0,,Non,Non,,1,0,4
21/05484__2024-11-27,4,1304-3,"En défense, Mme [D] conclut au rejet de la demande et sollicite reconventionnellement le déblocage de la somme de 13 750 euros séquestrée chez le notaire, affirmant que M. [T], en s'abstenant de mentionner dans la promesse de vente que la spécificité et la complexité de l'origine de propriété, est directement responsable de la défaillance de la condition suspensive.",La condition suspensive est réputée accomplie si celui qui y avait intérêt en a empêché l'accomplissement. La condition résolutoire est réputée défaillie si son accomplissement a été provoqué par la partie qui y avait intérêt.,0,0,,Non,Non,,1,0,4
23/09078__2024-06-10,6,1304-3,"Dans ces conditions, il n’est pas suffisamment démontré que la condition suspensive relative à l’obtention du prêt était réalisée, ni, plus généralement, que les époux [Y] ont fautivement fait obstacle à la réalisation de la vente litigieuse.La responsabilité des défendeurs n’a pas lieu d’être retenue ; la demande indemnitaire sera rejetée.",La condition suspensive est réputée accomplie si celui qui y avait intérêt en a empêché l'accomplissement. La condition résolutoire est réputée défaillie si son accomplissement a été provoqué par la partie qui y avait intérêt.,1,1,,Oui,Oui,,1,1,4
23/00300__2024-06-24,13,1304-4,"Au reste, c’est à tort que la société N&K France Immo fait valoir, au soutien de sa demande de condamnation de la demanderesse au paiement de la clause pénale, que Mme [B] ne justifie pas de la réalisation de la condition suspensive d’obtention d’un prêt immobilier dès lors que ladite condition a été stipulée dans l’intérêt exclusif de l’acquéreur, de telle sorte que la société venderesse ne peut s’en prévaloir. ","Une partie est libre de renoncer à la condition stipulée dans son intérêt exclusif, tant que celle-ci n'est pas accomplie ou n'a pas défailli.",0,1,0.0,Non,Oui,"Non, application d’un régime spécial",0,0,0
23/01638__2024-01-24,22,1304-4,"Il apparaissait donc que la vente n'était suspendue à aucune condition particulière, plus précisément la libération du logement, et que la renonciation de l'acquéreur, n'était pas subordonnée à l'absence de réalisation d'événements spécifiques mais plutôt au choix libre du bénéficiaire de la promesse.","Une partie est libre de renoncer à la condition stipulée dans son intérêt exclusif, tant que celle-ci n'est pas accomplie ou n'a pas défailli.",0,1,0.0,Non,Oui,"Non, faits ou prétentions des parties uniquement",0,0,2
21/08564__2025-04-07,15,1304-4,"La seconde condition suspensive, dont la finalité était manifestement de préserver la société LA VIE CLAIRE d’un accord auquel elle n’aurait pas consenti et qui lui serait potentiellement préjudiciable (et non de permettre à la sociéré SETC d’échapper aux engagements pris personnellement), était pareillement remplie à la date fixée.","Une partie est libre de renoncer à la condition stipulée dans son intérêt exclusif, tant que celle-ci n'est pas accomplie ou n'a pas défailli.",0,1,0.0,Non,Oui,"Non, faits ou prétentions des parties uniquement",0,0,2
24/00621__2024-10-08,11,1304-4,"Bien que le Preneur, au bénéfice duquel les conditions suspensives aient été formulées ne se soit pas prévalu de la non-réalisation des conditions suspensives, n’ait pu prendre possession des lieux, il est acquis des Parties que le Preneur, en exécution dudit bail, a versé au Bailleur la somme de vingt mille euros (20 000 €) à titre de « pas de porte », ce que le Bailleur reconnait.","Une partie est libre de renoncer à la condition stipulée dans son intérêt exclusif, tant que celle-ci n'est pas accomplie ou n'a pas défailli.",0,1,0.0,Non,Oui,"Non, faits ou prétentions des parties uniquement",0,0,3
23/01638__2024-01-24,21,1304-4,"À la lecture de l'acte, son objet se limitait, pour le promettant, à conférer au bénéficiaire la faculté d'acquérir, si bon lui semblait, les biens qu'il visait.Il était spécialement ajouté que le bénéficiaire acceptait la présente promesse de vente en tant que promesse, mais se réservait la faculté d'en demander ou non la réalisation suivant ce qui lui conviendrait.","Une partie est libre de renoncer à la condition stipulée dans son intérêt exclusif, tant que celle-ci n'est pas accomplie ou n'a pas défailli.",1,1,,Oui,Oui,,1,1,2
24/06148__2025-02-13,31,1304-4," Ce faisant, en application de la clause reprise ci-dessus, la SARL METIS ne peut plus exciper du bénéfice d’une défaillance d’une des conditions suspensives ci-dessus énumérée, faute de l’avoir fait dans les délais contractuellement fixés, étant désormais réputée y avoir renoncé.","Une partie est libre de renoncer à la condition stipulée dans son intérêt exclusif, tant que celle-ci n'est pas accomplie ou n'a pas défailli.",0,1,0.0,Non,Oui,Non,0,0,1
23/10250__2024-07-19,4,1304-5,"L’action en restitution d’une indemnité d’immobilisation versée par le bénéficiaire d’une promesse de vente subordonnée à une condition suspensive non réalisée est une action purement personnelle et mobilière (Civ. 2e, 13 oct.2016, F-P+B, n° 15-24.482).","Avant que la condition suspensive ne soit accomplie, le débiteur doit s'abstenir de tout acte qui empêcherait la bonne exécution de l'obligation ; le créancier peut accomplir tout acte conservatoire et attaquer les actes du débiteur accomplis en fraude de ses droits. Ce qui a été payé peut être répété tant que la condition suspensive ne s'est pas accomplie.",0,1,0.0,Non,Oui,Non,0,0,4
22/01717__2024-09-19,6,1304-5,"Dans le courrier électronique qu’il produit, il est, en effet, indiqué qu’ils hésitent à vendre, mais il ne fournit aucune pièce à travers laquelle ils laissent entendre qu’ils renoncent définitivement à la vente.Monsieur [Y] reproche aux demandeurs d’avoir empêché la réalisation de la condition suspensive de prêt en ne produisant pas une attestation selon laquelle ils ont prorogé le délai octroyé pour obtenir un crédit.","Avant que la condition suspensive ne soit accomplie, le débiteur doit s'abstenir de tout acte qui empêcherait la bonne exécution de l'obligation ; le créancier peut accomplir tout acte conservatoire et attaquer les actes du débiteur accomplis en fraude de ses droits. Ce qui a été payé peut être répété tant que la condition suspensive ne s'est pas accomplie.",0,1,0.0,Non,Oui,"Non, faits ou prétentions des parties uniquement",0,0,4
22/05045__2024-03-19,6,1304-5,"A défaut de cette consignation, l'option sera considérée comme non levée par le BENEFICIAIRE .» Il est exact que le vendeur ne pouvait rétracter sa promesse le 17 mars 2022 comme il a tenté de le faire, au motif qu'il n'était pas informé de l'état d'avancement de la réalisation des conditions suspensives.","Avant que la condition suspensive ne soit accomplie, le débiteur doit s'abstenir de tout acte qui empêcherait la bonne exécution de l'obligation ; le créancier peut accomplir tout acte conservatoire et attaquer les actes du débiteur accomplis en fraude de ses droits. Ce qui a été payé peut être répété tant que la condition suspensive ne s'est pas accomplie.",1,1,,Oui,Oui,,1,1,0
21/05484__2024-11-27,12,1304-5,"Mme [D] en déduit que faute pour M. [T] d'avoir mentionné dans la promesse la spécificité et la complexité de l'origine du bien vendu et d'avoir justifié de la régularité de son titre de propriété, la condition suspensive a défailli de sorte qu'aucune indemnité d'immobilisation n'est due.","Avant que la condition suspensive ne soit accomplie, le débiteur doit s'abstenir de tout acte qui empêcherait la bonne exécution de l'obligation ; le créancier peut accomplir tout acte conservatoire et attaquer les actes du débiteur accomplis en fraude de ses droits. Ce qui a été payé peut être répété tant que la condition suspensive ne s'est pas accomplie.",0,1,0.0,Non,Oui,"Non, faits ou prétentions des parties uniquement",0,0,4
21/05484__2024-11-27,27,1304-6,"Dès lors, en application de la clause relative au sort de l'indemnité d'immobilisation, Mme [D] qui n'invoque aucun autre moyen, est bien redevable de l'indemnité d'immobilisation qui est le prix de l'exclusivité consentie au bénéficiaire, la vente ne s'étant pas réalisée par son fait, alors que les conditions suspensives étaient remplies.","L'obligation devient pure et simple à compter de l'accomplissement de la condition suspensive. Toutefois, les parties peuvent prévoir que l'accomplissement de la condition rétroagira au jour du contrat. La chose, objet de l'obligation, n'en demeure pas moins aux risques du débiteur, qui en conserve l'administration et a droit aux fruits jusqu'à l'accomplissement de la condition. En cas de défaillance de la condition suspensive, l'obligation est réputée n'avoir jamais existé.",1,1,,Oui,Oui,,1,1,4
22/03382__2025-04-02,12,1304-6,"Il est constant que la SAS Impresa Immo a renoncé à la vente et n’a pas levé l’option d’achat ni signé l’acte de vente dans le délai de réalisation contractuellement prévu et il apparaît que les conditions suspensives ont été intégralement réalisées, y compris la condition suspensive de droit commun, dont la SAS Impresa Immo se prévaut, relative à une diminution sensible de la valeur ou à une impropriété à","L'obligation devient pure et simple à compter de l'accomplissement de la condition suspensive. Toutefois, les parties peuvent prévoir que l'accomplissement de la condition rétroagira au jour du contrat. La chose, objet de l'obligation, n'en demeure pas moins aux risques du débiteur, qui en conserve l'administration et a droit aux fruits jusqu'à l'accomplissement de la condition. En cas de défaillance de la condition suspensive, l'obligation est réputée n'avoir jamais existé.",0,1,0.0,Non,Oui,"Non, faits ou prétentions des parties uniquement",0,0,3
24/07943__2025-01-28,18,1304-6,"Les demanderesses, pour contester le caractère fondé d'une créance fondée en son principe, font valoir : - qu'elles ont tenté vainement, jusqu'au bout et en mai 2024, de réunir le financement total du coût de l'acquisition et de lever la condition suspensive liée au financement à leur charge par obtention d'un financement ; - que la SCI LES VARENNES n'a pas levé l'ensemble des conditions suspensives","L'obligation devient pure et simple à compter de l'accomplissement de la condition suspensive. Toutefois, les parties peuvent prévoir que l'accomplissement de la condition rétroagira au jour du contrat. La chose, objet de l'obligation, n'en demeure pas moins aux risques du débiteur, qui en conserve l'administration et a droit aux fruits jusqu'à l'accomplissement de la condition. En cas de défaillance de la condition suspensive, l'obligation est réputée n'avoir jamais existé.",0,0,,Non,"Non, faits uniquement",,1,0,2
23/08448__2024-03-11,8,1304-6,"c) Elle sera versée au PROMETTANT, et lui restera acquise à titre d'indemnité forfaitaire et non réductible faute par le BENEFICIAIRE ou ses substitués d'avoir réalisé l'acquisition dans les délais et conditions ci-dessus, toutes les conditions suspensives ayant été réalisées.","L'obligation devient pure et simple à compter de l'accomplissement de la condition suspensive. Toutefois, les parties peuvent prévoir que l'accomplissement de la condition rétroagira au jour du contrat. La chose, objet de l'obligation, n'en demeure pas moins aux risques du débiteur, qui en conserve l'administration et a droit aux fruits jusqu'à l'accomplissement de la condition. En cas de défaillance de la condition suspensive, l'obligation est réputée n'avoir jamais existé.",1,0,0.0,Oui,"Non, faits uniquement","Non, faits ou prétentions des parties uniquement",0,0,1
23/03825__2024-05-23,21,1304-6,"L’acte précise que cette dernière condition suspensive est stipulée en faveur de l’acquéreur qui sera seul à pouvoir s’en prévaloir. En conséquence, le fait invoqué par Madame [U] [G] et Monsieur [R] [T] que Madame [F] n’ait obtenu son prêt que le 25 juillet 2022 n’était de nature à emporter la caducité de la promesse, pour défaillance de la condition suspensive d’obtention du","L'obligation devient pure et simple à compter de l'accomplissement de la condition suspensive. Toutefois, les parties peuvent prévoir que l'accomplissement de la condition rétroagira au jour du contrat. La chose, objet de l'obligation, n'en demeure pas moins aux risques du débiteur, qui en conserve l'administration et a droit aux fruits jusqu'à l'accomplissement de la condition. En cas de défaillance de la condition suspensive, l'obligation est réputée n'avoir jamais existé.",0,1,0.0,Non,Oui,Non,0,0,0
23/02759__2024-11-07,17,1304-7,"Néanmoins, il est observé que les prestations échangées ont trouvé leur utilité au fur et à mesure de l'exécution réciproque du contrat, ainsi qu’en attestent les paiements effectués par Madame [H] suivant l’avancée des travaux (pièces 5 à 8 de la demanderesse).","L'accomplissement de la condition résolutoire éteint rétroactivement l'obligation, sans remettre en cause, le cas échéant, les actes conservatoires et d'administration. La rétroactivité n'a pas lieu si telle est la convention des parties ou si les prestations échangées ont trouvé leur utilité au fur et à mesure de l'exécution réciproque du contrat.",0,1,0.0,Non,Oui,"Non, faits ou prétentions des parties uniquement",0,0,0
24/06318__2024-12-02,13,1304-7,"La résolution de plein droit, prévue par le contrat conclu entre les parties, s'impose au juge qui ne dispose d'aucune marge d'appréciation et se contente de constater l'acquisition de la clause, et de ses effets dès lors que les conditions qu'elle prévoit sont réunies.","L'accomplissement de la condition résolutoire éteint rétroactivement l'obligation, sans remettre en cause, le cas échéant, les actes conservatoires et d'administration. La rétroactivité n'a pas lieu si telle est la convention des parties ou si les prestations échangées ont trouvé leur utilité au fur et à mesure de l'exécution réciproque du contrat.",0,1,0.0,Non,Oui,Non,0,0,3
24/01193__2024-11-19,24,1305-1,Le devis du 28 février 2022 qui est fourni par le demandeur (pièce 1a) et dont il sera relevé qu’il n’est pas signé par les parties comporte au verso de façon manuscrite la mention d’un “planning estimatif (durée variable en fonction des divers intervenants)” de sorte qu’il ne peut être considéré que ces mentions valent engagement contractuel concernant la durée précise du chantier mais qu’elles constituent néanmoins un élément permettant d’apprécier la durée approximative raisonnablement envisagée par,"Le terme peut être exprès ou tacite. A défaut d'accord, le juge peut le fixer en considération de la nature de l'obligation et de la situation des parties.",1,1,,Oui,Oui,,1,1,3
19/07817__2024-09-26,15,1305-5,"DE [Localité 5] peut se prévaloir. Les tiers, parmi lesquels figure la caution, ne peuvent s’en prévaloir. Il en résulte que Monsieur [L] [B] ne peut pas, en sa qualité de caution, opposer cette exception au créancier, et sera débouté de sa demande à ce titre.","La déchéance du terme encourue par un débiteur est inopposable à ses coobligés, même solidaires, et à ses cautions.",0,0,,Non,Non,,1,0,0
21/01081__2024-07-25,5,1305-5,"En l’espèce, il ressort des contrats de cautionnement que les cautions sont des cautions solidaires et qu’elles ont renoncé au bénéfice de discussion.Ainsi, le CIC est en droit de réclamer à chacun l’ensemble des sommes dues par le débiteur principal, la RENT ESTATE, dans la limite de leur engagement, à savoir 52.800 euros chacun.","La déchéance du terme encourue par un débiteur est inopposable à ses coobligés, même solidaires, et à ses cautions.",0,0,,Non,Non,,1,0,2
20/08670__2025-02-11,124,1306,Le Client sera totalement libéré de ses obligations envers le Prestataire dès qu'il aura réglé l'intégralité des sommes dues au titre du Contrat et des prestations réalisées dans ce cadre.,L'obligation est cumulative lorsqu'elle a pour objet plusieurs prestations et que seule l'exécution de la totalité de celles-ci libère le débiteur.,0,1,0.0,Non,Oui,"Non, faits ou prétentions des parties uniquement",0,0,4
24/03796__2025-01-28,12,1307-2,"La société défenderesse défaillante ne justifie d'aucune force majeure l'ayant empêchée de livrer la cuisinière commandée pour laquelle elle a perçu un acompte de 1.659 euros.Dans ce contexte, la demande de Monsieur [Z] [T] tendant à voir prononcer la résolution du contrat liant les parties, qui établit avoir satisfait à ses engagements contractuels en versant l’acompte susvisé, et qui justifie d'une inexécution contractuelle suffisamment grave de sa cocontractante, sera accueillie.","Si elle procède d'un cas de force majeure, l'impossibilité d'exécuter la prestation choisie libère le débiteur.",0,1,0.0,Non,Oui,Non,0,0,4
23/06143__2024-05-24,7,1307-2,Ce constat d’accord n’a finalement jamais été signé par Monsieur [P] pour la société ATTITUDE SMART et les fonds jamais payés à Monsieur [U].Il ne ressort pas du dossier que la société ATTITUDE SMART puisse se prévaloir de force majeure empêchant la bonne exécution de son obligation.,"Si elle procède d'un cas de force majeure, l'impossibilité d'exécuter la prestation choisie libère le débiteur.",0,1,0.0,Non,Oui,"Non, faits ou prétentions des parties uniquement",0,0,0
24/00337__2024-11-14,5,1307-5,"Sur la force majeure Il y a force majeure en matière contractuelle lorsqu'un événement échappant au contrôle du débiteur, qui ne pouvait être raisonnablement prévu lors de la conclusion du contrat et dont les effets ne peuvent être évités par des mesures appropriées, empêche l'exécution de son obligation par le débiteur. Si l'empêchement est temporaire, l'exécution de l'obligation est suspendue à moins que le retard qui en résulterait ne justifie la résolution du contrat.","Lorsque les prestations deviennent impossibles, le débiteur n'est libéré que si l'impossibilité procède, pour chacune, d'un cas de force majeure.",0,1,0.0,Non,Oui,Non,0,0,0
24/01729__2024-08-30,14,1307-5,"S GROUPE IDB qui ne fait pas valoir de motif inhérent à la force majeure dans l’absence de réalisation des travaux alors même qu’elle a fait l’objet d’une mise en demeure en date du 25 novembre 2023, réceptionnée le 29 novembre 2023.","Lorsque les prestations deviennent impossibles, le débiteur n'est libéré que si l'impossibilité procède, pour chacune, d'un cas de force majeure.",0,1,0.0,Non,Oui,"Non, faits ou prétentions des parties uniquement",0,0,2
22/01414__2025-03-18,194,1309,"La société GUYENNE SANITAIRE devra également la supporter, tel que demandé, à titre conjoint et non solidaire, sous la forme d’une fixation de créance, conforme à celle déclarée entre les mains de son liquidateur judiciaire.","L'obligation qui lie plusieurs créanciers ou débiteurs se divise de plein droit entre eux. La division a lieu également entre leurs successeurs, l'obligation fût-elle solidaire. Si elle n'est pas réglée autrement par la loi ou par le contrat, la division a lieu par parts égales. Chacun des créanciers n'a droit qu'à sa part de la créance commune ; chacun des débiteurs n'est tenu que de sa part de la dette commune. Il n'en va autrement, dans les rapports entre les créanciers et les débiteurs, que si l'obligation est solidaire ou si la prestation due est indivisible.",0,1,0.0,Non,Oui,Non,0,0,2
24/00305__2024-08-29,34,1310,La clause de solidarité stipulée au bail ne prévoit la solidarité que pour le paiement des loyers et charges.Aucune cause de solidarité légale n’est démontrée.,La solidarité est légale ou conventionnelle ; elle ne se présume pas.,1,1,,Oui,Oui,,1,1,1
24/11624__2025-03-18,7,1310,"En l'absence de justification de ce que le règlement de copropriété comporte une clause de solidarité, la présente condamnation ne sera pas assortie de la solidarité.",La solidarité est légale ou conventionnelle ; elle ne se présume pas.,1,1,,Oui,Oui,,1,1,3
24/01467__2024-09-10,13,1310,"La solidarité ne se présume pas et qu'aucun texte ne l'institue pour le paiement des charges de copropriété du seul fait de la nature de cette dette.Toutefois l'assemblée générale du 13 mars 2023 ayant voté la solidarité des créances de charges indivises, il sera fait droit à la demande de condamnation solidaire.",La solidarité est légale ou conventionnelle ; elle ne se présume pas.,1,1,,Oui,Oui,,1,1,4
24/03262__2024-06-13,16,1310,"Sur l'arriéré locatif Le paiement des loyers et charges aux termes convenus dans le contrat de location constitue une obligation essentielle du locataire.La solidarité est légale ou conventionnelle, elle ne se présume pas.",La solidarité est légale ou conventionnelle ; elle ne se présume pas.,1,1,,Oui,Oui,,1,1,3
21/04388__2025-02-07,29,1310,"Il rappelle que la solidarité ne se présume pas et n’a pas lieu à s’appliquer au cas d’espèce.Concernant la demande de M [G] de condamnation au paiement de dommages et intérêts, il conclut à son rejet au motif que monsieur [G] est de mauvaise foi, que ses demandes sont infondées, qu'il ne subit aucune dégradation de la valeur de son appartement.",La solidarité est légale ou conventionnelle ; elle ne se présume pas.,1,1,,Oui,Oui,,1,1,4
23/04185__2024-04-04,6,1310,La solidarité est légale ou conventionnelle mais elle n’est pas établie en l’espèce.Les condamnations ne seront pas prononcées solidairement.,La solidarité est légale ou conventionnelle ; elle ne se présume pas.,1,1,,Oui,Oui,,1,1,0
23/09471__2024-12-04,20,1310,"En l’absence de disposition légale ou d'une stipulation contractuelle permettant de retenir la solidarité entre les deux copropriétaires des lots, qui ne se présume point, il n'y a pas lieu de prononcer une condamnation solidaire à leur encontre.Le règlement de copropriété ne prévoit en effet pas la solidarité entre les copropriétaires indivisaires dans le cadre du règlement des charges.",La solidarité est légale ou conventionnelle ; elle ne se présume pas.,1,1,,Oui,Oui,,1,1,0
24/58184__2025-04-30,17,1313,"L'existence d'une dette leur ayant solidairement incombé étant reconnue, la société BOULANGERIE BRANCION et Monsieur [S] seront solidairement condamnés aux dépens, incluant le coût du commandement de payer et de sa dénonciation à la caution.",La solidarité entre les débiteurs oblige chacun d'eux à toute la dette. Le paiement fait par l'un d'eux les libère tous envers le créancier. Le créancier peut demander le paiement au débiteur solidaire de son choix. Les poursuites exercées contre l'un des débiteurs solidaires n'empêchent pas le créancier d'en exercer de pareilles contre les autres.,1,1,,Oui,Oui,,1,1,3
23/05254__2024-05-23,9,1313,"Aucune disposition légale ne prévoit de solidarité entre indivisaires pour le paiement des charges de copropriété, lesquelles ne constituent pas davantage une dette indivisible obligeant l'ensemble des débiteurs pour la totalité.Le syndicat des copropriétaires ne verse pas le règlement de copropriété de l'immeuble et ne démontre donc pas l'existence d'une clause de solidarité entre les copropriétaires.",La solidarité entre les débiteurs oblige chacun d'eux à toute la dette. Le paiement fait par l'un d'eux les libère tous envers le créancier. Le créancier peut demander le paiement au débiteur solidaire de son choix. Les poursuites exercées contre l'un des débiteurs solidaires n'empêchent pas le créancier d'en exercer de pareilles contre les autres.,0,1,0.0,Non,Oui,Non,0,0,2
23/09110__2024-09-17,8,1313,"Il résulte de l’examen de l’ensemble des éléments produits aux débats que la créance apparaît établie pour le montant visé à la demande, quand à l’égard de la société emprunteuse que de monsieur [O] en sa qualité de caution personnelle.La rédaction de l’acte de caution entraîne il y a solidarité entre les défendeurs pour le paiement de la somme due.",La solidarité entre les débiteurs oblige chacun d'eux à toute la dette. Le paiement fait par l'un d'eux les libère tous envers le créancier. Le créancier peut demander le paiement au débiteur solidaire de son choix. Les poursuites exercées contre l'un des débiteurs solidaires n'empêchent pas le créancier d'en exercer de pareilles contre les autres.,1,1,,Oui,Oui,,1,1,3
24/02695__2025-02-25,30,1313,"Monsieur [N] [T] et Madame [Y] [T] née [I] sont donc solidaires dans le paiement de leur dette, par application de la clause de solidarité insérée dans le contrat de bail. Il convient par conséquent de condamner solidairement Monsieur [N] [T] et Madame [Y] [T] née [I] à payer à la SA d’HLM ALLIA",La solidarité entre les débiteurs oblige chacun d'eux à toute la dette. Le paiement fait par l'un d'eux les libère tous envers le créancier. Le créancier peut demander le paiement au débiteur solidaire de son choix. Les poursuites exercées contre l'un des débiteurs solidaires n'empêchent pas le créancier d'en exercer de pareilles contre les autres.,1,1,,Oui,Oui,,1,1,1
23/02174__2024-05-21,6,1319,"En l'espèce, il ressort des pièces du dossier, notamment du bail signé le 1er juin 2011, du commandement de payer délivré le 26 juillet 2023 et du décompte de la créance actualisé au 15 mars 2024 que Monsieur [T] [Z] rapporte la preuve de l'arriéré de loyers et charges impayés.Conformément à la clause n°11 du contrat de bail, les locataires sont obligés solidairement d’exécuter l’ensemble des obligations du contrat.",Les codébiteurs solidaires répondent solidairement de l'inexécution de l'obligation. La charge en incombe à titre définitif à ceux auxquels l'inexécution est imputable.,0,1,0.0,Non,Oui,"Non, faits ou prétentions des parties uniquement",0,0,1
24/81140__2025-02-05,13,1321,"ont pas signé un acte formel de cession de créance emportant transfert de la créance en compte courant détenue par cette dernière à l'égard de la SCI MIKADO, le premier a manifestement entendu, en procédant les 3 et 5 mai 2022 à des virements successifs de 70 000 €, acquérir ladite créance au moins à hauteur de 140 000 €, - il n'est pas soutenu que la cession dont s’agit, purement consensuelle et partielle, serait entachée de","La cession de créance est un contrat par lequel le créancier cédant transmet, à titre onéreux ou gratuit, tout ou partie de sa créance contre le débiteur cédé à un tiers appelé le cessionnaire. Elle peut porter sur une ou plusieurs créances présentes ou futures, déterminées ou déterminables. Elle s'étend aux accessoires de la créance. Le consentement du débiteur n'est pas requis, à moins que la créance ait été stipulée incessible.",1,1,,Oui,Oui,,1,1,2
25/01116__2025-05-05,4,1321,"Cette cession de créance a été notifiée à l’emprunteur par lettre recommandée avec accusé de réception en date du 25 janvier 2023.Dans ces conditions, la société HOIST FINANCE AB (publ) venant aux droits de la SA ONEY BANK (anciennement dénommée Banque Accord) doit être déclarée recevable en son action.","La cession de créance est un contrat par lequel le créancier cédant transmet, à titre onéreux ou gratuit, tout ou partie de sa créance contre le débiteur cédé à un tiers appelé le cessionnaire. Elle peut porter sur une ou plusieurs créances présentes ou futures, déterminées ou déterminables. Elle s'étend aux accessoires de la créance. Le consentement du débiteur n'est pas requis, à moins que la créance ait été stipulée incessible.",0,1,0.0,Non,Oui,Non,0,0,4
23/02366__2024-05-03,92,1321,"C'est dans ce contexte qu'est intervenue en novembre 2013 la cession de gré à gré par Monsieur [U] à Monsieur [Y] d'un tiers de ses droits de créance moyennant le prix de 138.716 euros, cession agréée par la compagnie d'assurance.","La cession de créance est un contrat par lequel le créancier cédant transmet, à titre onéreux ou gratuit, tout ou partie de sa créance contre le débiteur cédé à un tiers appelé le cessionnaire. Elle peut porter sur une ou plusieurs créances présentes ou futures, déterminées ou déterminables. Elle s'étend aux accessoires de la créance. Le consentement du débiteur n'est pas requis, à moins que la créance ait été stipulée incessible.",1,1,,Oui,Oui,,1,1,2
23/11519__2025-04-09,3,1321,"Pour justifier de sa qualité de créancière, contestée par M. [K], la société EUROTITRISATION communique aux débats, en pièce 6, un acte de cession de créances daté du 14 juin 2012 duquel il ressort que la société CONSUMER FINANCE a cédé à la société EUROTITRISATION 190.","La cession de créance est un contrat par lequel le créancier cédant transmet, à titre onéreux ou gratuit, tout ou partie de sa créance contre le débiteur cédé à un tiers appelé le cessionnaire. Elle peut porter sur une ou plusieurs créances présentes ou futures, déterminées ou déterminables. Elle s'étend aux accessoires de la créance. Le consentement du débiteur n'est pas requis, à moins que la créance ait été stipulée incessible.",0,1,0.0,Non,Oui,"Non, faits ou prétentions des parties uniquement",0,0,3
20/04875__2024-11-12,27,1322,"Cet accord peut être donné par avance, notamment dans le contrat conclu entre les futurs cédant et cédé, auquel cas la cession produit effet à l'égard du cédé lorsque le contrat conclu entre le cédant et le cessionnaire lui est notifié ou lorsqu'il en prend acte.La cession doit être constatée par écrit, à peine de nullité.","La cession de créance doit être constatée par écrit, à peine de nullité.",0,1,0.0,Non,Oui,Non,0,0,4
24/00080__2025-03-07,22,1322,"Encore, si la Cour d’appel d’Angers (CA Angers, chambre A, commerciale, 24 septembre 2024, RG 22/01807) a pu décider qu’une telle attestation établie dans les mêmes conditions permettait de rattacher la créance alors « identifiée » à l’acte de cession régularisé, elle avait préalablement relevé que « l’extrait de l’annexe à l’acte de cession (…) mentionn[","La cession de créance doit être constatée par écrit, à peine de nullité.",0,0,,Non,Non,,1,0,0
24/03848__2025-03-07,9,1323,Cette dernière souligne avoir qualité à agir sur la base d’une copie de l’acte de cession et de son annexe où figurent les références de la créance cédée par renvoi au numéro de l’obligation souscrite initialement.Elle souligne donc que la cession de créance est opposable à Monsieur [K].,"Entre les parties, le transfert de la créance, présente ou future, s'opère à la date de l'acte. Il est opposable aux tiers dès ce moment. En cas de contestation, la preuve de la date de la cession incombe au cessionnaire, qui peut la rapporter par tout moyen.",0,0,,Non,Non,,1,0,3
23/03528__2025-04-16,3,1324,", la créance en cause concerne M. [G] en sa qualité de caution, et la cession ne lui a pas été notifiée, le simple fait que la notification de la cession à la Sarl A2B Ingenierie figure dans les pièces du dossier qui lui ont été communiquées ne saurait valoir notification.","La cession n'est opposable au débiteur, s'il n'y a déjà consenti, que si elle lui a été notifiée ou s'il en a pris acte. Le débiteur peut opposer au cessionnaire les exceptions inhérentes à la dette, telles que la nullité, l'exception d'inexécution, la résolution ou la compensation des dettes connexes. Il peut également opposer les exceptions nées de ses rapports avec le cédant avant que la cession lui soit devenue opposable, telles que l'octroi d'un terme, la remise de dette ou la compensation de dettes non connexes. Le cédant et le cessionnaire sont solidairement tenus de tous les frais supplémentaires occasionnés par la cession dont le débiteur n'a pas à faire l'avance. Sauf clause contraire, la charge de ces frais incombe au cessionnaire.",1,1,,Oui,Oui,,1,1,2
20/04875__2024-11-12,27,1327,"Cet accord peut être donné par avance, notamment dans le contrat conclu entre les futurs cédant et cédé, auquel cas la cession produit effet à l'égard du cédé lorsque le contrat conclu entre le cédant et le cessionnaire lui est notifié ou lorsqu'il en prend acte.La cession doit être constatée par écrit, à peine de nullité.","Un débiteur peut, avec l'accord du créancier, céder sa dette. La cession doit être constatée par écrit, à peine de nullité.",0,1,0.0,Non,Oui,Non,0,0,4
25/01116__2025-05-05,4,1327-1,"Cette cession de créance a été notifiée à l’emprunteur par lettre recommandée avec accusé de réception en date du 25 janvier 2023.Dans ces conditions, la société HOIST FINANCE AB (publ) venant aux droits de la SA ONEY BANK (anciennement dénommée Banque Accord) doit être déclarée recevable en son action.","Le créancier, s'il a par avance donné son accord à la cession et n'y est pas intervenu, ne peut se la voir opposer ou s'en prévaloir que du jour où elle lui a été notifiée ou dès qu'il en a pris acte.",0,1,0.0,Non,Oui,Non,0,0,4
24/04181__2025-04-07,3,1328,"La caution qui a désintéressé le créancier bailleur du fait de la défaillance de son débiteur locataire peut donc exercer, comme celui-ci aurait pu le faire, l'action tendant à voir constater l'acquisition de la clause résolutoire incluse au contrat de bail. En l'espèce, la S.A.","Le débiteur substitué, et le débiteur originaire s'il reste tenu, peuvent opposer au créancier les exceptions inhérentes à la dette, telles que la nullité, l'exception d'inexécution, la résolution ou la compensation de dettes connexes. Chacun peut aussi opposer les exceptions qui lui sont personnelles.",0,1,0.0,Non,Oui,Non,0,0,3
24/01184__2024-11-08,4,1328-1,"Ces intérêts sont garantis par les sûretés attachées à la créance, dans les limites, lorsqu'elles ont été constituées par des tiers, de leurs engagements initiaux s'ils ne consentent à s'obliger au-delà.","Lorsque le débiteur originaire n'est pas déchargé par le créancier, les sûretés subsistent. Dans le cas contraire, les sûretés consenties par le débiteur originaire ou par des tiers ne subsistent qu'avec leur accord. Si le cédant est déchargé, ses codébiteurs solidaires restent tenus déduction faite de sa part dans la dette.",0,0,,Non,Non,,1,0,0
22/00545__2024-03-05,17,1342-10,"S’agissant de l’imputation des paiements réalisés par la requérante par la présentation de la photographie de chèques et le relevé de compte de mars 2020 à août 2020, il est de principe que le débiteur de plusieurs dettes peut indiquer celle qu'il souhaite apurer en premier et que, s'il ne le fait pas, ses paiements vont à la plus ancienne ou à celle qu'il est de son intérêt de régler en premier. En l'espèce, l'ensemble des chèques","Le débiteur de plusieurs dettes peut indiquer, lorsqu'il paie, celle qu'il entend acquitter. A défaut d'indication par le débiteur, l'imputation a lieu comme suit : d'abord sur les dettes échues ; parmi celles-ci, sur les dettes que le débiteur avait le plus d'intérêt d'acquitter. A égalité d'intérêt, l'imputation se fait sur la plus ancienne ; toutes choses égales, elle se fait proportionnellement.",1,1,,Oui,Oui,,1,1,2
20/08736__2024-04-11,14,1342-5,"/04/2021 et qu’il n'aurait pas été remédié aux infiltrations provenant de la cheminée, pas plus qu'à celles provoquées par l'absence d'étanchéité des huisseries ; alors qu'il appartiendrait au bailleur de prouver qu'il s'est libéré de son obligation d'entretien et de délivrance conforme.","Le débiteur d'une obligation de remettre un corps certain est libéré par sa remise au créancier en l'état, sauf à prouver, en cas de détérioration, que celle-ci n'est pas due à son fait ou à celui de personnes dont il doit répondre.",0,0,,Non,"Non, application d’un régime spécial",,1,0,4
24/01770__2025-05-09,5,1342-7,"Compte tenu de la présente décision, chaque partie assumera la charge de ses propres dépens, les frais d'huissier ayant été intégrés dans le montant de l'arriéré que les locataires ont convenu de payer.",Les frais du paiement sont à la charge du débiteur.,0,0,,Non,Non,,1,0,1
24/06574__2025-01-09,36,1342-7,"M. [G] [N] est condamné au paiement de la somme de 60,00 euros au titre des frais exposés par le syndicat des copropriétaires pour le recouvrement de la dette.Sur les dépens, les frais irrépétibles et l’exécution provisoire : M. [G] [N], qui succombe, est condamné aux dépens de l'instance.",Les frais du paiement sont à la charge du débiteur.,0,0,,Non,Non,,1,0,1
24/01605__2024-11-29,22,1342-7,"Les demandeurs sollicitent également la condamnation du défendeur aux dépens en ce compris les frais d'exécution à venir. Si les frais d'exécution sont par principe à la charge du débiteur, ils ne peuvent être compris dans les dépens étant postérieurs à la procédure.Les dépens, non inclus les frais d’exécution, seront donc mis à la charge de Monsieur [L] [S].",Les frais du paiement sont à la charge du débiteur.,0,0,,Non,Non,,1,0,3
22/00677__2024-05-31,5,1342-7,"L'opposition n’étant pas fondée, les frais de signification de la contrainte seront mis à la charge du requérant.Sur les dépens Monsieur [Z] [N] qui succombe est condamné au paiement des dépens ;",Les frais du paiement sont à la charge du débiteur.,0,0,,Non,Non,,1,0,1
21/05048__2024-05-24,53,1342-8,"Il convient de relever qu’afin de prouver l’existence du paiement, Monsieur [V] [Y] produit au titre de ses pièces de nombreux chèques, dont l’existence n’a pas été contesté par le bailleur. Cependant, il n’est pas toujours possible de déterminer l’affectation du paiement et de savoir s’il concerne le bâtiment 2 ou le bâtiment 3.",Le paiement se prouve par tout moyen.,1,1,,Oui,Oui,,1,1,3
21/13856__2024-03-01,40,1342-8," démontrer, d'une part, du paiement effectué à l'assuré dans la mesure où l'effet de la subrogation est limité au montant effectivement réglé par l'assureur, d'autre part, que le paiement a été fait en application de la police d'assurance La preuve du paiement se fait par tous moyens.",Le paiement se prouve par tout moyen.,1,1,,Oui,Oui,,1,1,0
21/02381__2024-12-06,115,1342-8,"En l’occurrence, la charge de la preuve du paiement incombe à Monsieur [M], qui ne verse aux débats que la copie du chèque dont il n’est pas contesté qu’il l’a effectivement émis.Il ne produit pas la preuve de l’encaissement du chèque, par exemple par une copie de ses relevés de comptes.",Le paiement se prouve par tout moyen.,0,1,0.0,Non,Oui,Non,0,0,4
24/01746__2024-10-29,7,1343-1,"La reconnaissance de dette prévoit un taux d'intérêt de 2,5 % sur la somme prêtée globalement, soit, selon calcul communiqué par la demanderesse, la somme de 3.528,49 euros entre le 30 juin 2016 et le 30 avril 2024.Il doit être déduit toutefois de cette somme celle de 1.492,52 euros déjà allouée par l'ordonnance d'injonction de payer correspondant aux intérêts dus pour sept échéances impayées.","Lorsque l'obligation de somme d'argent porte intérêt, le débiteur se libère en versant le principal et les intérêts. Le paiement partiel s'impute d'abord sur les intérêts. L'intérêt est accordé par la loi ou stipulé dans le contrat. Le taux de l'intérêt conventionnel doit être fixé par écrit. Il est réputé annuel par défaut.",1,1,,Oui,Oui,,1,1,4
22/02130__2024-05-17,4,1343-1,"Le contrat stipule la clause suivante concernant les intérêts de retard et indemnités : ""Toute somme formant partie du prix qui ne serait pas payée à son exacte échéance serait, de plein droit et sans qu'il soit besoin d'une mise demeure, passible d'un intérêt d'un pour cent (1 %) par mois de retard, tout mois commencé étant compté en entier. Cette pénalité deviendrait exigible le premier jour de chaque mois de retard.","Lorsque l'obligation de somme d'argent porte intérêt, le débiteur se libère en versant le principal et les intérêts. Le paiement partiel s'impute d'abord sur les intérêts. L'intérêt est accordé par la loi ou stipulé dans le contrat. Le taux de l'intérêt conventionnel doit être fixé par écrit. Il est réputé annuel par défaut.",0,1,0.0,Non,Oui,"Non, faits ou prétentions des parties uniquement",0,0,4
24/00848__2025-05-15,11,1343-1,"La créance du demandeur s'établit donc comme suit : Capital emprunté 61 600 euros Sous déduction des versements depuis l'origine 16 528,14 euros TOTAL 45 071,86 euros  En conséquence, il convient de condamner Monsieur [P] [G] pour solde du contrat de crédit au paiement de la somme de 45 071,86 euros, arrêtée au 16 juillet 2024, avec intérêts au taux légal","Lorsque l'obligation de somme d'argent porte intérêt, le débiteur se libère en versant le principal et les intérêts. Le paiement partiel s'impute d'abord sur les intérêts. L'intérêt est accordé par la loi ou stipulé dans le contrat. Le taux de l'intérêt conventionnel doit être fixé par écrit. Il est réputé annuel par défaut.",1,1,,Oui,Oui,,1,1,4
23/09380__2024-05-27,8,1343-1,"Sur les intérêts de retard Il résulte du contrat de vente en l’état futur d’achèvement que les parties ont stipulé une clause « intérêts de retard » selon laquelle « toute somme formant partie du prix qui ne serait pas payée à son exacte échéance serait, de plein droit et sans qu’il soit besoin d’une mise en demeure, passible d’un intérêt de un pour cent (1%) par mois de retard, tout mois commencé étant compté en entier.","Lorsque l'obligation de somme d'argent porte intérêt, le débiteur se libère en versant le principal et les intérêts. Le paiement partiel s'impute d'abord sur les intérêts. L'intérêt est accordé par la loi ou stipulé dans le contrat. Le taux de l'intérêt conventionnel doit être fixé par écrit. Il est réputé annuel par défaut.",1,1,,Oui,Oui,,1,1,1
24/00355__2025-01-21,14,1343-1,En tout état de cause ces dispositions ne prévoient pas qu’à l’expiration d’un délai de trois mois la somme versée devient productive d’intérêts.,"Lorsque l'obligation de somme d'argent porte intérêt, le débiteur se libère en versant le principal et les intérêts. Le paiement partiel s'impute d'abord sur les intérêts. L'intérêt est accordé par la loi ou stipulé dans le contrat. Le taux de l'intérêt conventionnel doit être fixé par écrit. Il est réputé annuel par défaut.",0,0,,Non,Non,,1,0,4
24/01631__2024-09-25,14,1343-2,"Sur la demande de dommages et intérêts, le Syndicat des copropriétaires ne rapporte la preuve de la consistance du préjudice qu'il invoque avoir subi du fait du non-paiement à échéance par M. [T] [E] de ses charges, de sorte que la demande ne peut être admise.Il n'y a pas lieu à capitalisation des intérêts échus dus pour une année entière à défaut d'intérêts échus dus pour une année entière.","Les intérêts échus, dus au moins pour une année entière, produisent intérêt si le contrat l'a prévu ou si une décision de justice le précise.",1,1,,Oui,Oui,,1,1,1
24/00174__2024-05-31,20,1343-2,"La somme provisionnelle de 71 907, 40 €, sera donc inscrite au passif de la liquidation judiciaire de Monsieur [Y]..Les intérêts n’étant pas dus pour une année entière au moins, il n’y a pas lieu d’ordonner la capitalisation de ceux-ci.","Les intérêts échus, dus au moins pour une année entière, produisent intérêt si le contrat l'a prévu ou si une décision de justice le précise.",1,1,,Oui,Oui,,1,1,4
22/01303__2024-03-25,23,1343-2,"L'URSSAF [Localité 4] sera donc condamnée à lui verser la somme de 23.123,60 € indûment prélevées depuis le mois de juillet 2018 à décembre 2020, majorée des intérêts au taux légal à compter du 29 septembre 2021.Il sera fait application des règles relatives à la capitalisation des intérêts échus pour une année entière.","Les intérêts échus, dus au moins pour une année entière, produisent intérêt si le contrat l'a prévu ou si une décision de justice le précise.",1,1,,Oui,Oui,,1,1,2
23/81891__2024-04-25,11,1343-2,Le jugement a précisé que seront déduites de ces sommes les sommes précédemment versées à titre de provision en exécution du jugement du 8 juin 2016 et de l’arrêt du 4 avril 2019 et la capitalisation des intérêts dus pour une année entière.,"Les intérêts échus, dus au moins pour une année entière, produisent intérêt si le contrat l'a prévu ou si une décision de justice le précise.",1,1,,Oui,Oui,,1,1,0
24/01963__2025-01-13,2,1343-2," capitalisation des intérêts éventuellement dus pour une année entière à titre de dommages-intérêts moratoires, et une indemnité d’occupation d’un montant équivalent à celui des loyers et des charges du mois d’octobre 2024 jusqu’à la libération effective des locaux.","Les intérêts échus, dus au moins pour une année entière, produisent intérêt si le contrat l'a prévu ou si une décision de justice le précise.",1,1,,Oui,Oui,,1,1,1
23/00456__2024-01-31,5,1343-2,Les sommes dues seront assorties des intérêts au taux légal avec capitalisation par année entière à compter de la première demande de remboursement soit le 18 octobre 2022.,"Les intérêts échus, dus au moins pour une année entière, produisent intérêt si le contrat l'a prévu ou si une décision de justice le précise.",1,1,,Oui,Oui,,1,1,3
24/01182__2024-10-11,5,1343-5,"De plus il ressort du décompte produit que celui-ci a repris le paiement intégral de ses loyers courants et de ses charges.Au vu de ces éléments, il convient d'accorder des délais de paiement à Monsieur [B] [I] selon les modalités précisées au dispositif, pour le règlement des sommes dues.","Le juge peut, compte tenu de la situation du débiteur et en considération des besoins du créancier, reporter ou échelonner, dans la limite de deux années, le paiement des sommes dues. Par décision spéciale et motivée, il peut ordonner que les sommes correspondant aux échéances reportées porteront intérêt à un taux réduit au moins égal au taux légal, ou que les paiements s'imputeront d'abord sur le capital. Il peut subordonner ces mesures à l'accomplissement par le débiteur d'actes propres à faciliter ou à garantir le paiement de la dette. La décision du juge suspend les procédures d'exécution qui auraient été engagées par le créancier. Les majorations d'intérêts ou les pénalités prévues en cas de retard ne sont pas encourues pendant le délai fixé par le juge. Toute stipulation contraire est réputée non écrite. Les dispositions du présent article ne sont pas applicables aux dettes d'aliment.",0,1,1.0,Non,Oui,Oui,0,1,1
23/01215__2024-06-03,14,1343-5,"En outre, la bailleresse n'est pas opposée à l'octroi de délais de paiement et à la suspension des effets de la clause résolutoire.Au vu de ces éléments, il convient d'accorder des délais de paiement à Madame [R] [Z] selon les modalités précisées au dispositif, pour le règlement des sommes dues.","Le juge peut, compte tenu de la situation du débiteur et en considération des besoins du créancier, reporter ou échelonner, dans la limite de deux années, le paiement des sommes dues. Par décision spéciale et motivée, il peut ordonner que les sommes correspondant aux échéances reportées porteront intérêt à un taux réduit au moins égal au taux légal, ou que les paiements s'imputeront d'abord sur le capital. Il peut subordonner ces mesures à l'accomplissement par le débiteur d'actes propres à faciliter ou à garantir le paiement de la dette. La décision du juge suspend les procédures d'exécution qui auraient été engagées par le créancier. Les majorations d'intérêts ou les pénalités prévues en cas de retard ne sont pas encourues pendant le délai fixé par le juge. Toute stipulation contraire est réputée non écrite. Les dispositions du présent article ne sont pas applicables aux dettes d'aliment.",0,1,1.0,Non,Oui,Oui,0,1,4
21/01022__2025-02-28,20,1344,"En cas de rejet total ou partiel des observations de l'intéressé, le directeur de l'organisme d'assurance maladie adresse, par lettre recommandée, une mise en demeure à l'intéressé de payer dans le délai d'un mois.La mise en demeure ne peut concerner que des sommes portées sur la notification.","Le débiteur est mis en demeure de payer soit par une sommation ou un acte portant interpellation suffisante, soit, si le contrat le prévoit, par la seule exigibilité de l'obligation.",0,1,0.0,Non,Oui,"Non, application d’un régime spécial",0,0,4
24/01379__2025-02-10,3,1344,Monsieur [M] a remis un chèque de 16050 euros daté du 13 février 2024 qui n’a pas pu être perçu en raison du redressement ou de la liquidation judiciaire du tireur. La mise en demeure adressée le 29 février 2024 à monsieur [M] par lettre recommandée avec demande d’avis de réception n’a pas été suivie d’effet et la caducité de la convention lui a été notifiée le 8 avril 2024.,"Le débiteur est mis en demeure de payer soit par une sommation ou un acte portant interpellation suffisante, soit, si le contrat le prévoit, par la seule exigibilité de l'obligation.",0,1,0.0,Non,Oui,"Non, faits ou prétentions des parties uniquement",0,0,2
23/03319__2024-04-08,15,1344,"En effet, tant le courrier recommandé à titre de mise en demeure préalable à la déchéance du terme en date du 17 novembre 2022 que le courrier recommandé prononçant la déchéance du terme en date du 22 février 2023 n'ont, selon le suivi informatique de ces courriers qui est versé, pas pu être remis au destinataire.","Le débiteur est mis en demeure de payer soit par une sommation ou un acte portant interpellation suffisante, soit, si le contrat le prévoit, par la seule exigibilité de l'obligation.",0,1,0.0,Non,Oui,"Non, faits ou prétentions des parties uniquement",0,0,1
23/08738__2024-02-06,8,1344-1,"Il est produit un historique de compte, le 4 janvier 2024 (décembre 2023 inclus), qui fait apparaître une somme restant due de 2490,60 €, au paiement de laquelle il convient de condamner Mme [T], avec intérêts au taux légal à compter du 5 juillet 2023, date du commandement de payer. La situation du preneur permet toutefois de lui octroyer des délais de paiement suspensifs de la clause résolutoire du bail, avec une clause de déchéance du terme en cas de","La mise en demeure de payer une obligation de somme d'argent fait courir l'intérêt moratoire, au taux légal, sans que le créancier soit tenu de justifier d'un préjudice.",1,0,0.0,Oui,Non,Non,0,0,0
24/01546__2025-01-24,41,1344-1,"Par conséquent, il reste un solde de 1459,94€ (920,84+2019,10-1480) que Monsieur [R] [K] sera condamné à payer avec intérêts à compter de la mise en demeure du 28 juin 2022 (AR revenu pli avisé non réclamé).","La mise en demeure de payer une obligation de somme d'argent fait courir l'intérêt moratoire, au taux légal, sans que le créancier soit tenu de justifier d'un préjudice.",1,1,,Oui,Oui,,1,1,2
24/01380__2024-07-05,15,1344-1,"Cette somme produira intérêts à taux légal non majoré à compter du 9 mai 2023 date de première présentation de la mise en demeure de payer. En effet il convient d'assurer le caractère effectif et dissuasif de la déchéance du droit aux intérêts, dans la mesure où il résulte des pièces du dossier que les montant susceptibles d'être effectivement perçus par le prêteur au titre des intérêts au taux légal majoré de cinq points, nonobstant la déchéance du droit aux intérêts, ne sont pas significativement inférieurs à","La mise en demeure de payer une obligation de somme d'argent fait courir l'intérêt moratoire, au taux légal, sans que le créancier soit tenu de justifier d'un préjudice.",1,0,1.0,Oui,Non,Oui,0,1,1
22/00159__2024-12-13,25,1344-1,"ARIBAS PERSONAL FINANCE, avec intérêts au taux légal à compter du 23 septembre 2021, date de réception de la mise en demeure, sans capitalisation possible.","La mise en demeure de payer une obligation de somme d'argent fait courir l'intérêt moratoire, au taux légal, sans que le créancier soit tenu de justifier d'un préjudice.",1,1,,Oui,Oui,,1,1,1
22/09207__2024-12-02,37,1346-4,"Le fonds de garantie est subrogé, à concurrence de cette somme, dans les droits que Madame [P] [L] détient sur Monsieur [K] [C].Monsieur [K] [C] est donc tenu au paiement de cette somme.","La subrogation transmet à son bénéficiaire, dans la limite de ce qu'il a payé, la créance et ses accessoires, à l'exception des droits exclusivement attachés à la personne du créancier. Toutefois, le subrogé n'a droit qu'à l'intérêt légal à compter d'une mise en demeure, s'il n'a convenu avec le débiteur d'un nouvel intérêt. Ces intérêts sont garantis par les sûretés attachées à la créance, dans les limites, lorsqu'elles ont été constituées par des tiers, de leurs engagements initiaux s'ils ne consentent à s'obliger au-delà.",1,1,,Oui,Oui,,1,1,2
24/01464__2025-02-11,11,1346-4,Le paiement avec subrogation ne transfère légalement la créance que jusqu'à concurrence de la somme payée par le subrogé.On ne peut attribuer au subrogé plus qu'il n'a payé.,"La subrogation transmet à son bénéficiaire, dans la limite de ce qu'il a payé, la créance et ses accessoires, à l'exception des droits exclusivement attachés à la personne du créancier. Toutefois, le subrogé n'a droit qu'à l'intérêt légal à compter d'une mise en demeure, s'il n'a convenu avec le débiteur d'un nouvel intérêt. Ces intérêts sont garantis par les sûretés attachées à la créance, dans les limites, lorsqu'elles ont été constituées par des tiers, de leurs engagements initiaux s'ils ne consentent à s'obliger au-delà.",1,1,,Oui,Oui,,1,1,0
24/80258__2024-05-30,53,1347-4,"Finalement et à défaut de preuve de l’affectation spécifique des versements intervenus en 2023 et la prescription n’ayant été soulevée que dans le cadre de la présente procédure, l’huissier a, à juste titre, imputé les paiements effectués en 2023 sur les plus anciennes dettes en priorité.","S'il y a plusieurs dettes compensables, les règles d'imputation des paiements sont transposables.",0,1,0.0,Non,Oui,"Non, application d’un régime spécial",0,0,3
23/04408__2024-04-16,19,1350-2,"Dès lors, cette compensation a également été opérée au profit du débiteur principal ou plus exactement sur sa dette.Cette déduction doit par conséquent bénéficier à la caution qui ne saurait être tenue à une dette plus importante que la dette qu’il garantit en tant que débiteur de second rang.","La remise de dette accordée au débiteur principal libère les cautions, même solidaires. La remise consentie à l'une des cautions solidaires ne libère pas le débiteur principal, mais libère les autres à concurrence de sa part. Ce que le créancier a reçu d'une caution pour la décharge de son cautionnement doit être imputé sur la dette et décharger le débiteur principal à proportion. Les autres cautions ne restent tenues que déduction faite de la part de la caution libérée ou de la valeur fournie si elle excède cette part.",1,1,,Oui,Oui,,1,1,4
23/06143__2024-05-24,7,1351,Ce constat d’accord n’a finalement jamais été signé par Monsieur [P] pour la société ATTITUDE SMART et les fonds jamais payés à Monsieur [U].Il ne ressort pas du dossier que la société ATTITUDE SMART puisse se prévaloir de force majeure empêchant la bonne exécution de son obligation.,"L'impossibilité d'exécuter la prestation libère le débiteur à due concurrence lorsqu'elle procède d'un cas de force majeure et qu'elle est définitive, à moins qu'il n'ait convenu de s'en charger ou qu'il ait été préalablement mis en demeure.",1,1,,Oui,Oui,,1,1,0
22/03179__2024-09-19,24,1352-1,"Il doit lui être pareillement tenu compte des dépenses nécessaires qu'il a faites de ses deniers personnels pour la conservation desdits biens, encore qu'elles ne les aient point améliorés.Inversement, l'indivisaire répond des dégradations et détériorations qui ont diminué la valeur des biens indivis par son fait ou par sa faute ».","Celui qui restitue la chose répond des dégradations et détériorations qui en ont diminué la valeur, à moins qu'il ne soit de bonne foi et que celles-ci ne soient pas dues à sa faute.",0,1,0.0,Non,Oui,"Non, application d’un régime spécial",0,0,1
22/00570__2024-05-30,28,1352-1,"Il doit lui être pareillement tenu compte des dépenses nécessaires qu’il a faites de ses deniers personnels pour la conservation desdits bien, encore qu’elles ne les aient points améliorés.Inversement, l’indivisaire répond des dégradations et détériorations qui ont diminués la valeur des biens indivis par son fait ou par sa faute.","Celui qui restitue la chose répond des dégradations et détériorations qui en ont diminué la valeur, à moins qu'il ne soit de bonne foi et que celles-ci ne soient pas dues à sa faute.",0,1,0.0,Non,Oui,"Non, application d’un régime spécial",0,0,1
23/03527__2025-01-14,13,1352-1,"Pour écarter sa responsabilité, le locataire doit prouver l'un des faits suivants : soit que les dégradations ont eu lieu par cas de force majeure ;soit que les dégradations ou pertes ont eu lieu par la faute du bailleur ;soit que les dégradations ou pertes ont eu lieu par le fait ""d'un tiers qu'il n'a pas introduit dans le logement"" ;ou encore que les dégradations sont imputables à la vétusté.","Celui qui restitue la chose répond des dégradations et détériorations qui en ont diminué la valeur, à moins qu'il ne soit de bonne foi et que celles-ci ne soient pas dues à sa faute.",0,1,0.0,Non,Oui,"Non, application d’un régime spécial",0,0,3
24/03473__2025-02-25,16,1352-1,"Pour écarter sa responsabilité, le locataire doit prouver l’un des faits suivants : - soit que les dégradations ont eu lieu par cas de force majeure ; - soit que les dégradations ou pertes ont eu lieu par la faute du bailleur ; - soit que les dégradations ou pertes ont eu lieu par le fait « d’un tiers qu’il n’a pas introduit dans le logement » ; - ou encore que les dégradations sont imputables à la vétusté.","Celui qui restitue la chose répond des dégradations et détériorations qui en ont diminué la valeur, à moins qu'il ne soit de bonne foi et que celles-ci ne soient pas dues à sa faute.",0,1,0.0,Non,Oui,"Non, application d’un régime spécial",0,0,2
25/00172__2025-04-23,42,1352-6,"Les sommes déjà perçues par le prêteur au titre des intérêts, qui sont productives d'intérêts au taux de l'intérêt légal à compter du jour de leur versement, sont restituées par le prêteur ou imputées sur le capital restant dû, de sorte que le décompte expurgé produit aux débats est erroné, en ce qu'il ne prévoit pas la restitution des intérêts inclus dans les mensualités impayées.",La restitution d'une somme d'argent inclut les intérêts au taux légal et les taxes acquittées entre les mains de celui qui l'a reçue.,1,1,,Oui,Oui,,1,1,4
24/02021__2025-01-24,9,1353,"M. [T] [U] et Mme [B] [G] qui n'ont pas comparu, échouent à rapporter la preuve de leurs paiements alors que cette charge leur incombe.","Celui qui réclame l'exécution d'une obligation doit la prouver. Réciproquement, celui qui se prétend libéré doit justifier le paiement ou le fait qui a produit l'extinction de son obligation.",1,1,,Oui,Oui,,1,1,3
24/01781__2025-02-25,5,1353,"Il affirme que celui qui réclame l’exécution d’une obligation doit en apporter la preuve.Il estime que le syndicat de copropriétaires ne produit aucun justificatif détaillant le calcul des sommes suivantes : 846,27 euros pour la régularisation des charges de l’exercice 2020 et 324,20 euros pour la régularisation des charges de l’exercice 2023.","Celui qui réclame l'exécution d'une obligation doit la prouver. Réciproquement, celui qui se prétend libéré doit justifier le paiement ou le fait qui a produit l'extinction de son obligation.",0,1,0.0,Non,Oui,"Non, faits ou prétentions des parties uniquement",0,0,4
24/00074__2024-06-21,20,1353,"En outre, la charge de la preuve de l’exécution d’une obligation pesant sur celui qui s’en prétend libéré, la SCI [Adresse 5] supportera les frais d’intervention du bureau de contrôle technique.","Celui qui réclame l'exécution d'une obligation doit la prouver. Réciproquement, celui qui se prétend libéré doit justifier le paiement ou le fait qui a produit l'extinction de son obligation.",1,1,,Oui,Oui,,1,1,0
23/09232__2024-07-18,14,1353,"Enfin, il sera fait observer qu'il appartient à celui qui se prévaut de la résiliation judiciaire du contrat de rapporter la preuve du manquement et de justifier de sa gravité suffisante à entraîner la résiliation du contrat de bail aux torts du locataire et son expulsion des lieux et que celui qui réclame l'exécution d'une obligation doit la prouver. Réciproquement, celui qui se prétend libéré doit justifier le paiement ou le fait qui a produit l'extinction de son obligation.","Celui qui réclame l'exécution d'une obligation doit la prouver. Réciproquement, celui qui se prétend libéré doit justifier le paiement ou le fait qui a produit l'extinction de son obligation.",1,1,,Oui,Oui,,1,1,2
21/09184__2025-03-06,61,1353,"Il appartient donc au cabinet MINARD de rapporter la preuve qu’il a rempli cette obligation, qu’il ne conteste d’ailleurs pas en son principe.","Celui qui réclame l'exécution d'une obligation doit la prouver. Réciproquement, celui qui se prétend libéré doit justifier le paiement ou le fait qui a produit l'extinction de son obligation.",1,1,,Oui,Oui,,1,1,1
22/03140__2024-04-09,36,1353,"M. [G] [H] et M. [K] [X], qui contestent le montant des sommes dues, n’apportent toutefois aucune pièce justifiant un paiement postérieur au 3 mai 2018 alors que la charge de la preuve du paiement leur incombe.","Celui qui réclame l'exécution d'une obligation doit la prouver. Réciproquement, celui qui se prétend libéré doit justifier le paiement ou le fait qui a produit l'extinction de son obligation.",1,1,,Oui,Oui,,1,1,1
23/01939__2025-01-07,35,1354,Cette présomption simple peut toutefois être renversée par l'employeur si celui-ci apporte la preuve contraire notamment en se prévalant des conclusions d'une expertise qu'il aura préalablement sollicitée et obtenue.,"La présomption que la loi attache à certains actes ou à certains faits en les tenant pour certains dispense celui au profit duquel elle existe d'en rapporter la preuve. Elle est dite simple, lorsque la loi réserve la preuve contraire, et peut alors être renversée par tout moyen de preuve ; elle est dite mixte, lorsque la loi limite les moyens par lesquels elle peut être renversée ou l'objet sur lequel elle peut être renversée ; elle est dite irréfragable lorsqu'elle ne peut être renversée.",1,1,,Oui,Oui,,1,1,4
22/02191__2024-03-05,5,1354,Cette présomption simple peut toutefois être renversée par l’employeur si celui-ci apporte la preuve contraire notamment en se prévalant des conclusions d’une expertise qu’il aura préalablement sollicitée et obtenue.,"La présomption que la loi attache à certains actes ou à certains faits en les tenant pour certains dispense celui au profit duquel elle existe d'en rapporter la preuve. Elle est dite simple, lorsque la loi réserve la preuve contraire, et peut alors être renversée par tout moyen de preuve ; elle est dite mixte, lorsque la loi limite les moyens par lesquels elle peut être renversée ou l'objet sur lequel elle peut être renversée ; elle est dite irréfragable lorsqu'elle ne peut être renversée.",1,1,,Oui,Oui,,1,1,2
22/02096__2024-02-22,8,1354,"Cette présomption n’est pas irréfragable de sorte que la société HARSCO METALS & MINERALS FRANCE peut tenter de renverser cette présomption ; la charge de la preuve de ce que les conditions de travail ont été indifférentes, pèse néanmoins sur l’employeur. Or d’une part les écritures mêmes de la société HARSCO METAL","La présomption que la loi attache à certains actes ou à certains faits en les tenant pour certains dispense celui au profit duquel elle existe d'en rapporter la preuve. Elle est dite simple, lorsque la loi réserve la preuve contraire, et peut alors être renversée par tout moyen de preuve ; elle est dite mixte, lorsque la loi limite les moyens par lesquels elle peut être renversée ou l'objet sur lequel elle peut être renversée ; elle est dite irréfragable lorsqu'elle ne peut être renversée.",1,1,,Oui,Oui,,1,1,0
22/00564__2024-09-16,25,1354,La Caisse ne peut tirer argument de l’application de la presomption d’imputabilité pour soutenir que l’incomplétude de son instruction et du dossier sur le plan médical est indifférente à l’opposabilité de la prise en charge alors qu’il ne s’agit que d’une présomption simple qui peut être renversée.,"La présomption que la loi attache à certains actes ou à certains faits en les tenant pour certains dispense celui au profit duquel elle existe d'en rapporter la preuve. Elle est dite simple, lorsque la loi réserve la preuve contraire, et peut alors être renversée par tout moyen de preuve ; elle est dite mixte, lorsque la loi limite les moyens par lesquels elle peut être renversée ou l'objet sur lequel elle peut être renversée ; elle est dite irréfragable lorsqu'elle ne peut être renversée.",1,1,,Oui,Oui,,1,1,3
24/00061__2025-04-22,12,1355,"Or, l'autorité de la chose jugée n'ayant lieu qu'à l'égard de ce qui fait l'objet d'un jugement et a été tranché dans son dispositif, le juge de l'exécution doit, pour chaque nouvelle mesure d’exécution, examiner les moyens soulevés par M. [P] [X] au fond sans pouvoir les déclarer irrecevables.","L'autorité de la chose jugée n'a lieu qu'à l'égard de ce qui a fait l'objet du jugement. Il faut que la chose demandée soit la même ; que la demande soit fondée sur la même cause ; que la demande soit entre les mêmes parties, et formée par elles et contre elles en la même qualité.",1,1,,Oui,Oui,,1,1,2
22/00504__2024-04-05,6,1355,"LA décision de la cour d’appel de TOULOUSE a incontestablement autorité de la chose jugée .A ce jour, la propriété de l’appartement loué est ainsi divisée entre la SCOP UTOPIA SAINT SIMEON et la société FOUQUE & BUILDING.","L'autorité de la chose jugée n'a lieu qu'à l'égard de ce qui a fait l'objet du jugement. Il faut que la chose demandée soit la même ; que la demande soit fondée sur la même cause ; que la demande soit entre les mêmes parties, et formée par elles et contre elles en la même qualité.",1,1,,Oui,Oui,,1,1,2
22/00738__2024-11-04,4,1355,"Il ressort de ce jugement, désormais définitif, que la chose demandée est la même, que la demande est fondée sur la même cause et concerne les mêmes parties, en la même qualité.Par conséquent, la demande de M. [W] tendant à la reconnaissance du caractère professionnel de sa maladie comme remplissant les conditions posées par le tableau 57B des maladies professionnelles sera déclarée irrecevable.","L'autorité de la chose jugée n'a lieu qu'à l'égard de ce qui a fait l'objet du jugement. Il faut que la chose demandée soit la même ; que la demande soit fondée sur la même cause ; que la demande soit entre les mêmes parties, et formée par elles et contre elles en la même qualité.",1,1,,Oui,Oui,,1,1,0
20/02883__2024-03-26,16,1355,Sur l'autorité de la chose jugée résultant de la relaxe de M. [A] [V] La Ville de [Localité 3] estime que le jugement de relaxe prononcé par le tribunal correctionnel de Marseille du 27 mai 2020 a autorité de la chose jugée sur le civil. L'autorité de la chose jugée n'a lieu qu'à l'égard de ce qui a fait l'objet du jugement.,"L'autorité de la chose jugée n'a lieu qu'à l'égard de ce qui a fait l'objet du jugement. Il faut que la chose demandée soit la même ; que la demande soit fondée sur la même cause ; que la demande soit entre les mêmes parties, et formée par elles et contre elles en la même qualité.",1,1,,Oui,Oui,,1,1,1
20/02883__2024-03-26,17,1355,"Il faut que la chose demandée soit la même, que la demande soit fondée sur la même cause, que la demande soit entre les mêmes parties, et formée par elles et contre elles en la même qualité.","L'autorité de la chose jugée n'a lieu qu'à l'égard de ce qui a fait l'objet du jugement. Il faut que la chose demandée soit la même ; que la demande soit fondée sur la même cause ; que la demande soit entre les mêmes parties, et formée par elles et contre elles en la même qualité.",1,1,,Oui,Oui,,1,1,1
23/06335__2024-02-13,5,1355,"Cette décision ayant autorité de chose jugée, ce qui n’est pas contesté par les parties, il n’y a pas lieu de statuer de nouveau sur ces mêmes moyens qui seront écartés.","L'autorité de la chose jugée n'a lieu qu'à l'égard de ce qui a fait l'objet du jugement. Il faut que la chose demandée soit la même ; que la demande soit fondée sur la même cause ; que la demande soit entre les mêmes parties, et formée par elles et contre elles en la même qualité.",1,1,,Oui,Oui,,1,1,1
24/00062__2025-04-22,12,1355,"Or, l'autorité de la chose jugée n'ayant lieu qu'à l'égard de ce qui fait l'objet d'un jugement et a été tranché dans son dispositif, le juge de l'exécution doit, pour chaque nouvelle mesure d’exécution, examiner les moyens soulevés par M. [C] [I] au fond sans pouvoir les déclarer irrecevables.","L'autorité de la chose jugée n'a lieu qu'à l'égard de ce qui a fait l'objet du jugement. Il faut que la chose demandée soit la même ; que la demande soit fondée sur la même cause ; que la demande soit entre les mêmes parties, et formée par elles et contre elles en la même qualité.",1,1,,Oui,Oui,,1,1,1
19/02492__2024-06-07,55,1358,"Par ailleurs, la preuve de l’existence d’un préjudice d’agrément incombe à la victime et peut être rapportée par tout moyen .","Hors les cas où la loi en dispose autrement, la preuve peut être apportée par tout moyen.",1,1,,Oui,Oui,,1,1,1
24/00088__2025-01-29,3,1358,"Cette preuve peut être apportée par tout moyen et résulter d’un faisceau de présomptions graves, précises et concordantes.","Hors les cas où la loi en dispose autrement, la preuve peut être apportée par tout moyen.",1,1,,Oui,Oui,,1,1,2
21/00965__2024-02-29,3,1358,"S’agissant d’une action en répétition de l’indu, l’organisme doit établir l’existence du paiement d’une part, et son caractère indu d’autre part, celui-ci résultant de ce que l’organisme a pris en charge des actes, produits et prestations.Cette preuve peut être rapportée par tout moyen.","Hors les cas où la loi en dispose autrement, la preuve peut être apportée par tout moyen.",1,1,,Oui,Oui,,1,1,0
24/02677__2025-03-20,17,1358," interrompue que par le dépôt d’une déclaration en bonne et due forme sous modèle cerfa ; la demande de reconnaissance de maladie professionnelle constituant un fait juridique, la preuve peut au contraire en être faite par tout moyen.","Hors les cas où la loi en dispose autrement, la preuve peut être apportée par tout moyen.",1,1,,Oui,Oui,,1,1,2
19/08410__2024-11-04,14,1358,"En cas de contestation de la date de la novation, la preuve en incombe au nouveau créancier, qui peut l'apporter par tout moyen.","Hors les cas où la loi en dispose autrement, la preuve peut être apportée par tout moyen.",1,1,,Oui,Oui,,1,1,1
23/06458__2024-01-29,3,1358,"La charge de la preuve de l'inexécution incombe à celui qui se prévaut de la résiliation du contrat aux torts de son co-contractant.Cette preuve est libre et peut être rapportée par tous moyens, notamment par indices ou présomptions.","Hors les cas où la loi en dispose autrement, la preuve peut être apportée par tout moyen.",1,1,,Oui,Oui,,1,1,1
24/01167__2025-01-07,20,1358,"Il convient de rappeler que la charge de la preuve incombe à la SARL CASTELBAR. Pour autant, la preuve d’un fait juridique peut être rapportée par tous moyens, et notamment par la concordance d’indice graves et sérieux soumis à l’appréciation du juge.Par ailleurs, le fait que l’obligation ne soit pas sérieusement contestable repose, par hypothèse, sur l’appréciation du caractère sérieux de la contestation.","Hors les cas où la loi en dispose autrement, la preuve peut être apportée par tout moyen.",1,1,,Oui,Oui,,1,1,4
22/01519__2024-09-13,35,1361,"A défaut d’écrit passé entre les cocontractants, la preuve peut se faire par un commencement de preuve par écrit complété par tous moyens de preuve.","Il peut être suppléé à l'écrit par l'aveu judiciaire, le serment décisoire ou un commencement de preuve par écrit corroboré par un autre moyen de preuve.",1,1,,Oui,Oui,,1,1,3
24/00609__2024-11-28,25,1361,"En l'espèce, cette vérification permet d'établir qu'une partie du contrat produit aux débats est rédigée en caractères d'une hauteur inférieure au corps huit, plusieurs paragraphes comportant des lignes d'une hauteur inférieure à trois millimètres.Or, l'offre de crédit produite n'est pas l'original du contrat, et la copie d'un acte juridique ne constitue qu'un commencement de preuve par écrit.","Il peut être suppléé à l'écrit par l'aveu judiciaire, le serment décisoire ou un commencement de preuve par écrit corroboré par un autre moyen de preuve.",0,1,0.0,Non,Oui,"Non, application d’un régime spécial",0,0,0
24/00737__2024-09-16,25,1361,"L'offre de crédit produite n'est pas l'original du contrat, et la copie de cet acte juridique ne constitue ici qu'un commencement de preuve par écrit.","Il peut être suppléé à l'écrit par l'aveu judiciaire, le serment décisoire ou un commencement de preuve par écrit corroboré par un autre moyen de preuve.",0,1,0.0,Non,Oui,"Non, application d’un régime spécial",0,0,2
23/01609__2024-03-29,6,1361,"Enfin, le témoignage de [G] [X] aux termes duquel celle-ci atteste que la société défenderesse a déménagé depuis décembre 2017 constitue un commencement de preuve par écrit lequel doit donc être corroboré par d'autres éléments de preuve et qui, en tout état de cause, ne concerne que l'établissement de l'éventuel départ de la société défenderesse mais pas la réalité du congé qu'elle devait donner par courrier recommandé.","Il peut être suppléé à l'écrit par l'aveu judiciaire, le serment décisoire ou un commencement de preuve par écrit corroboré par un autre moyen de preuve.",1,1,,Oui,Oui,,1,1,1
19/06468__2024-06-25,11,1362,"A supposer que la discordance entre les copies produites doive conduire à retenir l’absence de validité du renvoi opéré, celui-ci n’en constituerait pas moins un commencement de preuve par écrit de la convention passée entre les parties, complété par d’autres éléments de preuve, tels la copie produite par Monsieur [V] et les deux attestations précitées de Maître [I].","Constitue un commencement de preuve par écrit tout écrit qui, émanant de celui qui conteste un acte ou de celui qu'il représente, rend vraisemblable ce qui est allégué. Peuvent être considérés par le juge comme équivalant à un commencement de preuve par écrit les déclarations faites par une partie lors de sa comparution personnelle, son refus de répondre ou son absence à la comparution. La mention d'un écrit authentique ou sous signature privée sur un registre public vaut commencement de preuve par écrit.",1,1,,Oui,Oui,,1,1,3
22/01519__2024-09-13,35,1362,"A défaut d’écrit passé entre les cocontractants, la preuve peut se faire par un commencement de preuve par écrit complété par tous moyens de preuve.","Constitue un commencement de preuve par écrit tout écrit qui, émanant de celui qui conteste un acte ou de celui qu'il représente, rend vraisemblable ce qui est allégué. Peuvent être considérés par le juge comme équivalant à un commencement de preuve par écrit les déclarations faites par une partie lors de sa comparution personnelle, son refus de répondre ou son absence à la comparution. La mention d'un écrit authentique ou sous signature privée sur un registre public vaut commencement de preuve par écrit.",0,1,0.0,Non,Oui,Non,0,0,3
24/02782__2024-12-16,41,1362,"En l'espèce, l'offre de crédit produite n'est pas l'original du contrat, et la copie d'un acte juridique ne constitue qu'un commencement de preuve par écrit.","Constitue un commencement de preuve par écrit tout écrit qui, émanant de celui qui conteste un acte ou de celui qu'il représente, rend vraisemblable ce qui est allégué. Peuvent être considérés par le juge comme équivalant à un commencement de preuve par écrit les déclarations faites par une partie lors de sa comparution personnelle, son refus de répondre ou son absence à la comparution. La mention d'un écrit authentique ou sous signature privée sur un registre public vaut commencement de preuve par écrit.",1,1,,Oui,Oui,,1,1,4
20/04613__2024-03-08,42,1362,"Par sa note en délibéré du 20 novembre 2023, [G] [F] assure à nouveau qu’il n’a rien perçu de la part de la prévoyance de son employeur et produit toutes les demandes et relances faites à cet organisme afin de disposer d’une attestation en ce sens.Il y a lieu de considérer que les éléments transmis constituent un commencement de preuve par écrit du non-versement de la prévoyance.","Constitue un commencement de preuve par écrit tout écrit qui, émanant de celui qui conteste un acte ou de celui qu'il représente, rend vraisemblable ce qui est allégué. Peuvent être considérés par le juge comme équivalant à un commencement de preuve par écrit les déclarations faites par une partie lors de sa comparution personnelle, son refus de répondre ou son absence à la comparution. La mention d'un écrit authentique ou sous signature privée sur un registre public vaut commencement de preuve par écrit.",1,1,,Oui,Oui,,1,1,1
23/01609__2024-03-29,6,1362,"Enfin, le témoignage de [G] [X] aux termes duquel celle-ci atteste que la société défenderesse a déménagé depuis décembre 2017 constitue un commencement de preuve par écrit lequel doit donc être corroboré par d'autres éléments de preuve et qui, en tout état de cause, ne concerne que l'établissement de l'éventuel départ de la société défenderesse mais pas la réalité du congé qu'elle devait donner par courrier recommandé.","Constitue un commencement de preuve par écrit tout écrit qui, émanant de celui qui conteste un acte ou de celui qu'il représente, rend vraisemblable ce qui est allégué. Peuvent être considérés par le juge comme équivalant à un commencement de preuve par écrit les déclarations faites par une partie lors de sa comparution personnelle, son refus de répondre ou son absence à la comparution. La mention d'un écrit authentique ou sous signature privée sur un registre public vaut commencement de preuve par écrit.",1,1,,Oui,Oui,,1,1,1
19/02638__2024-04-15,34,1362,"Dès lors, ces attestations constituent donc un simple commencement de preuve qui peut être corroboré par d'autres éléments du dossier. En l'espèce, il y a lieu de relever que tous les témoins indiquent avoir été collègues de travail de [DS] [RI], ce qui n'est pas expressément remis en cause par l’employeur, qui conteste cependant leur objectivité.","Constitue un commencement de preuve par écrit tout écrit qui, émanant de celui qui conteste un acte ou de celui qu'il représente, rend vraisemblable ce qui est allégué. Peuvent être considérés par le juge comme équivalant à un commencement de preuve par écrit les déclarations faites par une partie lors de sa comparution personnelle, son refus de répondre ou son absence à la comparution. La mention d'un écrit authentique ou sous signature privée sur un registre public vaut commencement de preuve par écrit.",1,1,,Oui,Oui,,1,1,1
24/00737__2024-09-16,25,1362,"L'offre de crédit produite n'est pas l'original du contrat, et la copie de cet acte juridique ne constitue ici qu'un commencement de preuve par écrit.","Constitue un commencement de preuve par écrit tout écrit qui, émanant de celui qui conteste un acte ou de celui qu'il représente, rend vraisemblable ce qui est allégué. Peuvent être considérés par le juge comme équivalant à un commencement de preuve par écrit les déclarations faites par une partie lors de sa comparution personnelle, son refus de répondre ou son absence à la comparution. La mention d'un écrit authentique ou sous signature privée sur un registre public vaut commencement de preuve par écrit.",1,1,,Oui,Oui,,1,1,2
23/07618__2024-02-01,6,1363,"Madame [H] [D] ne justifie en revanche pas du nouvel échéancier et des paiements effectués par elle seule à partir de mai 2023 et ne peut donc qu’être déboutée de sa demande à ce titre, les seuls éléments produits étant des tableaux rédigés par ses soins alors que nul ne peut se constituer preuve à soi-même.",Nul ne peut se constituer de titre à soi-même.,1,1,,Oui,Oui,,1,1,0
19/12746__2025-03-26,70,1363,"Il résulte de la jurisprudence précitée de la Cour de cassation que la société demanderesse ne saurait utilement opposer le principe selon lequel nul ne peut se constituer de preuve à soi-même.Par suite, la prétention de la société AXA FRANCE IARD tendant au rejet des sommes demandées par la CPAM doit être rejetée et elle doit être condamnée à payer à la caisse la somme de 14 634,45 euros.",Nul ne peut se constituer de titre à soi-même.,0,1,0.0,Non,Oui,"Non, application d’un régime spécial",0,0,3
22/01824__2025-02-05,3,1364,"Il ne peut être prouvé outre ou contre un écrit établissant un acte juridique, même si la somme ou la valeur n'excède pas ce montant, que par un autre écrit sous signature privée ou authentique.Celui dont la créance excède le seuil mentionné au premier alinéa ne peut pas être dispensé de la preuve par écrit en restreignant sa demande.",La preuve d'un acte juridique peut être préconstituée par un écrit en la forme authentique ou sous signature privée.,0,1,0.0,Non,Oui,Non,0,0,4
24/00492__2024-12-05,4,1365,"La [5] ne conteste pas pour sa part que la déclaration adressée est vierge des mentions cerfa(cf pièce jointe au dossier) mais considère qu’elle est parfaitement lisible concernant les mentions apposées de manière manuscrite; de fait le tribunal constate que si la déclaration produite est effectivement vierge des mentions pré imprimées, les mentions manuscrites sont claires et suffisamment informatives de sorte que la société [9] ne fait d’ailleurs pas état d’un quelconque grief.","L'écrit consiste en une suite de lettres, de caractères, de chiffres ou de tous autres signes ou symboles dotés d'une signification intelligible, quel que soit leur support.",1,1,,Oui,Oui,,1,1,2
24/06814__2025-02-14,11,1365,"A cet effet, les états des lieux peuvent être réalisés sous la forme d'un document unique ou de documents distincts ayant une présentation similaire ; 3° L'état des lieux, établi sur support papier ou sous forme électronique, est remis en main propre ou par voie dématérialisée à chacune des parties ou à leur mandataire au moment de sa signature.","L'écrit consiste en une suite de lettres, de caractères, de chiffres ou de tous autres signes ou symboles dotés d'une signification intelligible, quel que soit leur support.",0,0,,Non,Non,,1,0,4
24/54541__2024-06-27,17,1366,"Le commissaire de justice indique avoir, pour chacun des courriers de demande de convocation, contrôlé que le document comporte l'identification du signataire (nom et/ou prénom), avoir vérifié que le document est signé, et avoir contrôlé que le nom du signataire est présent dans le fichier « membres du Conseil National » qui lui a été remis, comportant 2.308 lignes correspondant chacune aux membres du Conseil National de l'association.","L'écrit électronique a la même force probante que l'écrit sur support papier, sous réserve que puisse être dûment identifiée la personne dont il émane et qu'il soit établi et conservé dans des conditions de nature à en garantir l'intégrité.",0,1,0.0,Non,Oui,"Non, faits ou prétentions des parties uniquement",0,0,1
23/01501__2024-03-19,11,1367,"Or en l’espèce, le bon de commande signé le 29 février 2020 par monsieur [X] auprès de la société WORLD OF CARS ne mentionne nullement le nom de son mandataire, le réel vendeur, à savoir monsieur [O].En effet, sous la mention “le vendeur” apparait seulement une signature non identifiable et non complétée du nom de celui-ci.","La signature nécessaire à la perfection d'un acte juridique identifie son auteur. Elle manifeste son consentement aux obligations qui découlent de cet acte. Quand elle est apposée par un officier public, elle confère l'authenticité à l'acte. Lorsqu'elle est électronique, elle consiste en l'usage d'un procédé fiable d'identification garantissant son lien avec l'acte auquel elle s'attache. La fiabilité de ce procédé est présumée, jusqu'à preuve contraire, lorsque la signature électronique est créée, l'identité du signataire assurée et l'intégrité de l'acte garantie, dans des conditions fixées par décret en Conseil d'Etat.",0,1,0.0,Non,Oui,"Non, faits ou prétentions des parties uniquement",0,0,2
24/07027__2025-02-12,10,1367,La réalité de la signature de M. [T] [X] ne peut dès lors être remise en question.Au demeurant les demandeurs ne tirent aucune conséquence juridique d’un défaut de validité de signature.,"La signature nécessaire à la perfection d'un acte juridique identifie son auteur. Elle manifeste son consentement aux obligations qui découlent de cet acte. Quand elle est apposée par un officier public, elle confère l'authenticité à l'acte. Lorsqu'elle est électronique, elle consiste en l'usage d'un procédé fiable d'identification garantissant son lien avec l'acte auquel elle s'attache. La fiabilité de ce procédé est présumée, jusqu'à preuve contraire, lorsque la signature électronique est créée, l'identité du signataire assurée et l'intégrité de l'acte garantie, dans des conditions fixées par décret en Conseil d'Etat.",0,1,0.0,Non,Oui,Non,0,0,4
23/06336__2024-06-18,4,1367,Le jugement établi sur support électronique est signé au moyen d'un procédé de signature électronique qualifiée répondant aux exigences du décret n° 2017-1416 du 28 septembre 2017 relatif à la signature électronique.Le retrait de la qualification d'un ou plusieurs éléments nécessaires à la production de la signature constitue un vice de forme du jugement.,"La signature nécessaire à la perfection d'un acte juridique identifie son auteur. Elle manifeste son consentement aux obligations qui découlent de cet acte. Quand elle est apposée par un officier public, elle confère l'authenticité à l'acte. Lorsqu'elle est électronique, elle consiste en l'usage d'un procédé fiable d'identification garantissant son lien avec l'acte auquel elle s'attache. La fiabilité de ce procédé est présumée, jusqu'à preuve contraire, lorsque la signature électronique est créée, l'identité du signataire assurée et l'intégrité de l'acte garantie, dans des conditions fixées par décret en Conseil d'Etat.",1,1,,Oui,Oui,,1,1,0
24/01986__2024-07-01,19,1367,"Force est de relever que la requête est introduite par Monsieur [L] [J] qui l’a effectivement signée, aucun élement ne permettant de conclure que la signature électronique apposée ne correspondrait pas à la signature de Monsieur [J], l’ensemble des documents fournis par la Fédération portant cette même signature.","La signature nécessaire à la perfection d'un acte juridique identifie son auteur. Elle manifeste son consentement aux obligations qui découlent de cet acte. Quand elle est apposée par un officier public, elle confère l'authenticité à l'acte. Lorsqu'elle est électronique, elle consiste en l'usage d'un procédé fiable d'identification garantissant son lien avec l'acte auquel elle s'attache. La fiabilité de ce procédé est présumée, jusqu'à preuve contraire, lorsque la signature électronique est créée, l'identité du signataire assurée et l'intégrité de l'acte garantie, dans des conditions fixées par décret en Conseil d'Etat.",1,1,,Oui,Oui,,1,1,4
22/01519__2024-09-13,35,1368,"A défaut d’écrit passé entre les cocontractants, la preuve peut se faire par un commencement de preuve par écrit complété par tous moyens de preuve.","A défaut de dispositions ou de conventions contraires, le juge règle les conflits de preuve par écrit en déterminant par tout moyen le titre le plus vraisemblable.",0,0,,Non,Non,,1,0,3
23/06370__2024-06-07,14,1371, à personne et que la relation des actes accomplis par le commissaire de justice lui-même ainsi que ses constatations font foi jusqu'à inscription de faux.,"L'acte authentique fait foi jusqu'à inscription de faux de ce que l'officier public dit avoir personnellement accompli ou constaté. En cas d'inscription de faux, le juge peut suspendre l'exécution de l'acte.",1,0,1.0,Oui,Non,Oui,0,1,4
24/02448__2025-02-27,9,1371,Cet acte contient notamment à peine de nullité une copie du procès-verbal de saisie et la reproduction des renseignements communiqués par le tiers saisi si l'acte a été signifié par voie électronique.La requérante soutient qu’il n’est pas justifié de la remise du procès-verbal de saisie attribution dans l’acte de dénonciation de saisie attribution alors que sa pièce 3 démontre le contraire ; étant précisé qu’un acte de commissaire de justice fait foi jusqu’à inscription de faux.,"L'acte authentique fait foi jusqu'à inscription de faux de ce que l'officier public dit avoir personnellement accompli ou constaté. En cas d'inscription de faux, le juge peut suspendre l'exécution de l'acte.",1,1,,Oui,Oui,,1,1,2
23/01474__2024-09-06,17,1371,La vérification du nom sur la boîte à lettres et sur l'interphone constitue une constatation personnelle de l'huissier instrumentaire et vaut jusqu'à inscription de faux.,"L'acte authentique fait foi jusqu'à inscription de faux de ce que l'officier public dit avoir personnellement accompli ou constaté. En cas d'inscription de faux, le juge peut suspendre l'exécution de l'acte.",1,1,,Oui,Oui,,1,1,3
24/08732__2025-04-15,30,1371,"""  Par ailleurs, les vérifications effectuées par l'huissier de justice font foi jusqu'à inscription de faux, s'agissant d'un acte qu'il a lui-même accompli et ne peuvent être remises en cause, au contraire des assertions de Monsieur [A] [S].Dès lors, les diligences de l'huissier instrumentaire apparaissent suffisantes au regard des circonstances de l'espèce ainsi rappelées.","L'acte authentique fait foi jusqu'à inscription de faux de ce que l'officier public dit avoir personnellement accompli ou constaté. En cas d'inscription de faux, le juge peut suspendre l'exécution de l'acte.",1,1,,Oui,Oui,,1,1,0
23/56451__2024-03-13,2,1371,"Cette mention du commissaire de justice instrumentaire fait foi jusqu'à inscription de faux, de sorte que cet autre moyen de contestation sera rejeté.","L'acte authentique fait foi jusqu'à inscription de faux de ce que l'officier public dit avoir personnellement accompli ou constaté. En cas d'inscription de faux, le juge peut suspendre l'exécution de l'acte.",1,1,,Oui,Oui,,1,1,3
21/01081__2024-07-25,14,1372,"Il en va de même de l’écriture, en prenant pour référence le contrat de cautionnement 39.Par conséquent, il est possible de douter du fait que Monsieur [M] [S] [H] en soit le signataire, ce qui est corroboré par l’aveu judiciaire fait par son frère.","L'acte sous signature privée, reconnu par la partie à laquelle on l'oppose ou légalement tenu pour reconnu à son égard, fait foi entre ceux qui l'ont souscrit et à l'égard de leurs héritiers et ayants cause.",0,0,,Non,Non,,1,0,2
20/01058__2024-01-23,17,1372,Les irrégularités relevées s’agissant de ce second contrat expliquent que l’on se réfèrera exclusivement au premier sur lequel se trouve apposée la signature des auteurs.,"L'acte sous signature privée, reconnu par la partie à laquelle on l'oppose ou légalement tenu pour reconnu à son égard, fait foi entre ceux qui l'ont souscrit et à l'égard de leurs héritiers et ayants cause.",0,0,,Non,Non,,1,0,4
22/10620__2024-12-17,82,1372,"Le demandeur conteste avoir signé ce document, produisant en pièce n° 47 la première page de ce document, avec en marge, trois mentions selon lesquelles l'identité du signataire n'a pas encore été identifiée, sans pour autant que ces mentions puissent être reliées à la signature de M. [I].","L'acte sous signature privée, reconnu par la partie à laquelle on l'oppose ou légalement tenu pour reconnu à son égard, fait foi entre ceux qui l'ont souscrit et à l'égard de leurs héritiers et ayants cause.",0,0,,Non,Non,,1,0,3
23/03279__2024-07-04,22,1372,"En l'absence de présomption de l'identité du signataire, il appartient d'examiner la question de l'authenticité de la signature de Monsieur [A] au regard des règles de droit commun de la preuve.22.","L'acte sous signature privée, reconnu par la partie à laquelle on l'oppose ou légalement tenu pour reconnu à son égard, fait foi entre ceux qui l'ont souscrit et à l'égard de leurs héritiers et ayants cause.",0,0,,Non,Non,,1,0,1
21/05248__2024-06-04,3,1373,"Cette étude a été soumise sous forme de dire à l'expert, qui en réponse (pages 29 et suivantes du rapport), n'a observé sur l'original du testament aucune différence sur l'écriture des trois dernières lignes avec le premières lignes du testament, la seule existante tenant au dessin des carreaux sur la feuille.","La partie à laquelle on l'oppose peut désavouer son écriture ou sa signature. Les héritiers ou ayants cause d'une partie peuvent pareillement désavouer l'écriture ou la signature de leur auteur, ou déclarer qu'ils ne les connaissent. Dans ces cas, il y a lieu à vérification d'écriture.",1,1,,Oui,Oui,,1,1,1
22/10620__2024-12-17,82,1373,"Le demandeur conteste avoir signé ce document, produisant en pièce n° 47 la première page de ce document, avec en marge, trois mentions selon lesquelles l'identité du signataire n'a pas encore été identifiée, sans pour autant que ces mentions puissent être reliées à la signature de M. [I].","La partie à laquelle on l'oppose peut désavouer son écriture ou sa signature. Les héritiers ou ayants cause d'une partie peuvent pareillement désavouer l'écriture ou la signature de leur auteur, ou déclarer qu'ils ne les connaissent. Dans ces cas, il y a lieu à vérification d'écriture.",1,1,,Oui,Oui,,1,1,3
22/03447__2024-10-08,6,1373,"Or, il est constant que le bénéficiaire d’un testament qui n’en détient qu’une copie doit rapporter la preuve que cette copie est une reproduction fidèle et durable de l’original qui a existé jusqu’au décès du testateur et n’a pas été détruit par lui, de sorte qu’il est la manifestation de ses dernières volontés.Il incombe au légataire d’établir la sincérité d’un testament lorsque les héritiers contestent l’écriture et la signature.","La partie à laquelle on l'oppose peut désavouer son écriture ou sa signature. Les héritiers ou ayants cause d'une partie peuvent pareillement désavouer l'écriture ou la signature de leur auteur, ou déclarer qu'ils ne les connaissent. Dans ces cas, il y a lieu à vérification d'écriture.",0,1,0.0,Non,Oui,"Non, application d’un régime spécial",0,0,3
21/00519__2024-11-13,18,1373,"Y ajoutant les éléments graphiques détaillés dans son rapport, l’expert conclut à une imitation de la signature figurant sur la pièce d’identité de Madame [E] [D] : elle précise que la forme a été reproduite mais qu’il y a trop de dissemblances sur des gestes graphiques qui échappent au contrôle comme les espacements, la vitesse, les gestes spontanés qui modifient le calibre du trait.","La partie à laquelle on l'oppose peut désavouer son écriture ou sa signature. Les héritiers ou ayants cause d'une partie peuvent pareillement désavouer l'écriture ou la signature de leur auteur, ou déclarer qu'ils ne les connaissent. Dans ces cas, il y a lieu à vérification d'écriture.",0,1,0.0,Non,Oui,"Non, faits ou prétentions des parties uniquement",0,0,3
24/07027__2025-02-12,8,1373,"En effet, la photocopie versée à la procédure de sa pièce d’identité ne laisse pas apparaître de façon complète sa signature qui d’autre part présente des similitudes avec les signatures apposées sur les contrats s’agissant en particulier de la forme arrondie de la première lettre et du trait placé sous la signature.","La partie à laquelle on l'oppose peut désavouer son écriture ou sa signature. Les héritiers ou ayants cause d'une partie peuvent pareillement désavouer l'écriture ou la signature de leur auteur, ou déclarer qu'ils ne les connaissent. Dans ces cas, il y a lieu à vérification d'écriture.",0,1,0.0,Non,Oui,"Non, faits ou prétentions des parties uniquement",0,0,4
20/10158__2025-01-14,2,1373,"Compte tenu de l’expertise graphologique qu'ils ont effectuée, ils estiment qu'il est établi que c’est M. [X] qui a rempli et signé le bulletin de souscription et, qu'en tout état de cause, l’expert a confirmé que l’écriture et la signature apposées sur ce bulletin ne sont pas celles de M. ou Mme [N].","La partie à laquelle on l'oppose peut désavouer son écriture ou sa signature. Les héritiers ou ayants cause d'une partie peuvent pareillement désavouer l'écriture ou la signature de leur auteur, ou déclarer qu'ils ne les connaissent. Dans ces cas, il y a lieu à vérification d'écriture.",1,1,,Oui,Oui,,1,1,2
21/05248__2024-06-04,4,1373,"L'expert ajoute que l'écriture du bas et du verso du testament n'est pas plus tourmentée que sur les autres lignes et correspond aux critères et gestes graphiques de [H] [U], que ce testament ne contient aucune répétition inutile et relève le fait que le testateur a mentionné dans la marge de gauche « un mot nul » et paraphé à côté montre sa clairvoyance et sa lucidité pour appuyer et authentifier ses écrits, que le fait que [H] [U","La partie à laquelle on l'oppose peut désavouer son écriture ou sa signature. Les héritiers ou ayants cause d'une partie peuvent pareillement désavouer l'écriture ou la signature de leur auteur, ou déclarer qu'ils ne les connaissent. Dans ces cas, il y a lieu à vérification d'écriture.",1,1,,Oui,Oui,,1,1,1
23/03635__2024-09-27,8,1376,"Il convient de relever que la mention manuscrite imposée a été apposée et donc qu’aucun élement ne permet de contester la validité du cautionnement.S’agissant du quantum de la condamnation, la SAS PANACHAT produit l’ensemble des factures dues par la SN COMMERCE [Localité 6] et un tableau récapitulatif des sommes dues.","L'acte sous signature privée par lequel une seule partie s'engage envers une autre à lui payer une somme d'argent ou à lui livrer un bien fongible ne fait preuve que s'il comporte la signature de celui qui souscrit cet engagement ainsi que la mention, écrite par lui-même, de la somme ou de la quantité en toutes lettres et en chiffres. En cas de différence, l'acte sous signature privée vaut preuve pour la somme écrite en toutes lettres.",0,1,0.0,Non,Oui,"Non, application d’un régime spécial",0,0,4
24/01854__2025-03-13,14,1376,"Le cautionnement doit être exprès et la caution personne physique doit apposer elle-même en toutes lettres la mention qu'elle s'engage en qualité de caution à payer au créancier ce que lui doit le débiteur en cas de défaillance de celui-ci, dans la limite d'un montant en principal et accessoires exprimé en toutes lettres et en chiffres.","L'acte sous signature privée par lequel une seule partie s'engage envers une autre à lui payer une somme d'argent ou à lui livrer un bien fongible ne fait preuve que s'il comporte la signature de celui qui souscrit cet engagement ainsi que la mention, écrite par lui-même, de la somme ou de la quantité en toutes lettres et en chiffres. En cas de différence, l'acte sous signature privée vaut preuve pour la somme écrite en toutes lettres.",0,1,0.0,Non,Oui,"Non, application d’un régime spécial",0,0,4
23/01820__2025-02-27,7,1378,"Aucune pièce ne rapporte la preuve de l’accord de la société DAAF sur le montant des prestations réclamées, qui ne ressort que de documents établis unilatéralement par la SELARL [B] [N] et qui ne sauraient donc avoir une quelconque force probante à ce sujet.","Les registres et documents que les professionnels doivent tenir ou établir ont, contre leur auteur, la même force probante que les écrits sous signature privée ; mais celui qui s'en prévaut ne peut en diviser les mentions pour n'en retenir que celles qui lui sont favorables.",0,1,0.0,Non,Oui,"Non, application d’un régime spécial",0,0,0
23/02844__2024-03-11,12,1379,"Cet examen doit s’accompagner si nécessaire de la vérification du nombre maximal de lignes en corps huit que doit contenir le paragraphe vérifié.En l’espèce, le prêteur verse aux débats une copie du contrat de mauvaise qualité, ne permettant pas de rapporter la preuve qu’elle a respecté cette obligation.","La copie fiable a la même force probante que l'original. La fiabilité est laissée à l'appréciation du juge. Néanmoins est réputée fiable la copie exécutoire ou authentique d'un écrit authentique. Est présumée fiable jusqu'à preuve du contraire toute copie résultant d'une reproduction à l'identique de la forme et du contenu de l'acte, et dont l'intégrité est garantie dans le temps par un procédé conforme à des conditions fixées par décret en Conseil d'État. Si l'original subsiste, sa présentation peut toujours être exigée.",0,1,0.0,Non,Oui,Non,0,0,3
24/00744__2024-09-16,15,1379,"Seule la production de l'original permet de faire le constat du respect de ces prescriptions, la taille des caractères des documents photocopiés ne correspondant jamais exactement à celle de l'original et pouvant être modifiée par l'opérateur. Malgré la charge de la preuve qui pèse sur lui, le préteur ne produit aucun élément de preuve extérieur à sa personne susceptible d’établir le caractère réglementaire des caractères d'imprimerie utilisés.","La copie fiable a la même force probante que l'original. La fiabilité est laissée à l'appréciation du juge. Néanmoins est réputée fiable la copie exécutoire ou authentique d'un écrit authentique. Est présumée fiable jusqu'à preuve du contraire toute copie résultant d'une reproduction à l'identique de la forme et du contenu de l'acte, et dont l'intégrité est garantie dans le temps par un procédé conforme à des conditions fixées par décret en Conseil d'État. Si l'original subsiste, sa présentation peut toujours être exigée.",0,0,,Non,Non,,1,0,2
23/02163__2025-04-10,36,1379,"Or, une photocopie étant exempte de toute garantie d'authenticité et d'intégrité, ces pièces sont dénuées de valeur probante.Par ailleurs, en tout état de cause, comme relevé par le ministère public, ces pièces sont insuffisantes à rapporter la preuve de la souscription de la déclaration par [E] [Z] et de l'enregistrement de celle-ci.","La copie fiable a la même force probante que l'original. La fiabilité est laissée à l'appréciation du juge. Néanmoins est réputée fiable la copie exécutoire ou authentique d'un écrit authentique. Est présumée fiable jusqu'à preuve du contraire toute copie résultant d'une reproduction à l'identique de la forme et du contenu de l'acte, et dont l'intégrité est garantie dans le temps par un procédé conforme à des conditions fixées par décret en Conseil d'État. Si l'original subsiste, sa présentation peut toujours être exigée.",1,1,,Oui,Oui,,1,1,2
23/01115__2024-02-05,13,1379,"Il convient de rappeler qu’une copie doit être la copie authentique certifiée conforme d’une décision rendue par le tribunal , elle doit être la reproduction fidèle et complète de l’original du jugement figurant dans les minutes conservées au greffe du tribunal. Il est constant que le fait de produire plusieurs versions d’une même décision judiciaire ôte toute force probante à ces documents.","La copie fiable a la même force probante que l'original. La fiabilité est laissée à l'appréciation du juge. Néanmoins est réputée fiable la copie exécutoire ou authentique d'un écrit authentique. Est présumée fiable jusqu'à preuve du contraire toute copie résultant d'une reproduction à l'identique de la forme et du contenu de l'acte, et dont l'intégrité est garantie dans le temps par un procédé conforme à des conditions fixées par décret en Conseil d'État. Si l'original subsiste, sa présentation peut toujours être exigée.",1,1,,Oui,Oui,,1,1,0
22/04806__2024-08-02,5,1381,Il n’est pas allégué qu’il porte une atteinte quelconque aux droits des parties et le tribunal appréciera sa valeur probante.Il y a lieu de rejeter la prétention tendant à ce que cette pièce soit écartée des débats.,La valeur probante des déclarations faites par un tiers dans les conditions du code de procédure civile est laissée à l'appréciation du juge.,1,0,0.0,Oui,Non,"Non, application d’un régime spécial",0,0,0
22/00109__2024-09-12,22,1381,"Pour justifier ses demandes à ce titre, Mme [N] produit une pièce numéro 10 intitulée “estimation du bien objet de la saisie par ORPI” en une page recto.Cette pièce qui correspond à une évaluation en ligne, n’a aucune valeur probante.",La valeur probante des déclarations faites par un tiers dans les conditions du code de procédure civile est laissée à l'appréciation du juge.,1,0,0.0,Oui,Non,"Non, application d’un régime spécial",0,0,2
23/00001__2024-01-19,10,1381,"Le propriétaire a repris les surfaces mesurées dans le tableau ci-dessous, en les comparant avec les surfaces indiquées dans la DIA : Rien ne permet de remettre en cause la fiabilité des mesures effectuées par l'Agence Diagnostic Nord qui est un professionnel, l'autorité expropriante n'apportant aucun élément concret pour les contredire.En conséquence, il convient de retenir les surfaces issues du mesurage.",La valeur probante des déclarations faites par un tiers dans les conditions du code de procédure civile est laissée à l'appréciation du juge.,1,0,0.0,Oui,Non,Non,0,0,1
24/02473__2024-07-03,19,1381,"Aussi, le rédacteur du rapport est identifiable.Ce document dispose de la valeur probante d'un simple renseignement, qui peut donc être renversé par toute preuve contraire.",La valeur probante des déclarations faites par un tiers dans les conditions du code de procédure civile est laissée à l'appréciation du juge.,1,0,0.0,Oui,Non,"Non, application d’un régime spécial",0,0,0
22/00555__2024-10-15,7,1381,"Dès lors, bien que la Sasu Eau Paradis remette en cause les conclusions de l’expert et la force probante du rapport, ces contestations ne sont pas suffisantes pour écarter le rapport d’expertise dès lors que celui-ci a régulièrement été versé aux débats par les époux [C], étant rappelé qu’il appartient au tribunal d’apprécier la valeur probante des éléments de preuve apportés par les parties.",La valeur probante des déclarations faites par un tiers dans les conditions du code de procédure civile est laissée à l'appréciation du juge.,0,0,,Non,Non,,1,0,4
23/06458__2024-01-29,3,1382,"La charge de la preuve de l'inexécution incombe à celui qui se prévaut de la résiliation du contrat aux torts de son co-contractant.Cette preuve est libre et peut être rapportée par tous moyens, notamment par indices ou présomptions.","Les présomptions qui ne sont pas établies par la loi, sont laissées à l'appréciation du juge, qui ne doit les admettre que si elles sont graves, précises et concordantes, et dans les cas seulement où la loi admet la preuve par tout moyen.",1,1,,Oui,Oui,,1,1,1
23/00765__2024-09-13,23,1382,"S'agissant de la preuve d'un fait juridique, cette preuve est libre et peut donc être rapportée par tous moyens, notamment par des présomptions graves, précises et concordantes.Ainsi en est-il lorsque les déclarations du salarié sont corroborées par la teneur des documents médicaux produits et par les déclarations des témoins voire par des documents médicaux seulement, dès lors que ceux-ci sont suffisamment précis.","Les présomptions qui ne sont pas établies par la loi, sont laissées à l'appréciation du juge, qui ne doit les admettre que si elles sont graves, précises et concordantes, et dans les cas seulement où la loi admet la preuve par tout moyen.",1,1,,Oui,Oui,,1,1,0
23/01318__2025-02-12,3,1382,"A ce titre, la preuve de la matérialité de l'accident, qui ne peut résulter des seules allégations de la victime, peut être rapportée par tous moyens, tels que des témoignages, ou résulter de présomptions graves, précises et concordantes.","Les présomptions qui ne sont pas établies par la loi, sont laissées à l'appréciation du juge, qui ne doit les admettre que si elles sont graves, précises et concordantes, et dans les cas seulement où la loi admet la preuve par tout moyen.",1,1,,Oui,Oui,,1,1,2
23/01538__2024-12-17,4,1382,"La preuve de cette matérialité, qui revient au salarié, peut être administrée par l'existence de témoins ou par la recherche d'éléments objectifs susceptibles d'être admis à titre de présomptions.En effet, les seules déclarations de la victime ne suffisent pas à faire la preuve des circonstances de l'accident.","Les présomptions qui ne sont pas établies par la loi, sont laissées à l'appréciation du juge, qui ne doit les admettre que si elles sont graves, précises et concordantes, et dans les cas seulement où la loi admet la preuve par tout moyen.",1,1,,Oui,Oui,,1,1,3
23/00217__2024-10-28,6,1382,Les seules déclarations de la victime ne suffisent pas à rapporter la preuve de la matérialité de l'accident et ses allégations doivent être corroborées par des éléments objectifs.,"Les présomptions qui ne sont pas établies par la loi, sont laissées à l'appréciation du juge, qui ne doit les admettre que si elles sont graves, précises et concordantes, et dans les cas seulement où la loi admet la preuve par tout moyen.",1,1,,Oui,Oui,,1,1,2
22/01032__2024-02-23,5,1382,"Il appartient à celui qui prétend avoir été victime d’un accident du travail d’établir autrement que par ses propres affirmations les circonstances exactes de l’accident et son caractère professionnel, la présomption ne pouvant résulter des seules allégations de la victime non corroborées par des éléments objectifs ou des seules caractéristiques de la lésion invoquée.S'agissant de la preuve d'un fait juridique, cette preuve est libre et peut donc être rapportée par tous moyens, notamment par des présomptions graves, précises et concordantes.","Les présomptions qui ne sont pas établies par la loi, sont laissées à l'appréciation du juge, qui ne doit les admettre que si elles sont graves, précises et concordantes, et dans les cas seulement où la loi admet la preuve par tout moyen.",1,1,,Oui,Oui,,1,1,2
23/04116__2024-09-20,35,1401,"Il résulte de l’acte de vente dressé le 2 octobre 1998 par lequel ils ont acquis ledit bien, qu’ils sont mariés depuis le [Date mariage 2] 1997, sans contrat préalable au mariage et sont donc soumis au régime légal de la communauté d’acquêts, de sorte que le bien immobilier objet de la saisie est un bien commun aux époux.","La communauté se compose activement des acquêts faits par les époux ensemble ou séparément durant le mariage, et provenant tant de leur industrie personnelle que des économies faites sur les fruits et revenus de leurs biens propres.",1,1,,Oui,Oui,,1,1,4
22/00104__2024-09-10,35,1401,"Dès lors que tout bien acquis durant le mariage est présumé acquêt de communauté, ces placements et actions détenus durant le mariage doivent figurer à l'actif de communauté à défaut de preuve contraire.","La communauté se compose activement des acquêts faits par les époux ensemble ou séparément durant le mariage, et provenant tant de leur industrie personnelle que des économies faites sur les fruits et revenus de leurs biens propres.",1,1,,Oui,Oui,,1,1,2
23/04245__2024-08-22,12,1401,Le premier domicile conjugal présentant un caractère stable et durable est donc le Laos.Il s’en déduit que les ex-époux ont entendu se soumettre au régime laotien qui est la séparation de biens pour les biens acquis avant le mariage et la société d’acquêts pour les biens acquis après le mariage.,"La communauté se compose activement des acquêts faits par les époux ensemble ou séparément durant le mariage, et provenant tant de leur industrie personnelle que des économies faites sur les fruits et revenus de leurs biens propres.",0,0,,Non,Non,,1,0,3
21/01325__2024-06-06,15,1401,Cette somme a été versée sur son compte [7] le 3 novembre 2005.Elle ne démontre néanmoins pas que ces fonds ont bénéficié à la communauté.,"La communauté se compose activement des acquêts faits par les époux ensemble ou séparément durant le mariage, et provenant tant de leur industrie personnelle que des économies faites sur les fruits et revenus de leurs biens propres.",0,1,0.0,Non,Oui,Non,0,0,3
23/04245__2024-08-22,13,1401,"Dans son rapport d’expertise Maître [P] [J], précise que Mme [R] [D] et M. [G] [C] se sont « mariés sous un régime apparenté au régime légal français avec une masse de biens propres constitués de biens détenus avant le mariage et une masse de biens communs représentés par les biens acquis après le mariage » (p.4 du rapport d’expertise).","La communauté se compose activement des acquêts faits par les époux ensemble ou séparément durant le mariage, et provenant tant de leur industrie personnelle que des économies faites sur les fruits et revenus de leurs biens propres.",0,1,0.0,Non,Oui,"Non, faits ou prétentions des parties uniquement",0,0,3
24/00015__2025-01-23,6,1401," la procédure de traitement du surendettement dont bénéficie l’un des époux, procédure dont les mesures lui sont en tout état de cause opposables, ne peut exercer de poursuite sur les biens communs du couple, quand bien même un seul des époux bénéficierait de la procédure de traitement du surendettement ; Attendu que le bien saisi ayant été acquis par les défendeurs postérieurement à leur mariage soumis au régime de la communauté d’acquêts, ce bien constitue un bien commun ; Qu’en application des textes susvisés","La communauté se compose activement des acquêts faits par les époux ensemble ou séparément durant le mariage, et provenant tant de leur industrie personnelle que des économies faites sur les fruits et revenus de leurs biens propres.",1,1,,Oui,Oui,,1,1,1
22/00104__2024-09-10,35,1402,"Dès lors que tout bien acquis durant le mariage est présumé acquêt de communauté, ces placements et actions détenus durant le mariage doivent figurer à l'actif de communauté à défaut de preuve contraire.","Tout bien, meuble ou immeuble, est réputé acquêt de communauté si l'on ne prouve qu'il est propre à l'un des époux par application d'une disposition de la loi. Si le bien est de ceux qui ne portent pas en eux-mêmes preuve ou marque de leur origine, la propriété personnelle de l'époux, si elle est contestée, devra être établie par écrit. A défaut d'inventaire ou autre preuve préconstituée, le juge pourra prendre en considération tous écrits, notamment titres de famille, registres et papiers domestiques, ainsi que documents de banque et factures. Il pourra même admettre la preuve par témoignage ou présomption, s'il constate qu'un époux a été dans l'impossibilité matérielle ou morale de se procurer un écrit.",1,1,,Oui,Oui,,1,1,2
20/09021__2024-01-11,24,1409,Il n’est donc pas établi que ces versements ont profité à la communauté.La demande de récompense de Monsieur [S] [X] est rejetée.,"La communauté se compose passivement : -à titre définitif, des aliments dus par les époux et des dettes contractées par eux pour l'entretien du ménage et l'éducation des enfants, conformément à l'article 220 ; -à titre définitif ou sauf récompense, selon les cas, des autres dettes nées pendant la communauté.",0,1,0.0,Non,Oui,"Non, application d’un régime spécial",0,0,1
22/00570__2024-05-30,13,1416,"M. [G] [S] invoque une créance au profit de la communauté à la charge de son ex-épouse d’un montant de 6 035,50 €.Au soutien de sa demande, il indique qu’elle a payé avec des deniers communs un chaudière pour équiper son bien propre.","La communauté qui a acquitté une dette pour laquelle elle pouvait être poursuivie en vertu des articles précédents a droit néanmoins à récompense, toutes les fois que cet engagement avait été contracté dans l'intérêt personnel de l'un des époux, ainsi pour l'acquisition, la conservation ou l'amélioration d'un bien propre.",0,1,0.0,Non,Oui,"Non, faits ou prétentions des parties uniquement",0,0,1
20/09021__2024-01-11,30,1416,"Madame [Z] [Y] soutient de son côté que co emprunteur de son époux à hauteur de 150 000 euros pour financer cette soulte, la communauté a donc droit à récompense.","La communauté qui a acquitté une dette pour laquelle elle pouvait être poursuivie en vertu des articles précédents a droit néanmoins à récompense, toutes les fois que cet engagement avait été contracté dans l'intérêt personnel de l'un des époux, ainsi pour l'acquisition, la conservation ou l'amélioration d'un bien propre.",0,1,0.0,Non,Oui,"Non, faits ou prétentions des parties uniquement",0,0,1
20/00756__2025-03-28,77,1416,"Madame [V] indique qu'une « récompense » lui est due à ce titre.Or, l'utilisation de deniers communs à des fins personnelles génère une récompense à la communauté et non au conjoint.","La communauté qui a acquitté une dette pour laquelle elle pouvait être poursuivie en vertu des articles précédents a droit néanmoins à récompense, toutes les fois que cet engagement avait été contracté dans l'intérêt personnel de l'un des époux, ainsi pour l'acquisition, la conservation ou l'amélioration d'un bien propre.",1,1,,Oui,Oui,,1,1,2
20/00756__2025-03-28,80,1416,"Or, l'utilisation de deniers communs à des fins personnelles génère une récompense à la communauté et non au conjoint.En outre, aucune pièce n'est produite à l'appui de la demande.","La communauté qui a acquitté une dette pour laquelle elle pouvait être poursuivie en vertu des articles précédents a droit néanmoins à récompense, toutes les fois que cet engagement avait été contracté dans l'intérêt personnel de l'un des époux, ainsi pour l'acquisition, la conservation ou l'amélioration d'un bien propre.",1,1,,Oui,Oui,,1,1,2
24/00951__2025-02-19,18,1418,"Il résulte de l'acte d'acquisition notarié du 27 décembre 2012 que M. [C] [O] et Mme [W] [B] étaient mariés sous le régime de la communauté d'acquêts, et ont acquis le bien pour le compte de leur communauté.En raison de la solidarité légale entre époux, les sommes correspondants aux charges de copropriété et frais seront dues solidairement par les époux.","Lorsqu'une dette est entrée en communauté du chef d'un seul des époux, elle ne peut être poursuivie sur les biens propres de l'autre. S'il y a solidarité, la dette est réputée entrer en communauté du chef des deux époux.",0,1,0.0,Non,Oui,"Non, application d’un régime spécial",0,0,3
22/00331__2024-12-13,6,1418," caractère ménager. Il n’est pas contesté que cet emprunt a été contracté avec le consentement de Madame [I] [M] [H], si bien qu’elle se trouve solidairement engagée avec son époux.","Lorsqu'une dette est entrée en communauté du chef d'un seul des époux, elle ne peut être poursuivie sur les biens propres de l'autre. S'il y a solidarité, la dette est réputée entrer en communauté du chef des deux époux.",1,1,,Oui,Oui,,1,1,4
23/00452__2024-08-30,20,1418,Madame [F] [W] et Monsieur [G] [W] seront donc déclarés irrecevables en cette demande.Le titre exécutoire ne condamne que Monsieur [H] [W] qui est seul débiteur. Monsieur et Madame [W] sont mariés sous le régime de la participation aux acquêts et aucune solidarité n'a été prononcée.,"Lorsqu'une dette est entrée en communauté du chef d'un seul des époux, elle ne peut être poursuivie sur les biens propres de l'autre. S'il y a solidarité, la dette est réputée entrer en communauté du chef des deux époux.",1,1,,Oui,Oui,,1,1,4
21/01325__2024-06-06,13,1433,"Madame [N] [L] justifie ainsi qu’une partie de ces fonds propres a alimenté deux contrats d’assurance vie, dont les retraits ont permis aux époux de fournir un apport personnel lors de l’acquisition de la maison à [Localité 17], ce qui permet au tribunal d’en déduire qu’une partie de ces fonds propres a profité à la communauté.","La communauté doit récompense à l'époux propriétaire toutes les fois qu'elle a tiré profit de biens propres. Il en est ainsi, notamment, quand elle a encaissé des deniers propres ou provenant de la vente d'un propre, sans qu'il en ait été fait emploi ou remploi. Si une contestation est élevée, la preuve que la communauté a tiré profit de biens propres peut être administrée par tous les moyens, même par témoignages et présomptions.",1,1,,Oui,Oui,,1,1,3
21/01325__2024-06-06,6,1433,"Sur les récompenses dues à Madame [N] [L] Au titre des fonds propres issus de la vente d’un bien reçu en donation partage  Un époux qui apporte la preuve, par tous moyens, que ses fonds propres ont permis l’acquisition d’un immeuble commun dispose d’un droit à récompense sur la communauté, même si l’acte d’acquisition ne prévoit pas de clause d’emploi ou de remploi de ces fonds propres (1ère","La communauté doit récompense à l'époux propriétaire toutes les fois qu'elle a tiré profit de biens propres. Il en est ainsi, notamment, quand elle a encaissé des deniers propres ou provenant de la vente d'un propre, sans qu'il en ait été fait emploi ou remploi. Si une contestation est élevée, la preuve que la communauté a tiré profit de biens propres peut être administrée par tous les moyens, même par témoignages et présomptions.",1,1,,Oui,Oui,,1,1,3
21/01325__2024-06-06,15,1433,Cette somme a été versée sur son compte [7] le 3 novembre 2005.Elle ne démontre néanmoins pas que ces fonds ont bénéficié à la communauté.,"La communauté doit récompense à l'époux propriétaire toutes les fois qu'elle a tiré profit de biens propres. Il en est ainsi, notamment, quand elle a encaissé des deniers propres ou provenant de la vente d'un propre, sans qu'il en ait été fait emploi ou remploi. Si une contestation est élevée, la preuve que la communauté a tiré profit de biens propres peut être administrée par tous les moyens, même par témoignages et présomptions.",1,1,,Oui,Oui,,1,1,3
21/00122__2024-01-12,27,1436,"Il s'agit de faire une règle de 3 : Financement (dépense faite par l'époux) X valeur du bien au jour de la vente (aujourd'hui)  coût d'acquisition (frais y compris) soit en l'espèce 43 224,49 X 550 000 = 43 781,71 euros.","Quand le prix et les frais de l'acquisition  excèdent la somme dont il a été fait emploi ou remploi, la communauté a droit à récompense pour l'excédent. Si, toutefois, la contribution de la communauté est supérieure à celle de l'époux acquéreur, le bien acquis tombe en communauté, sauf la récompense due à l'époux.",1,1,,Oui,Oui,,1,1,1
22/03416__2024-12-17,57,1437,"Si l’extinction de la dette personnelle d’un époux au moyen d’un prêt contracté par la communauté créé nécessairement une récompense au profit de celle-ci, les paiements d’échéances d’emprunts évoqués par [H] [T] sont présumés avoir été effectués au moyen de bien communs.Il s’agit donc du paiement d’une dette commune au moyen de biens communs, insusceptible de causer une récompense ou même de déduire le montant de la récompense par lui due.","Toutes les fois qu'il est pris sur la communauté une somme, soit pour acquitter les dettes ou charges personnelles à l'un des époux, telles que le prix ou partie du prix d'un bien à lui propre ou le rachat des services fonciers, soit pour le recouvrement, la conservation ou l'amélioration de ses biens personnels, et généralement toutes les fois que l'un des deux époux a tiré un profit personnel des biens de la communauté, il en doit la récompense.",1,1,,Oui,Oui,,1,1,4
23/00673__2024-12-12,16,1441,"En l’espèce, en l’absence de volonté contraire de l’époux qui les a consentis, il convient de constater que le prononcé de la présente décision emportera révocation de plein droit des avantages matrimoniaux qui ne prennent effet qu’à la dissolution du régime matrimonial ou au décès de l’un des époux et des dispositions à cause de mort, accordés par un époux envers son conjoint, par contrat de mariage ou pendant l’union.",La communauté se dissout : 1° par la mort de l'un des époux ; 2° par l'absence déclarée ; 3° par le divorce ; 4° par la séparation de corps ; 5° par la séparation de biens ; 6° par le changement du régime matrimonial.,0,1,0.0,Non,Oui,Non,0,0,0
23/01527__2024-12-05,6,1441,"En l’espèce, l’assignation en divorce a été délivrée le 7 juin 2022.Madame [C] indique que les époux ont cessé toute communauté de vie en novembre 2018.",La communauté se dissout : 1° par la mort de l'un des époux ; 2° par l'absence déclarée ; 3° par le divorce ; 4° par la séparation de corps ; 5° par la séparation de biens ; 6° par le changement du régime matrimonial.,0,1,0.0,Non,Oui,"Non, faits ou prétentions des parties uniquement",0,0,0
22/01827__2024-11-21,43,1441,"En l’espèce Monsieur [C] sollicite que le divorce prenne effet entre les époux s’agissant de leurs biens à la date du 16 juillet 2020, date de l’ordonnance de protection, ce qui est justifié au regard des interdictions qu’elle a prononcées, donnant lieu à une séparation effective.",La communauté se dissout : 1° par la mort de l'un des époux ; 2° par l'absence déclarée ; 3° par le divorce ; 4° par la séparation de corps ; 5° par la séparation de biens ; 6° par le changement du régime matrimonial.,0,1,0.0,Non,Oui,"Non, application d’un régime spécial",0,0,0
22/03042__2024-09-19,42,1441,"En l’absence de volonté contraire de l’époux qui les a consentis, il convient de constater que le prononcé de la présente décision emportera révocation de plein droit des avantages matrimoniaux qui ne prennent effet qu’à la dissolution du régime matrimonial ou au décès de l’un des époux et des dispositions à cause de mort, accordés par un époux envers son conjoint, par contrat de mariage ou pendant l’union.",La communauté se dissout : 1° par la mort de l'un des époux ; 2° par l'absence déclarée ; 3° par le divorce ; 4° par la séparation de corps ; 5° par la séparation de biens ; 6° par le changement du régime matrimonial.,0,1,0.0,Non,Oui,"Non, application d’un régime spécial",0,0,0
24/06972__2024-11-14,29,1441,"En l’espèce, les parties s’accordent sur la date de cessation de leur cohabitation le 1 janvier 2022, sans qu’il ne soit fait état d’une reprise de la vie commune ou d’une collaboration postérieure, il sera donc fait droit à leur demande et dit que le divorce produira ses effets entre les épouses à l’égard de leurs biens à compter de cette date.",La communauté se dissout : 1° par la mort de l'un des époux ; 2° par l'absence déclarée ; 3° par le divorce ; 4° par la séparation de corps ; 5° par la séparation de biens ; 6° par le changement du régime matrimonial.,0,1,0.0,Non,Oui,"Non, application d’un régime spécial",0,0,2
24/01840__2024-12-04,12,1448,"Or, il n’établit pas et n’affirme d’ailleurs même pas qu’il aurait assuré une aide matérielle hors de proportion avec ses facultés.Mais surtout, les époux sont convenus en adoptant la séparation de biens qu'ils contribueraient aux charges du mariage dans la proportion de leurs facultés respectives et que chacun d'eux serait réputé avoir fourni au jour le jour sa part contributive en sorte qu'aucun compte ne serait fait entre eux à ce sujet.","L'époux qui a obtenu la séparation de biens doit contribuer, proportionnellement à ses facultés et à celles de son conjoint, tant aux frais du ménage qu'à ceux d'éducation des enfants. Il doit supporter entièrement ces frais, s'il ne reste rien à l'autre.",0,1,0.0,Non,Oui,"Non, application d’un régime spécial",0,0,3
21/07057__2024-09-26,67,1448,"De surcroît alors que l’épouse n’ayant pu contribuer faute de ressources, ce dernier a supporté seul les charges du mariage pendant que son épouse se trouvait totalement démunie ; il ne saurait donc réclamer au moment de la liquidation de la séparation de biens, le versement d’une indemnité compensatrice au titre d’un prétendu excès de contribution aux charges du mariage, alors qu’il n’a fait qu’exécuter son obligation personnelle.","L'époux qui a obtenu la séparation de biens doit contribuer, proportionnellement à ses facultés et à celles de son conjoint, tant aux frais du ménage qu'à ceux d'éducation des enfants. Il doit supporter entièrement ces frais, s'il ne reste rien à l'autre.",1,0,0.0,Oui,Non,Non,0,0,4
24/02548__2024-11-07,4,1485,"» En l’espèce, M. [E] se prévaut d’un principe de créance au titre de la liquidation du régime matrimonial. Il expose avoir payé l’intégralité des frais d’acquisition du bien immobilier sis à [Localité 6] et acquis par le couple le 14 mai 2013, puis avoir payé les échéances du prêt.","Chacun des époux contribue pour moitié aux dettes de communauté pour lesquelles il n'était pas dû de récompense, ainsi qu'aux frais de scellé, inventaire, vente de mobilier, liquidation, licitation et partage. Il supporte seul les dettes qui n'étaient devenues communes que sauf récompense à sa charge.",0,0,,Non,Non,,1,0,4
22/00570__2024-05-30,13,1485,"M. [G] [S] invoque une créance au profit de la communauté à la charge de son ex-épouse d’un montant de 6 035,50 €.Au soutien de sa demande, il indique qu’elle a payé avec des deniers communs un chaudière pour équiper son bien propre.","Chacun des époux contribue pour moitié aux dettes de communauté pour lesquelles il n'était pas dû de récompense, ainsi qu'aux frais de scellé, inventaire, vente de mobilier, liquidation, licitation et partage. Il supporte seul les dettes qui n'étaient devenues communes que sauf récompense à sa charge.",0,0,,Non,Non,,1,0,1
22/01827__2024-11-21,48,1542,"Toutefois, pour les communautés dissoutes par divorce, séparation de corps ou séparation de biens, l'attribution préférentielle n'est jamais de droit, et il peut toujours être décidé que la totalité de la soulte éventuellement due sera payable comptant.","Après la dissolution du mariage par le décès de l'un des conjoints, le partage des biens indivis entre époux séparés de biens, pour tout ce qui concerne ses formes, le maintien de l'indivision et l'attribution préférentielle, la licitation des biens, les effets du partage, la garantie et les soultes, est soumis à toutes les règles qui sont établies au titre "" Des successions "" pour les partages entre cohéritiers. Les mêmes règles s'appliquent après divorce ou séparation de corps. Toutefois, l'attribution préférentielle n'est jamais de droit. Il peut toujours être décidé que la totalité de la soulte éventuellement due sera payable comptant.",1,1,,Oui,Oui,,1,1,0
24/06596__2025-01-16,3,1582,"Au fond, le litige concerne le paiement de la clause pénale insérée une promesse synallagmatique de vente immobilière, outre une indemnisation distincte pour inexécution de l'obligation d'informer des refus de financements.Le contrat invoqué, la promesse de vente, ne concerne ni la livraison d'une chose ni l'exécution d'une prestation de service.","La vente est une convention par laquelle l'un s'oblige à livrer une chose, et l'autre à la payer. Elle peut être faite par acte authentique ou sous seing privé.",0,0,,Non,Non,,1,0,0
21/00544__2024-04-25,16,1582,"; -Par deux actes notariés du 20 avril 2011, [D] [A] a vendu à Mme [X] [Y] la nue-propriété de deux appartements situés à [Localité 14], chacun moyennant un prix de 650 000 MAD ; que le prix est indiqué dans les deux cas payé « hors la vue du notaire » ; que Mme [Y] n’avait pas les moyens de payer ces prix et qu’il","La vente est une convention par laquelle l'un s'oblige à livrer une chose, et l'autre à la payer. Elle peut être faite par acte authentique ou sous seing privé.",0,1,0.0,Non,Oui,"Non, faits ou prétentions des parties uniquement",0,0,3
24/01920__2025-01-09,12,1582," GRAND, moyennant le prix de 800.000 euros, elle n'évoque pas ce point devant le tribunal et ne verse pas aux débats l'acte sous seing privé de vente en question.","La vente est une convention par laquelle l'un s'oblige à livrer une chose, et l'autre à la payer. Elle peut être faite par acte authentique ou sous seing privé.",0,1,0.0,Non,Oui,"Non, faits ou prétentions des parties uniquement",0,0,1
23/04969__2025-03-28,12,1584,"La promesse peut être assortie d'un terme ou d'une condition suspensive, en particulier une condition suspensive d’obtention d’un prêt, stipulée à la charge [J] l’acquéreur. Lorsqu’un délai est prévu pour la réalisation [J] la condition et qu’à la date prévue pour la réitération par acte authentique, cette condition n'est pas accomplie, la convention est caduque.","La vente peut être faite purement et simplement, ou sous une condition soit suspensive, soit résolutoire. Elle peut aussi avoir pour objet deux ou plusieurs choses alternatives. Dans tous ces cas, son effet est réglé par les principes généraux des conventions.",1,0,0.0,Oui,Non,Non,0,0,0
23/09210__2024-07-31,6,1584,"La promesse de vente synallagmatique conclue le 8 avril 2022 entre les parties, était assortie d'une condition suspensive érigée en faveur de l’acquéreur, ainsi rédigée ; « Obtention d’un permis de construire.","La vente peut être faite purement et simplement, ou sous une condition soit suspensive, soit résolutoire. Elle peut aussi avoir pour objet deux ou plusieurs choses alternatives. Dans tous ces cas, son effet est réglé par les principes généraux des conventions.",1,0,0.0,Oui,Non,"Non, faits ou prétentions des parties uniquement",0,0,3
21/03090__2024-06-20,6,1584,"Le promettant et le bénéficiaire peuvent subordonner la réalisation du contrat projeté non seulement à la levée d’option par le bénéficiaire mais aussi à la survenance d’un autre élément futur et incertain, la promesse est alors conditionnelle.En l’espèce, il résulte de l’examen de la promesse unilatérale de vente signée par les partie que celle-ci a été conclue sous conditions suspensives relatives aux caractéristiques techniques et administratives permettant la réalisation du projet immobilier de la société Secib.","La vente peut être faite purement et simplement, ou sous une condition soit suspensive, soit résolutoire. Elle peut aussi avoir pour objet deux ou plusieurs choses alternatives. Dans tous ces cas, son effet est réglé par les principes généraux des conventions.",1,0,0.0,Oui,Non,"Non, faits ou prétentions des parties uniquement",0,0,4
23/04969__2025-03-28,2,1584,"Elle rappelle que la seule condition suspensive particulière stipulée dans la promesse [J] vente avait pour objet l’obtention d’un prêt et considère que les bénéficiaires ayant justifié [J] deux refus [J] prêts pour des montants supérieurs à celui fixé dans la promesse, la condition suspensive est réputée réalisée, les bénéficiaires n’ayant pas demandé l'octroi d'un prêt conforme aux stipulations [J] la promesse.","La vente peut être faite purement et simplement, ou sous une condition soit suspensive, soit résolutoire. Elle peut aussi avoir pour objet deux ou plusieurs choses alternatives. Dans tous ces cas, son effet est réglé par les principes généraux des conventions.",0,0,,Non,Non,,1,0,0
22/00517__2024-10-15,37,1584,Les attestations de Me [C] du 24 février 2022 selon lesquelles les conditions relatives à la réalisation de la vente étaient toutes réalisées à cette date sont inopérantes dès lors que l’accomplissement ou le non-accomplissement d’une condition suspensive nécessite une appréciation qui ne relève pas de la compétence exclusive du notaire rédacteur de l’acte et qui peut faire l’objet d’une discussion et d’une remise en cause devant une juridiction.,"La vente peut être faite purement et simplement, ou sous une condition soit suspensive, soit résolutoire. Elle peut aussi avoir pour objet deux ou plusieurs choses alternatives. Dans tous ces cas, son effet est réglé par les principes généraux des conventions.",0,1,0.0,Non,Oui,Non,0,0,1
24/00644__2025-03-26,31,1584,"Ils expliquent encore que la seconde parcelle, qui a fait l’objet d’une vente sous condition suspensive d’obtention d’un prêt, au prix de 405.000 euros, n’a pas été accomplie.","La vente peut être faite purement et simplement, ou sous une condition soit suspensive, soit résolutoire. Elle peut aussi avoir pour objet deux ou plusieurs choses alternatives. Dans tous ces cas, son effet est réglé par les principes généraux des conventions.",0,1,0.0,Non,Oui,"Non, faits ou prétentions des parties uniquement",0,0,2
22/12948__2025-02-19,11,1584,"La condition doit donc être regardée comme réalisée.En conséquence, la promesse n’est pas caduque et doit recevoir exécution.","La vente peut être faite purement et simplement, ou sous une condition soit suspensive, soit résolutoire. Elle peut aussi avoir pour objet deux ou plusieurs choses alternatives. Dans tous ces cas, son effet est réglé par les principes généraux des conventions.",0,0,,Non,Non,,1,0,0
18/14800__2024-06-27,5,1589,"Si les parties se sont accordées sur un prix de vente en juillet 2016, force est de constater qu'un nouvel accord avec un prix distinct s'est formé au plus tard en décembre 2016.Dès lors, le caractère lésionnaire de l'acte doit être apprécié au jour de la signature soit au 15 décembre 2016.","La promesse de vente vaut vente, lorsqu'il y a consentement réciproque des deux parties sur la chose et sur le prix. Si cette promesse s'applique à des terrains déjà lotis ou à lotir, son acceptation et la convention qui en résultera s'établiront par le paiement d'un acompte sur le prix, quel que soit le nom donné à cet acompte, et par la prise de possession du terrain. La date de la convention, même régularisée ultérieurement, sera celle du versement du premier acompte.",0,0,,Non,Non,,1,0,3
23/02160__2024-11-26,2,1589," de toute évidence prospérer alors que les parties ont signé un compromis de vente notarié, qui a retenu l’accord sur la chose et le prix et fixé diverses conditions suspensives.","La promesse de vente vaut vente, lorsqu'il y a consentement réciproque des deux parties sur la chose et sur le prix. Si cette promesse s'applique à des terrains déjà lotis ou à lotir, son acceptation et la convention qui en résultera s'établiront par le paiement d'un acompte sur le prix, quel que soit le nom donné à cet acompte, et par la prise de possession du terrain. La date de la convention, même régularisée ultérieurement, sera celle du versement du premier acompte.",1,0,0.0,Oui,Non,Non,0,0,3
22/04745__2024-11-18,9,1591,"De plus fort, l’acte authentique de vente du 5 avril 2019 retranscrit bien la volonté des parties quant au paiement du prix, conformément à la promesse, puisqu’en page 43 il est mentionné: “partie du prix convertie en l’obligation pour l’acquéreur de construire pour le compte du vendeur” soit la somme de 4 995 600 €, taxe sur la valeur ajoutée incluse et en page 48 : “partie payée comptant”, la somme de 120 000 €, payée comptant à l’instant par",Le prix de la vente doit être déterminé et désigné par les parties.,1,1,,Oui,Oui,,1,1,1
24/02203__2024-11-12,6,1591, cadastrés section BH [Cadastre 2] et BH [Cadastre 3] à [Cadastre 5] moyennant un prix total de vente de 21 millions d'euros.,Le prix de la vente doit être déterminé et désigné par les parties.,1,1,,Oui,Oui,,1,1,4
24/01994__2025-04-29,21,1593,"Le mandat de vente confié par la SCI DJS à la SAS Tostain-Laffineur prévoit la mise à la charge de l’acquéreur des honoraires correspondant à 5 % du prix de vente, soit 39.000 euros, ce dont l’acquéreur a été parfaitement informé et ce qu’il a parfaitement intégré dans son offre d’achat.Tant la promesse de vente, que l’acte authentique reprennent ces modalités.",Les frais d'actes et autres accessoires à la vente sont à la charge de l'acheteur.,0,1,0.0,Non,Oui,"Non, faits ou prétentions des parties uniquement",0,0,3
23/00042__2025-01-16,4,1593,"AUBERGE DU MOULIN ROUGE a vendu le bien objet de la présente procédure pour un prix de 210.000€ nets vendeur, et que cette somme a été payée par l’acquéreur, qui a également réglé les frais de poursuites (5446,24€) ; lesdites sommes ont été consignées à la caisse des dépôts et consignations.",Les frais d'actes et autres accessoires à la vente sont à la charge de l'acheteur.,0,1,0.0,Non,Oui,"Non, faits ou prétentions des parties uniquement",0,0,0
24/03217__2024-09-06,13,1593,"Au vu de l’état de frais des justificatifs produits, les frais de poursuite seront provisoirement taxés à la somme de 2358,47 € et devront être payés par l’acquéreur, en sus du prix de vente.Également, les émoluments de l’avocat poursuivant, calculés selon le tarif en vigueur, seront supportés par l’acquéreur, en sus du prix de vente.",Les frais d'actes et autres accessoires à la vente sont à la charge de l'acheteur.,1,1,,Oui,Oui,,1,1,4
21/02381__2024-12-06,31,1593,"De même, il est mentionné : “prophylaxie d’achat faite chez les vendeurs au nom et à la charge de l’acheteur”, ce qui revient à désigner les éleveurs en qualité de vendeurs, et non le GIE LIREDOC. En l’occurrence, la liste des éleveurs est annexée au document intitulé “contrat de vente”.",Les frais d'actes et autres accessoires à la vente sont à la charge de l'acheteur.,0,0,,Non,Non,,1,0,4
23/00026__2024-10-08,38,1593,"Ainsi, au vu de l’état de frais produit accompagné des justificatifs requis correspondant aux diligences, frais et honoraires utiles et en application des dispositions sus visées, les frais de poursuite à la charge de l’acquéreur seront taxés à la somme de 2 614,32 euros.Les dépens excédant les frais taxés par le Juge de l'Exécution seront mis à la charge de Madame [M] [F].",Les frais d'actes et autres accessoires à la vente sont à la charge de l'acheteur.,1,1,,Oui,Oui,,1,1,4
24/81903__2025-02-24,28,1601-1,"Au surplus, le contrat de vente en état futur d’achèvement conclu devant notaire entre le CCAS et la S.A.S HORNOY 2020 le 1er février 2022 prévoyait des règlements échelonnés au fur et à mesure de l’avancée des travaux.",La vente d'immeubles à construire est celle par laquelle le vendeur s'oblige à édifier un immeuble dans un délai déterminé par le contrat. Elle peut être conclue à terme ou en l'état futur d'achèvement.,1,1,,Oui,Oui,,1,1,2
24/01239__2024-07-12,14,1601-1,Ils soumettent au dossier un contrat de réservation de vente en l’état futur d’achèvement.Aucune recherche de logement n’est produite.,La vente d'immeubles à construire est celle par laquelle le vendeur s'oblige à édifier un immeuble dans un délai déterminé par le contrat. Elle peut être conclue à terme ou en l'état futur d'achèvement.,0,1,0.0,Non,Oui,"Non, faits ou prétentions des parties uniquement",0,0,1
24/00026__2024-09-06,8,1601-1,"En l’espèce, par acte authentique en date du 4 mars 2015 les consorts [Z] ont acquis en l’état futur d’achèvement auprès de la SCCV [Adresse 41] deux lots dans l’ensemble immobilier du syndicat des copropriétaires de la résidence [Adresse 41] (pièce n°1- intervenants volontaires).",La vente d'immeubles à construire est celle par laquelle le vendeur s'oblige à édifier un immeuble dans un délai déterminé par le contrat. Elle peut être conclue à terme ou en l'état futur d'achèvement.,1,1,,Oui,Oui,,1,1,4
24/01182__2024-06-13,8,1601-1,"En l'espèce, il ressort des pièces versées que la société SCCV Zeppelin Dampierre a entrepris en qualité de maître d’ouvrage la réalisation d’un programme immobilier sis [Adresse 3] /[Adresse 4]e à [Localité 6], sous forme de ventes en futur d’achèvement, que la société SCCV Zeppelin Dampierre a souscrit, à cette fin,",La vente d'immeubles à construire est celle par laquelle le vendeur s'oblige à édifier un immeuble dans un délai déterminé par le contrat. Elle peut être conclue à terme ou en l'état futur d'achèvement.,0,1,0.0,Non,Oui,"Non, faits ou prétentions des parties uniquement",0,0,2
24/00113__2024-10-07,3,1601-3,"La date d’ouverture du chantier étant du 15 novembre 2019, le bien devait être livré aux époux [R] au plus tard le 15 novembre 2021, étant précisé, puisque les parties paraissent confondre ces deux notions, que la livraison, qui consiste en la remise du bien par le vendeur à l’acquéreur, est différente de la réception des travaux, faite par le maître de l’ouvrage, à savoir le vendeur, éventuellement assisté de son maître d’oeuvre, et les constructeurs concernés.",La vente en l'état futur d'achèvement est le contrat par lequel le vendeur transfère immédiatement à l'acquéreur ses droits sur le sol ainsi que la propriété des constructions existantes. Les ouvrages à venir deviennent la propriété de l'acquéreur au fur et à mesure de leur exécution ; l'acquéreur est tenu d'en payer le prix à mesure de l'avancement des travaux. Le vendeur conserve les pouvoirs de maître de l'ouvrage jusqu'à la réception des travaux.,1,1,,Oui,Oui,,1,1,2
24/81903__2025-02-24,28,1601-3,"Au surplus, le contrat de vente en état futur d’achèvement conclu devant notaire entre le CCAS et la S.A.S HORNOY 2020 le 1er février 2022 prévoyait des règlements échelonnés au fur et à mesure de l’avancée des travaux.",La vente en l'état futur d'achèvement est le contrat par lequel le vendeur transfère immédiatement à l'acquéreur ses droits sur le sol ainsi que la propriété des constructions existantes. Les ouvrages à venir deviennent la propriété de l'acquéreur au fur et à mesure de leur exécution ; l'acquéreur est tenu d'en payer le prix à mesure de l'avancement des travaux. Le vendeur conserve les pouvoirs de maître de l'ouvrage jusqu'à la réception des travaux.,1,1,,Oui,Oui,,1,1,2
24/00420__2025-02-11,17,1602,Les vendeurs ne peuvent considérer qu’ils ont satisfait à leur obligation d'information loyale et sincère des futurs acquéreurs en soutenant que ceux-ci ont eu la possibilité de prendre connaissance des procès-verbaux des assemblées générales de copropriété.,Le vendeur est tenu d'expliquer clairement ce à quoi il s'oblige. Tout pacte obscur ou ambigu s'interprète contre le vendeur.,0,1,0.0,Non,Oui,Non,0,0,0
13/08783__2024-09-13,170,1603,"Au soutien de ses demandes, la SCI du Chapitre Saint Etienne de [Localité 31] expose que : - le vendeur est tenu d’une obligation de délivrance lui imposant de livrer un immeuble conforme aux éléments contractuels ; - la SCI du Clos des Cordeliers n’a pas respecté son obligation de délivrance faute pour elle d’avoir livré un immeuble comportant une VMC collective ; - il","Il a deux obligations principales, celle de délivrer et celle de garantir la chose qu'il vend.",0,1,0.0,Non,Oui,"Non, faits ou prétentions des parties uniquement",0,0,4
24/00100__2024-02-20,5,1604,EZ AUTO SERVICE est engagée en sa qualité de vendeur du véhicule ayant failli à son obligation de délivrance conforme”.,La délivrance est le transport de la chose vendue en la puissance et possession de l'acheteur.,1,1,,Oui,Oui,,1,1,1
24/00219__2024-09-20,3,1604,RECOURANT n’a que partiellement procédé à la livraison de la marchandise commandée et ce malgré le paiement intégral du prix par le requérant.,La délivrance est le transport de la chose vendue en la puissance et possession de l'acheteur.,1,1,,Oui,Oui,,1,1,2
22/07546__2024-01-12,88,1604,"En conséquence, les démarches administratives, le raccordement et la mise en service effectifs entraient bien dans les prévisions du contrat de vente initial faisant ainsi partie du champ contractuel. Toutefois, le 18 juin 2018, Monsieur [X] a signé la demande de financement/attestation de livraison -sans réserve- par lequel il certifie que « la livraison du bien et/ou la fourniture de la prestation de service ci-dessus désignée a été pleinement effectuée conformément au contrat principal de vente préalablement",La délivrance est le transport de la chose vendue en la puissance et possession de l'acheteur.,0,1,0.0,Non,Oui,Non,0,0,2
24/00113__2024-10-07,4,1611,"Cet acte prévoit qu’en cas de retard du vendeur dans la livraison, les acquéreurs auront droit à une indemnité forfaitairement fixée à la somme de 50,00 euros par jour de retard, sauf survenance de l’une des causes légitimes de suspension du délai de livraison énumérées dans ledit acte.","Dans tous les cas, le vendeur doit être condamné aux dommages et intérêts, s'il résulte un préjudice pour l'acquéreur, du défaut de délivrance au terme convenu.",0,1,0.0,Non,Oui,"Non, faits ou prétentions des parties uniquement",0,0,2
24/01955__2025-03-31,30,1611,"Le non-respect par le vendeur du délai de délivrance ne constitue pas en soi un manquement suffisant à ses obligations contractuelles (Civ., 3ème, 24 mars 2015, pourvoi n° 14-13.914, diffusé).","Dans tous les cas, le vendeur doit être condamné aux dommages et intérêts, s'il résulte un préjudice pour l'acquéreur, du défaut de délivrance au terme convenu.",0,1,0.0,Non,Oui,Non,0,0,2
23/02184__2025-01-20,1,1614,"Sur l’inexécution contractuelle alléguée Monsieur [I] soutient que Madame [X] luia vendu uun bateau atteint de nombreuses non-conformités, cette dernière indiquant avoir revendu le dit bateau dans l’état où elle l’avait elle-même acquis.","La chose doit être délivrée en l'état où elle se trouve au moment de la vente. Depuis ce jour, tous les fruits appartiennent à l'acquéreur.",0,1,0.0,Non,Oui,"Non, faits ou prétentions des parties uniquement",0,0,1
21/02687__2024-07-04,1,1616,"Si la superficie est inférieure de plus d’1/20ème à celle exprimée dans l’acte, le vendeur, à la demande de l’acquéreur, supporte une diminution du prix proportionnelle à la moindre mesure » La SCI KMG soutient que les lots n° 1 et 10, qui représentent plus d’1/20ème de la surface du bien vendu, doivent être exclus du mesurage.","Le vendeur est tenu de délivrer la contenance telle qu'elle est portée au contrat, sous les modifications ci-après exprimées.",0,1,0.0,Non,Oui,Non,0,0,2
21/11935__2024-02-27,22,1616,Il convient de déterminer dans le prix global stipulé la part du prix correspondant à la surface Carrez stipulée afin de faire application de la formule de réduction proportionnelle suivante : Ecart de surface Carrez constaté x Prix de la surface Carrez stipulée / Surface Carrez stipulée Aucune des parties ne propose d'estimation de la cave.,"Le vendeur est tenu de délivrer la contenance telle qu'elle est portée au contrat, sous les modifications ci-après exprimées.",0,0,,Non,Non,,1,0,0
21/11935__2024-02-27,5,1616,"La SCI IRÉKITA, laquelle s'oppose à la diminution du prix sollicité, fait valoir que : - l'acquéreur ne se prévaut que des dires d'un voisin, d’une demande de renseignements émise par les services fiscaux, et d’un mesurage effectué à sa demande, dans un cadre non contradictoire, - aucun de ces éléments ne saurait prouver, en lui-même, que la surface annoncée par l’entreprise AR","Le vendeur est tenu de délivrer la contenance telle qu'elle est portée au contrat, sous les modifications ci-après exprimées.",0,1,0.0,Non,Oui,"Non, faits ou prétentions des parties uniquement",0,0,0
22/03005__2024-10-25,13,1617,"Si la superficie est inférieure de plus d'un vingtième à celle exprimée dans l'acte, le vendeur, à la demande de l'acquéreur, supporte une diminution du prix proportionnelle à la moindre mesure.L'action en diminution du prix doit être intentée par l'acquéreur dans un délai d'un an à compter de l'acte authentique constatant la réalisation de la vente, à peine de déchéance.","Si la vente d'un immeuble a été faite avec indication de la contenance, à raison de tant la mesure, le vendeur est obligé de délivrer à l'acquéreur, s'il l'exige, la quantité indiquée au contrat ; Et si la chose ne lui est pas possible, ou si l'acquéreur ne l'exige pas, le vendeur est obligé de souffrir une diminution proportionnelle du prix.",0,1,0.0,Non,Oui,"Non, application d’un régime spécial",0,0,1
21/11935__2024-02-27,5,1617,"La SCI IRÉKITA, laquelle s'oppose à la diminution du prix sollicité, fait valoir que : - l'acquéreur ne se prévaut que des dires d'un voisin, d’une demande de renseignements émise par les services fiscaux, et d’un mesurage effectué à sa demande, dans un cadre non contradictoire, - aucun de ces éléments ne saurait prouver, en lui-même, que la surface annoncée par l’entreprise AR","Si la vente d'un immeuble a été faite avec indication de la contenance, à raison de tant la mesure, le vendeur est obligé de délivrer à l'acquéreur, s'il l'exige, la quantité indiquée au contrat ; Et si la chose ne lui est pas possible, ou si l'acquéreur ne l'exige pas, le vendeur est obligé de souffrir une diminution proportionnelle du prix.",0,1,0.0,Non,Oui,"Non, faits ou prétentions des parties uniquement",0,0,0
23/03421__2024-04-04,7,1621,"Il est par ailleurs stipulé au compromis de vente en page 3 que la somme de 5 750 euros versée par M. [V] [B] entre les mains de la société KAPITAL TRANSACTION SASU- KAPITAL JAN en qualité de séquestre doit être restituée à l’acquéreur si la vente n’est pas réitérée, « en cas de","Dans tous les cas où l'acquéreur a le droit de se désister du contrat, le vendeur est tenu de lui restituer, outre le prix, s'il l'a reçu, les frais de ce contrat.",0,1,0.0,Non,Oui,"Non, faits ou prétentions des parties uniquement",0,0,2
22/03047__2024-06-17,36,1625,"Il est constant que la mise en œuvre de la garantie contre les vices cachés suppose que le vice soit inhérent à la chose, antérieur à la vente, caché lors de la vente et d’une gravité suffisante rendant la chose impropre à sa destination.","La garantie que le vendeur doit à l'acquéreur a deux objets : le premier est la possession paisible de la chose vendue ; le second, les défauts cachés de cette chose ou les vices rédhibitoires.",0,1,0.0,Non,Oui,Non,0,0,4
21/07401__2024-10-17,48,1625,"Par suite, il convient d'appliquer au vice de la toiture la clause d'exclusion de garantie des vices cachés stipulée au contrat.","La garantie que le vendeur doit à l'acquéreur a deux objets : le premier est la possession paisible de la chose vendue ; le second, les défauts cachés de cette chose ou les vices rédhibitoires.",0,1,0.0,Non,Oui,Non,0,0,4
23/06849__2024-09-16,12,1625,"Les vices n’étaient pas visibles, et existaient au moment de la vente.Aussi, les vices cachés sont en l’espèce caractérisés et le vendeur est en conséquence tenu de la garantie à raison de ces défauts, qui rendent la chose vendue impropre à l'usage auquel elle était destinée.","La garantie que le vendeur doit à l'acquéreur a deux objets : le premier est la possession paisible de la chose vendue ; le second, les défauts cachés de cette chose ou les vices rédhibitoires.",0,1,0.0,Non,Oui,"Non, application d’un régime spécial",0,0,3
22/04627__2024-10-31,25,1625,"Elles font valoir que si monsieur [X] conteste la réalité de son désistement, il lui appartient de produire le justificatif de la publication de son acte introductif d’instance, tel que demandé par le tribunal. Elles soutiennent que pour que la garantie à raison des vices cachés soit acquise, celui qui s'en prévaut doit démontrer que le vice existait avant la vente , que le vice soit inhérent à la chose et la rendant impropre à son usage que le vendeur en avait connaissance mais l’a","La garantie que le vendeur doit à l'acquéreur a deux objets : le premier est la possession paisible de la chose vendue ; le second, les défauts cachés de cette chose ou les vices rédhibitoires.",0,1,0.0,Non,Oui,"Non, faits ou prétentions des parties uniquement",0,0,4
22/04052__2024-01-26,75,1627,"Cette clause doit s’analyser en une clause limitative de garantie des vices cachés qui, en tant que telle, n’a pas vocation à régir la mise en œuvre de l’obligation de délivrance, ce d’autant plus que le vendeur ne peut se prévaloir d’une clause le dispensant de délivrer une chose conforme à ses engagements, obligation essentielle du contrat de vente.","Les parties peuvent, par des conventions particulières, ajouter à cette obligation de droit ou en diminuer l'effet ; elles peuvent même convenir que le vendeur ne sera soumis à aucune garantie.",1,0,0.0,Oui,Non,"Non, application d’un régime spécial",0,0,4
24/02817__2025-01-30,8,1641,Il ajoute que ces éléments auraient “dû être remplacés préalablement à la livraison du véhicule”.Il précise que le “véhicule est impropre à l’usage auquel le destine sa propriétaire”.,"Le vendeur est tenu de la garantie à raison des défauts cachés de la chose vendue qui la rendent impropre à l'usage auquel on la destine, ou qui diminuent tellement cet usage que l'acheteur ne l'aurait pas acquise, ou n'en aurait donné qu'un moindre prix, s'il les avait connus.",0,0,,Non,"Non, application d’un régime spécial",,1,0,2
21/04608__2025-03-10,24,1641,"En l'état de ces éléments, il n'y a pas lieu à résolution du contrat en raison d'un manquement à cette obligation.- Sur le rapport [T] Il résulte du rapport d'expertise les éléments suivants : Au moment de la vente, le véhicule était atteint de vices le rendant impropre à sa destination.","Le vendeur est tenu de la garantie à raison des défauts cachés de la chose vendue qui la rendent impropre à l'usage auquel on la destine, ou qui diminuent tellement cet usage que l'acheteur ne l'aurait pas acquise, ou n'en aurait donné qu'un moindre prix, s'il les avait connus.",1,0,0.0,Oui,"Non, application d’un régime spécial",Non,0,0,3
24/00368__2025-02-21,3,1641,"En l'espèce, l'expert judiciaire désigné par l’ordonnance de référé du 21 septembre 2023 a constaté les désordres allégués par le demandeur et qu’il ne fait aucun doute que ceux-ci étaient présents au moment de la vente du véhicule.Il précise que ceux-ci ne pouvaient pas être décelés au moment de la vente par une personne profane en la matière, mais qu’ils ne rendent pas le véhicule impropre à l’utilisation à laquelle il est destiné.","Le vendeur est tenu de la garantie à raison des défauts cachés de la chose vendue qui la rendent impropre à l'usage auquel on la destine, ou qui diminuent tellement cet usage que l'acheteur ne l'aurait pas acquise, ou n'en aurait donné qu'un moindre prix, s'il les avait connus.",1,0,0.0,Oui,Non,"Non, faits ou prétentions des parties uniquement",0,0,0
21/02474__2024-06-17,26,1642,"Les défendeurs soutiennent également que la non-conformité était apparente ; que celle-ci a été acceptée par l’acquéreur qui a suivi les travaux réalisés par la société Cadiou et a payé la moitié des travaux.Ils soulignent à cet égard que l’acte authentique de vente indique « les travaux ont été effectués avant la vente, ce que reconnaît l’acquéreur pour avoir pu vérifier l’exécution desdits travaux ».",Le vendeur n'est pas tenu des vices apparents et dont l'acheteur a pu se convaincre lui-même.,0,0,,Non,Non,,1,0,3
24/01994__2025-04-29,4,1642,"La SCI DJS Immo conclut également pour sa part au rejet de la demande de désignation d’un expert, en l’absence de motif légitime, exposant que le vendeur n’est tenu à garantie légale qu’au titre des vices cachés et non pas des vices apparents et qu’en outre la clause contractuelle d’exclusion de garantie s’applique lorsque le vendeur et l’acquéreur sont comme en l’espèce des professionnels de l’immobilier. P",Le vendeur n'est pas tenu des vices apparents et dont l'acheteur a pu se convaincre lui-même.,0,1,0.0,Non,Oui,"Non, faits ou prétentions des parties uniquement",0,0,3
24/00840__2024-11-06,11,1642,"L’acte authentique de vente daté du 28 septembre 2022 exclut (p. 9) la garantie des vendeurs en raison des vices apparents et des vices cachés et stipule que par exception, cette exonération de garantie ne s’applique pas : - si le vendeur a la qualité de professionnel de l’immobilier ou de la construction, sauf si l’acquéreur a également cette qualité, - s’il est prouvé par l’acquéreur, dans les délais légaux, que les vices cachés étaient en réalité connus du",Le vendeur n'est pas tenu des vices apparents et dont l'acheteur a pu se convaincre lui-même.,0,1,0.0,Non,Oui,"Non, faits ou prétentions des parties uniquement",0,0,1
23/05325__2024-09-23,23,1642-1,Il ressort en outre de la correspondance produite par Mme [Z] que celle-ci a dénoncé d’autres vices ou non-conformités dans le délai de huit jours suivant la réception des travaux.Ces désordres figurent dans le diagnostic technique joint au courrier du 25 juin 2022 par le maître de l'ouvrage et la société Cofidim ne justifie pas les avoir levés.,"Le vendeur d'un immeuble à construire ne peut être déchargé, ni avant la réception des travaux, ni avant l'expiration d'un délai d'un mois après la prise de possession par l'acquéreur, des vices de construction ou des défauts de conformité alors apparents. Il n'y aura pas lieu à résolution du contrat ou à diminution du prix si le vendeur s'oblige à réparer.",1,1,,Oui,Oui,,1,1,2
21/10526__2024-11-26,89,1642-1,"De même, il n’est pas établi que les désordres D1-03, D1-16, D1-20, D2-06, D2-08, D2-32 et D2-35 soient survenus avant les opérations de réception et aient donc été apparents à cette date, ni que les désordres D2-02, D2-07, D2-15, D2-20 (boî","Le vendeur d'un immeuble à construire ne peut être déchargé, ni avant la réception des travaux, ni avant l'expiration d'un délai d'un mois après la prise de possession par l'acquéreur, des vices de construction ou des défauts de conformité alors apparents. Il n'y aura pas lieu à résolution du contrat ou à diminution du prix si le vendeur s'oblige à réparer.",0,1,0.0,Non,Oui,Non,0,0,2
24/00946__2025-04-24,9,1643," du chantier le 19 août 2023 ; que l’expertise a démontré un taux d’humidité des murs et des poutres très important qui rend l’appartement impropre à l’usage auquel il est destiné ; que le vendeur est tenu des vices cachés ; que le vendeur est donc tenu de l’indemniser en lui restituant une partie du prix, en payant le coût des travaux de réparation et en l’indemnisant de sa perte locative.","Il est tenu des vices cachés, quand même il ne les aurait pas connus, à moins que, dans ce cas, il n'ait stipulé qu'il ne sera obligé à aucune garantie.",1,1,,Oui,Oui,,1,1,2
24/01490__2025-04-08,2,1646-1,"» En l'espèce, la responsabilité de la SCI [Adresse 10] est susceptible d'être recherchée par le Syndicat des copropriétaires et les locateurs d'ouvrage, de sorte qu'elle justifie d'un motif légitime de voir déclarer les opérations d'expertise communes à son assureur constructeur non réalisateur et à son assureur de responsabilité civile.","Le vendeur d'un immeuble à construire est tenu, à compter de la réception des travaux, des obligations dont les architectes, entrepreneurs et autres personnes liées au maître de l'ouvrage par un contrat de louage d'ouvrage sont eux-mêmes tenus en application des articles 1792 , 1792-1 , 1792-2 et 1792-3 du présent code. Ces garanties bénéficient aux propriétaires successifs de l'immeuble. Il n'y aura pas lieu à résolution de la vente ou à diminution du prix si le vendeur s'oblige à réparer les dommages définis aux articles 1792, 1792-1 et 1792-2 du présent code et à assumer la garantie prévue à l'article 1792-3.",0,0,,Non,Non,,1,0,4
24/00122__2024-05-23,1,1646-1,"En l’espèce, le syndicat des copropriétaires de l’immeuble sis [Adresse 6] soutient qu’il dispose d’une double action, à savoir celle qu’il hérite du vendeur d’immeuble à construire contre les constructeurs, et celle qu’il dirige contre le maître de l’ouvrage en tant que vendeur réputé constructeur. Il ressort des éléments d’appréciation et notamment du procès-verbal de constat d’huissier de justice du 23 février 2021 que le","Le vendeur d'un immeuble à construire est tenu, à compter de la réception des travaux, des obligations dont les architectes, entrepreneurs et autres personnes liées au maître de l'ouvrage par un contrat de louage d'ouvrage sont eux-mêmes tenus en application des articles 1792 , 1792-1 , 1792-2 et 1792-3 du présent code. Ces garanties bénéficient aux propriétaires successifs de l'immeuble. Il n'y aura pas lieu à résolution de la vente ou à diminution du prix si le vendeur s'oblige à réparer les dommages définis aux articles 1792, 1792-1 et 1792-2 du présent code et à assumer la garantie prévue à l'article 1792-3.",0,1,0.0,Non,Oui,"Non, faits ou prétentions des parties uniquement",0,0,0
23/01359__2024-01-09,4,1648,"» En l'espèce, les motifs développés par la SARL AMBIANCE [Localité 40] ne soutiennent pas l'irrecevabilité de la demande, mais affirment l'existence de contestations sérieuses quant à la survivance de l'action au titre des vices et défauts de conformité apparents.Elle ne démontre donc ni l'irrecevabilité de la demande d'expertise, ni celle de la demande de provision.","L'action résultant des vices rédhibitoires doit être intentée par l'acquéreur dans un délai de deux ans à compter de la découverte du vice. Dans le cas prévu par l'article 1642-1 , l'action doit être introduite, à peine de forclusion, dans l'année qui suit la date à laquelle le vendeur peut être déchargé des vices ou des défauts de conformité apparents.",0,0,,Non,Non,,1,0,1
22/05758__2024-12-17,9,1648,L'action en réparation des vices de construction ou des défauts de conformité ainsi dénoncés peut être intentée dans un délai d'un an après la livraison.,"L'action résultant des vices rédhibitoires doit être intentée par l'acquéreur dans un délai de deux ans à compter de la découverte du vice. Dans le cas prévu par l'article 1642-1 , l'action doit être introduite, à peine de forclusion, dans l'année qui suit la date à laquelle le vendeur peut être déchargé des vices ou des défauts de conformité apparents.",0,1,0.0,Non,Oui,"Non, application d’un régime spécial",0,0,0
23/00091__2024-10-22,4,1650,"En l’espèce, Monsieur [L] [M] est créancier de la prestation de travaux dont la société SITEX ISOLATION est débitrice.Il est débiteur de l’obligation de payer le prix de la prestation.",La principale obligation de l'acheteur est de payer le prix au jour et au lieu réglés par la vente.,0,0,,Non,Non,,1,0,3
22/04745__2024-11-18,9,1650,"De plus fort, l’acte authentique de vente du 5 avril 2019 retranscrit bien la volonté des parties quant au paiement du prix, conformément à la promesse, puisqu’en page 43 il est mentionné: “partie du prix convertie en l’obligation pour l’acquéreur de construire pour le compte du vendeur” soit la somme de 4 995 600 €, taxe sur la valeur ajoutée incluse et en page 48 : “partie payée comptant”, la somme de 120 000 €, payée comptant à l’instant par",La principale obligation de l'acheteur est de payer le prix au jour et au lieu réglés par la vente.,1,1,,Oui,Oui,,1,1,1
23/01529__2025-03-11,53,1651,Ce n’est que lorsque l’acheteur accuse réception du produit commandé que les fonds bloqués sont libérés.,"S'il n'a rien été réglé à cet égard lors de la vente, l'acheteur doit payer au lieu et dans le temps où doit se faire la délivrance.",1,1,,Oui,Oui,,1,1,0
23/06168__2025-03-11,55,1654,"Par conséquent, il y a lieu de considérer que les conditions de la clause résolutoire sont réunies, de constater la résiliation du contrat de location-vente et de condamner Mme [P] [B] à verser à la société Volkswagen Bank la somme de 18.363,90 euros ainsi établie : - prix de vente = 46.592,71 - 1er loyer = 32,127% du prix de vente = 14.968,83 - 21 loyers =","Si l'acheteur ne paye pas le prix, le vendeur peut demander la résolution de la vente.",0,0,,Non,Non,,1,0,0
23/00004__2025-02-25,2,1655,Ce délai ne peut excéder trois mois.” Il sera fait droit à la demande et un nouveau délai de trois mois sera accordé pour permettre de finaliser la vente.,"La résolution de la vente d'immeubles est prononcée aussitôt si le vendeur est en danger de perdre la chose et le prix. Si ce danger n'existe pas, le juge peut accorder à l'acquéreur un délai plus ou moins long suivant les circonstances. Ce délai passé sans que l'acquéreur ait payé, la résolution de la vente sera prononcée.",0,1,0.0,Non,Oui,Non,0,0,1
22/02283__2024-04-15,16,1656,"En réalité, conformément au compromis de vente, la notification tardive ou l'absence de notification dans le délai fixé au compromis permet seulement au vendeur d'être délié de tout engagement s'il le souhaite après une mise en demeure de l'acquéreur, avec un préavis de cinq jours, restée infructueuse.","S'il a été stipulé lors de la vente d'immeubles que, faute du paiement du prix dans le terme convenu, la vente serait résolue de plein droit, l'acquéreur peut néanmoins payer après l'expiration du délai, tant qu'il n'a pas été mis en demeure par une sommation ; mais, après cette sommation, le juge ne peut pas lui accorder ce délai.",0,0,,Non,Non,,1,0,4
22/03664__2024-09-09,1,1656,"En l’espèce, le contrat de vente viagère du 23 juin 2017 comporte une clause résolutoire dénommée « Privilège de vendeur – Action résolutoire », rédigée comme suit : « […] En outre, il est formellement stipulé qu’à défaut pour le débirentier de payer exactement les arrérages de la rente, et en cas de mise en demeure par le crédirentier au débirentier d’avoir à acquitter ladite rente, la vente sera résolue de plein droit, après un simple","S'il a été stipulé lors de la vente d'immeubles que, faute du paiement du prix dans le terme convenu, la vente serait résolue de plein droit, l'acquéreur peut néanmoins payer après l'expiration du délai, tant qu'il n'a pas été mis en demeure par une sommation ; mais, après cette sommation, le juge ne peut pas lui accorder ce délai.",0,0,,Non,Non,,1,0,2
23/09380__2024-05-27,1,1656,"En l’espèce, il est prévu dans le contrat de vente en l’état futur d’achèvement une clause résolutoire selon laquelle « il est expressément stipulé qu’à défaut de paiement à son exacte échéance d’une somme quelconque formant partie du prix de vente, celle-ci sera résolue de plein droit si bon semble au vendeur, un mois après un commandement de payer resté infructueux délivré au domicile élu par l’acquéreur et indiquant l’intention du vendeur de se prévaloir de ladite clause ","S'il a été stipulé lors de la vente d'immeubles que, faute du paiement du prix dans le terme convenu, la vente serait résolue de plein droit, l'acquéreur peut néanmoins payer après l'expiration du délai, tant qu'il n'a pas été mis en demeure par une sommation ; mais, après cette sommation, le juge ne peut pas lui accorder ce délai.",0,0,,Non,Non,,1,0,1
22/05847__2024-06-24,17,1656,"Il est constant que cette disposition ne s’applique que lorsque l’acquéreur a été régulièrement mis en demeure de régulariser l’acte authentique.Or il ne résulte d’aucun élément du dossier qu’une telle mise en demeure ait été adressée aux acquéreurs, le vendeur ayant renoncé à se prévaloir des dispositions contractuelles.","S'il a été stipulé lors de la vente d'immeubles que, faute du paiement du prix dans le terme convenu, la vente serait résolue de plein droit, l'acquéreur peut néanmoins payer après l'expiration du délai, tant qu'il n'a pas été mis en demeure par une sommation ; mais, après cette sommation, le juge ne peut pas lui accorder ce délai.",0,0,,Non,Non,,1,0,4
23/15032__2024-12-12,40,1661,"En l’espèce, la promesse de vente du 31 août 2021 était conclue pour une durée expirant le 26 mai 2022, soit pour une durée de 9 mois et les consorts [I] n’ont commis aucune faute en refusant de proroger ce délai.La demande indemnitaire à ce titre sera rejetée.",Le terme fixé est de rigueur et ne peut être prolongé par le juge.,0,0,,Non,Non,,1,0,0
22/01473__2025-04-29,2,1677,"Il appartient à celui qui allègue avoir été victime d'un accident du travail d'établir, autrement que par ses propres affirmations, les circonstances de l'accident et son caractère professionnel, à savoir :  - la survenance d'un fait accidentel soudain au temps et au lieu du travail, - l'apparition d'une lésion en relation avec ce fait accidentel. A défaut de preuve, la victime doit établir l'existence de présomptions graves, précises et concordantes, permettant de relier la lésion","La preuve de la lésion ne pourra être admise que par jugement, et dans le cas seulement où les faits articulés seraient assez vraisemblables et assez graves pour faire présumer la lésion.",0,0,,Non,Non,,1,0,1
23/01121__2025-02-11,29,1677,"Au regard des éléments précédemment exposés, il apparait que Monsieur [S] [A] ne justifie pas de présomptions graves, précises et concordantes de nature à établir la survenance d'une lésion aux temps et lieu du travail. En conséquence, il convient de débouter Monsieur [S] [A] de sa demande tendant à voir reconnaître le caractère professionnel de l’accident dont il affirme avoir été victime le 24 décembre 2021.","La preuve de la lésion ne pourra être admise que par jugement, et dans le cas seulement où les faits articulés seraient assez vraisemblables et assez graves pour faire présumer la lésion.",0,0,,Non,Non,,1,0,4
21/00088__2024-12-17,1,1677,"La caisse s’y oppose, répondant que M. [T] a ressenti une vive douleur à la poitrine aux temps et lieu du travail et que l’absence de témoin ne suffit pas à écarter la prise en charge quand il y a présomptions graves, précises et concordantes.","La preuve de la lésion ne pourra être admise que par jugement, et dans le cas seulement où les faits articulés seraient assez vraisemblables et assez graves pour faire présumer la lésion.",0,0,,Non,Non,,1,0,3
21/01172__2024-10-01,23,1677,"La nature de cette lésion rend tout à fait plausible le fait d'avoir pu terminer sa journée, voire continuer le lendemain, en ayant prévenu son supérieur dès sa prise de fonction à 7 h 30.Même s'il n'y a aucun témoin, ces éléments qui sont en parfaire cohérence, constituent un faisceau d'indices suffisant, précis, graves et concordants permettant de retenir la matérialité du fait accidentel allégué.","La preuve de la lésion ne pourra être admise que par jugement, et dans le cas seulement où les faits articulés seraient assez vraisemblables et assez graves pour faire présumer la lésion.",0,0,,Non,Non,,1,0,1
23/03260__2024-09-10,35,1686,"Il est constant que la licitation des biens faisant l’objet d’un partage n’est possible que dans l’hypothèse où ils ne peuvent être commodément partagés ou attribués.Mme [P] [R] sollicite la vente aux enchères publiques du bien immobilier constituant l’ancien domicile conjugal pour une mise à prix de 200 000 €, avec faculté de baisse du quart, puis de la moitié.","Si une chose commune à plusieurs ne peut être partagée commodément et sans perte ; Ou si, dans un partage fait de gré à gré de biens communs, il s'en trouve quelques-uns qu'aucun des copartageants ne puisse ou ne veuille prendre, La vente s'en fait aux enchères, et le prix en est partagé entre les copropriétaires.",1,1,,Oui,Oui,,1,1,4
21/05540__2024-04-04,120,1686,"En l'espèce, les biens immobiliers ne peuvent être facilement partagés ou attribués en nature, s'agissant d'un appartement en copropriété, d'un débarras et d'une cave, et par ailleurs rien n'établit que les parties s'entendent sur le principe d'une vente amiable.Les conditions de la vente par licitation sont donc réunies.","Si une chose commune à plusieurs ne peut être partagée commodément et sans perte ; Ou si, dans un partage fait de gré à gré de biens communs, il s'en trouve quelques-uns qu'aucun des copartageants ne puisse ou ne veuille prendre, La vente s'en fait aux enchères, et le prix en est partagé entre les copropriétaires.",1,1,,Oui,Oui,,1,1,0
22/07325__2024-04-04,3,1686,"Il peut préciser qu’à défaut d’enchères atteignant cette mise à prix, la vente pourra se faire sur une mise à prix inférieure qu’il fixe.Il résulte des éléments dont le juge dispose que l’immeuble sis [Localité 11] (33) constitue le seul élément d’actif de l’indivision et ne peut, par définition, être partagé, les parties ayant chacune des droits sur le bien.","Si une chose commune à plusieurs ne peut être partagée commodément et sans perte ; Ou si, dans un partage fait de gré à gré de biens communs, il s'en trouve quelques-uns qu'aucun des copartageants ne puisse ou ne veuille prendre, La vente s'en fait aux enchères, et le prix en est partagé entre les copropriétaires.",1,0,0.0,Oui,Non,"Non, application d’un régime spécial",0,0,3
21/12479__2024-06-19,3,1686,"Elle fait valoir que licitation constitue la seule solution pour faire cesser l’indivision, le bien, unique actif de l’indivision, ne pouvant être partagé.Elle propose que la mise à prix soit déterminée par un notaire chargé de la licitation.","Si une chose commune à plusieurs ne peut être partagée commodément et sans perte ; Ou si, dans un partage fait de gré à gré de biens communs, il s'en trouve quelques-uns qu'aucun des copartageants ne puisse ou ne veuille prendre, La vente s'en fait aux enchères, et le prix en est partagé entre les copropriétaires.",0,1,0.0,Non,Oui,"Non, faits ou prétentions des parties uniquement",0,0,0
18/14800__2024-06-27,18,1686,"Ainsi, le 15 décembre 2016, le bien objet de la licitation devait être évalué comme étant divisible et constructible dans sa partie aujourd'hui cadastrée AI [Cadastre 3] et AI [Cadastre 5] et aurait dû être vendu pour une valeur globale de 750.000 euros.","Si une chose commune à plusieurs ne peut être partagée commodément et sans perte ; Ou si, dans un partage fait de gré à gré de biens communs, il s'en trouve quelques-uns qu'aucun des copartageants ne puisse ou ne veuille prendre, La vente s'en fait aux enchères, et le prix en est partagé entre les copropriétaires.",0,1,0.0,Non,Oui,"Non, faits ou prétentions des parties uniquement",0,0,3
22/04661__2025-02-27,7,1690,"Il s’ensuit que le traité de cession conclu entre M. [V] [K] et la société [C] [W], dont les effets sont discutés entre le cédant et le cessionnaire, est en tout état de cause inopposable à la société Locam qui y est tiers à défaut d’accord.","Le cessionnaire n'est saisi à l'égard des tiers que par la signification du transport faite au débiteur. Néanmoins, le cessionnaire peut être également saisi par l'acceptation du transport faite par le débiteur dans un acte authentique.",0,0,,Non,Non,,1,0,3
22/03842__2025-03-06,25,1690,"Le même jour, ladite cession a été notifiée à la SAS Histoire & Patrimoine Rénovations, courrier réceptionné par ses soins le 13 juillet 2021 (pièce n°6 de la société REACCT).","Le cessionnaire n'est saisi à l'égard des tiers que par la signification du transport faite au débiteur. Néanmoins, le cessionnaire peut être également saisi par l'acceptation du transport faite par le débiteur dans un acte authentique.",1,0,0.0,Oui,Non,"Non, faits ou prétentions des parties uniquement",0,0,2
23/57663__2024-10-23,13,1719,"S’agissant de l’absence de jouissance paisible invoquée par la locataire, il n'existe pas d'obligation légale pour le bailleur d'assurer le maintien de l'environnement commercial et de garantir la sécurité autour des lieux loués, celui-ci n'étant tenu que d'assurer la délivrance, l'entretien et la jouissance de la chose louée.","Le bailleur est obligé, par la nature du contrat, et sans qu'il soit besoin d'aucune stipulation particulière : 1° De délivrer au preneur la chose louée et, s'il s'agit de son habitation principale, un logement décent. Lorsque des locaux loués à usage d'habitation sont impropres à cet usage, le bailleur ne peut se prévaloir de la nullité du bail ou de sa résiliation pour demander l'expulsion de l'occupant ; 2° D'entretenir cette chose en état de servir à l'usage pour lequel elle a été louée ; 3° D'en faire jouir paisiblement le preneur pendant la durée du bail ; 4° D'assurer également la permanence et la qualité des plantations.",1,1,,Oui,Oui,,1,1,3
24/03870__2025-03-11,6,1719,"La jurisprudence admet que le locataire soulève une exception d’inexécution pour s’exonérer du paiement des loyers si le bailleur méconnaît son obligation de délivrance au point que les locaux loués sont impropres à l'usage auquel ils étaient destinés (Civ 3e, 6 juillet 2023, n° 22-15.923) et en matière d’habitation, sont insalubre ou indécents au point qu’ils sont impropres à l’habitation (Civ. 3e, 28 avril 2009, n","Le bailleur est obligé, par la nature du contrat, et sans qu'il soit besoin d'aucune stipulation particulière : 1° De délivrer au preneur la chose louée et, s'il s'agit de son habitation principale, un logement décent. Lorsque des locaux loués à usage d'habitation sont impropres à cet usage, le bailleur ne peut se prévaloir de la nullité du bail ou de sa résiliation pour demander l'expulsion de l'occupant ; 2° D'entretenir cette chose en état de servir à l'usage pour lequel elle a été louée ; 3° D'en faire jouir paisiblement le preneur pendant la durée du bail ; 4° D'assurer également la permanence et la qualité des plantations.",0,1,0.0,Non,Oui,Non,0,0,2
23/01359__2024-01-22,10,1719,"Il est également tenu d'assurer au locataire la jouissance paisible du logement, d'entretenir les locaux en état de servir à l'usage prévu par le contrat et d'y faire toutes les réparations, autres que locatives, nécessaires au maintien en état et à l'entretien normal des locaux loués.","Le bailleur est obligé, par la nature du contrat, et sans qu'il soit besoin d'aucune stipulation particulière : 1° De délivrer au preneur la chose louée et, s'il s'agit de son habitation principale, un logement décent. Lorsque des locaux loués à usage d'habitation sont impropres à cet usage, le bailleur ne peut se prévaloir de la nullité du bail ou de sa résiliation pour demander l'expulsion de l'occupant ; 2° D'entretenir cette chose en état de servir à l'usage pour lequel elle a été louée ; 3° D'en faire jouir paisiblement le preneur pendant la durée du bail ; 4° D'assurer également la permanence et la qualité des plantations.",0,1,0.0,Non,Oui,"Non, application d’un régime spécial",0,0,0
23/00829__2024-05-28,41,1720,"Le bailleur est également obligé de délivrer au locataire le logement en bon état d'usage et de réparation ainsi que les équipements mentionnés au contrat de location en bon état de fonctionnement, étant précisé que les travaux de réfection de grande ampleur ne font pas partie de la liste des réparations locatives à la charge du preneur listées dans le décret n° 87-712 du 26 août 1987.","Le bailleur est tenu de délivrer la chose en bon état de réparations de toute espèce. Il doit y faire, pendant la durée du bail, toutes les réparations qui peuvent devenir nécessaires, autres que les locatives.",0,1,0.0,Non,Oui,"Non, application d’un régime spécial",0,0,1
23/00829__2024-05-28,41,1721,"Le bailleur est également obligé de délivrer au locataire le logement en bon état d'usage et de réparation ainsi que les équipements mentionnés au contrat de location en bon état de fonctionnement, étant précisé que les travaux de réfection de grande ampleur ne font pas partie de la liste des réparations locatives à la charge du preneur listées dans le décret n° 87-712 du 26 août 1987.","Il est dû garantie au preneur pour tous les vices ou défauts de la chose louée qui en empêchent l'usage, quand même le bailleur ne les aurait pas connus lors du bail. S'il résulte de ces vices ou défauts quelque perte pour le preneur, le bailleur est tenu de l'indemniser.",0,0,,Non,Non,,1,0,1
19/02749__2025-03-19,22,1728,Sur la demande de résiliation judiciaire du bail commercial pour motifs graves et légitimes La VILLE DE [Localité 11] sollicite la résiliation judiciaire du bail en soulevant la violation par la locataire de la destination contractuellement prévue.,"Le preneur est tenu de deux obligations principales : 1° D'user de la chose louée    raisonnablement, et suivant la destination qui lui a été donnée par le bail, ou suivant celle présumée d'après les circonstances, à défaut de convention ; 2° De payer le prix du bail aux termes convenus.",0,0,,Non,Non,,1,0,2
24/00174__2024-05-31,11,1728,"Au vu des pièces versées aux débats, il ressort qu’un bail commercial a bien été conclu entre le SCI ABEILLE et Monsieur [Y] prévoyant un loyer annuel de 18 000 € hors taxes et hors charges ainsi qu’une clause résolutoire en cas d’inexécution par le locataire de l’une de ses obligations (pièce n°2 demanderesse).","Le preneur est tenu de deux obligations principales : 1° D'user de la chose louée    raisonnablement, et suivant la destination qui lui a été donnée par le bail, ou suivant celle présumée d'après les circonstances, à défaut de convention ; 2° De payer le prix du bail aux termes convenus.",0,0,,Non,Non,,1,0,4
24/00311__2024-11-19,9,1728,"Le bail conclu le 15 octobre 2015 par la BLI aux droits desquels vient la CDC Habitat contient une clause résolutoire de deux mois et un commandement de payer visant cette clause a été vainement délivré pour la somme principale de 61658,09 euros.","Le preneur est tenu de deux obligations principales : 1° D'user de la chose louée    raisonnablement, et suivant la destination qui lui a été donnée par le bail, ou suivant celle présumée d'après les circonstances, à défaut de convention ; 2° De payer le prix du bail aux termes convenus.",0,0,,Non,Non,,1,0,0
24/04506__2025-04-24,3,1730,"Il est exonéré de la détérioration due à la vétusté, dès lors qu'il a fait un usage normal des lieux loués.En l'espèce, l'état des lieux d'entrée ne comporte pas de réserves sur l'état du logement nécessitant préalablement une remise en état.","S'il a été fait un état des lieux entre le bailleur et le preneur, celui-ci doit rendre la chose telle qu'il l'a reçue, suivant cet état, excepté ce qui a péri ou a été dégradé par vétusté ou force majeure.",0,1,0.0,Non,Oui,"Non, application d’un régime spécial",0,0,3
23/05718__2024-02-08,11,1731,"En l’espèce, s’il a effectivement par courrier du 16 juillet 2021 été demandé un complément d’état des lieux, aucun état des lieux contradictoire ni par huissier n’a été établi, de sorte que la preuve du mauvais état des matelas n’est pas rapportée.","S'il n'a pas été fait d'état des lieux, le preneur est présumé les avoir reçus en bon état de réparations locatives, et doit les rendre tels, sauf la preuve contraire.",1,1,,Oui,Oui,,1,1,3
24/00333__2024-04-04,7,1731,"En l’espèce, Monsieur [Y] ne verse aux débats que l’état des lieux de sortie établi non contradictoirement de sorte qu’il ne rapporte pas la preuve des dégradations alléguées en application des textes susvisés.Par ailleurs, en omettant de verser aux débats l’état des lieux d’entrée, il n’établit pas la présence des meubles qu’il a déclaré volés dans sa plainte au moment de l’entrée dans les lieux de son locataire.","S'il n'a pas été fait d'état des lieux, le preneur est présumé les avoir reçus en bon état de réparations locatives, et doit les rendre tels, sauf la preuve contraire.",0,0,,Non,Non,,1,0,1
21/12742__2024-06-25,47,1732,"Cependant, il convient de relever que Mme [M] n'explique pas dans ses conclusions les dégradations qui, selon elle, étaient imputables aux locataires et auraient pu justifier une retenue du dépôt de garantie.","Il répond des dégradations ou des pertes qui arrivent pendant sa jouissance, à moins qu'il ne prouve qu'elles ont eu lieu sans sa faute.",0,0,,Non,Non,,1,0,4
24/01733__2025-01-30,4,1732,"-462 du 6 juillet 1989, le locataire est notamment obligé de répondre des dégradations et pertes qui surviennent pendant la durée du contrat, à moins qu’il ne prouve qu’elles ont eu lieu par cas de force majeure, par la faute du bailleur ou par le fait d’un tiers qu’il n’a pas introduit dans le logement; Attendu qu’à défaut d’état des lieux de sortie, le bailleur ne saurait réclamer au locataire une quelconque indemnité au titre","Il répond des dégradations ou des pertes qui arrivent pendant sa jouissance, à moins qu'il ne prouve qu'elles ont eu lieu sans sa faute.",0,1,0.0,Non,Oui,"Non, application d’un régime spécial",0,0,0
24/00376__2025-03-06,14,1735,"Il est encore difficilement contestable que ces dégradations sont bien le fait des anciens locataires.Aucun élément ne permet de douter de cette réalité, alors que ces dégradations volontaires et importantes apparaissent bien comme étant la vengeance d’anciens locataires à l’encontre de leur bailleur qui a saisi le juge des contentieux de la protection pour obtenir leur expulsion.",Le preneur est tenu des dégradations et des pertes qui arrivent par le fait des personnes de sa maison ou de ses sous-locataires.,1,0,0.0,Oui,Non,Non,0,0,2
22/11933__2024-04-09,28,1735,Il est précisé que la propriétaire estime que les dégradations résultent d’actes de vandalisme des locataires et ne souhaite pas réaliser les travaux nécessaires.,Le preneur est tenu des dégradations et des pertes qui arrivent par le fait des personnes de sa maison ou de ses sous-locataires.,0,1,0.0,Non,Oui,"Non, faits ou prétentions des parties uniquement",0,0,1
23/09566__2024-12-20,64,1735,"Si les tags et notamment leur teneur peuvent faire penser à un squat, il y a lieu de relever que c'est à Madame [S] [P] d'apporter la preuve de ce qu'elle n'a pas introduit dans son logement les tiers qui auraient causé les dégradations.",Le preneur est tenu des dégradations et des pertes qui arrivent par le fait des personnes de sa maison ou de ses sous-locataires.,0,1,0.0,Non,Oui,"Non, application d’un régime spécial",0,0,4
24/54980__2025-04-11,4,1737,"Il résulte de ces dispositions que le bail dérogatoire cesse en principe à l'arrivée de son terme sans qu'il soit besoin de délivrer congé à la condition que le bailleur manifeste au plus tard à l’issue d’un délai d’un mois à compter de l’échéance, sa volonté de ne pas poursuivre sa relation contractuelle avec le locataire.","Le bail cesse de plein droit à l'expiration du terme fixé, lorsqu'il a été fait par écrit, sans qu'il soit nécessaire de donner congé.",0,1,0.0,Non,Oui,"Non, application d’un régime spécial",0,0,0
24/10016__2025-04-28,11,1737,"Le contrat de bail, conclu pour une période d'un mois renouvelable, rappelle par ailleurs que la durée totale de location ne peut excéder deux ans.Un congé, rappelant expressément la durée de séjour limitée à deux ans et précisant que le bailleur entend se prévaloir de la résiliation de plein droit du contrat a été signifié à Monsieur [F] [E] le 22 février 2024, à effet au 31 mai 2024.","Le bail cesse de plein droit à l'expiration du terme fixé, lorsqu'il a été fait par écrit, sans qu'il soit nécessaire de donner congé.",0,0,,Non,Non,,1,0,4
19/00031__2025-04-04,3,1737,"En l’espèce, le bail commercial litigieux a été contracté par acte sous seing privé le 9 septembre 2010 et consenti pour une durée de neuf années entières et consécutives à compter du 1er juillet 2008 pour se terminer le 30 juin 2017.Un renouvellement à partir de cette date ayant été sollicité par le Preneur le 20 janvier 2017, aucune tacite prolongation n’est caractérisée.","Le bail cesse de plein droit à l'expiration du terme fixé, lorsqu'il a été fait par écrit, sans qu'il soit nécessaire de donner congé.",0,0,,Non,Non,,1,0,4
23/09825__2024-03-26,17,1738,Il en résulte que le bailleur n'a pas suffisamment justifié du caractère réel et sérieux de sa décision de reprise et il sera débouté de sa demande de validation de son congé pour reprise et des demandes subséquentes en expulsion et paiement d'indemnité d'occupation.Il sera ainsi constaté que le bail a été tacitement reconduit le 1er juin 2023.,"Si, à l'expiration des baux écrits, le preneur reste et est laissé en possession, il s'opère un nouveau bail dont l'effet est réglé par l'article relatif aux locations faites sans écrit.",0,1,0.0,Non,Oui,"Non, application d’un régime spécial",0,0,1
22/08922__2024-01-24,14,1738,"A minima, Madame [L] confirme dans son courrier du 18 novembre 2021 que lesdits locaux étaient vides de tout occupant de 2013 à 2017.Il ne peut donc être valablement affirmé qu'elle s'est maintenue dans les lieux de façon continue.","Si, à l'expiration des baux écrits, le preneur reste et est laissé en possession, il s'opère un nouveau bail dont l'effet est réglé par l'article relatif aux locations faites sans écrit.",0,0,,Non,Non,,1,0,3
24/05298__2024-10-28,12,1738,"De plus, le bailleur ne produit aucun justificatif des dispositions prises en vue de la vente pour illustrer la réalité et de la sincérité du motif du congé pour vendre.Il convient en conséquence de déclarer le congé nul. Le bail a donc été reconduit tacitement le 4 mars 2024 pour trois ans, soit jusqu'au 3 mars 2027 inclus.","Si, à l'expiration des baux écrits, le preneur reste et est laissé en possession, il s'opère un nouveau bail dont l'effet est réglé par l'article relatif aux locations faites sans écrit.",0,1,0.0,Non,Oui,"Non, application d’un régime spécial",0,0,0
23/05684__2024-05-22,14,1738,"Il indique également que le demandeur lui a refusé le contrat de bail qu’il lui a demandé, et est insistant pour qu’il quitte les lieux, ce qui démontre de l’absence d’accord de volonté sur l’occupation du bien.","Si, à l'expiration des baux écrits, le preneur reste et est laissé en possession, il s'opère un nouveau bail dont l'effet est réglé par l'article relatif aux locations faites sans écrit.",0,0,,Non,Non,,1,0,0
24/00159__2024-12-16,4,1739,C'est donc à bon droit que bail n'est pas transféré à son profit.Il ne peut se prévaloir d'un maintien dans les lieux dans ce contexte.,"Lorsqu'il y a un congé signifié, le preneur quoiqu'il ait continué sa jouissance, ne peut invoquer la tacite reconduction.",0,0,,Non,Non,,1,0,2
23/00182__2025-01-23,22,1739,"A la date du jugement, sauf à ce que ce congé ait été contesté par le preneur, ce qui n’est pas soutenu, le bail commercial est donc arrivé à son terme.Un aléa demeure néanmoins puisque le preneur dispose de deux ans à compter du congé pour le contester et demander le cas échéant une indemnité d’éviction.","Lorsqu'il y a un congé signifié, le preneur quoiqu'il ait continué sa jouissance, ne peut invoquer la tacite reconduction.",0,0,,Non,"Non, application d’un régime spécial",,1,0,3
23/09573__2024-03-07,3,1739,"Mme [O] [J] a donné congé par LRAR du 26/07/2022 à effet au 31/08/2022 , ce qu’elle a rappelé elle-même dans sa plainte pénale .Le congé du locataire produit unilatéralement effet , et ne peut être rétracté que si le bailleur y consent .","Lorsqu'il y a un congé signifié, le preneur quoiqu'il ait continué sa jouissance, ne peut invoquer la tacite reconduction.",0,1,0.0,Non,Oui,Non,0,0,3
19/02749__2025-03-19,8,1739,"En l'espèce, il n'est pas contesté que le bail a pris fin le 30 juin 2017 par l'effet du refus de renouvellement signifié par la bailleresse le 23 août 2017.","Lorsqu'il y a un congé signifié, le preneur quoiqu'il ait continué sa jouissance, ne peut invoquer la tacite reconduction.",0,1,0.0,Non,Oui,"Non, faits ou prétentions des parties uniquement",0,0,2
23/02169__2025-04-17,18,1740,Aucune clause exprès ne prévoit que l'engagement de la caution ne perdure pendant la période d'occupation suivant la résiliation du bail. La condamnation solidaire de la caution sera donc limitée à l'arriéré de loyer et charges arrêté au 19 juin 2023.,"Dans le cas des deux articles précédents, la caution donnée pour le bail ne s'étend pas aux obligations résultant de la prolongation.",0,1,0.0,Non,Oui,"Non, application d’un régime spécial",0,0,1
23/02169__2025-04-17,17,1740,"En revanche aucune stipulation de l'acte de cautionnement ne prévoit la couverture des indemnités d'occupation, l'acte de caution prévoyant l'engagement pour la caution de satisfaire aux obligations du locataire défaillant pendant ""la durée du bail et du renouvellement suivant"".","Dans le cas des deux articles précédents, la caution donnée pour le bail ne s'étend pas aux obligations résultant de la prolongation.",0,1,0.0,Non,Oui,"Non, faits ou prétentions des parties uniquement",0,0,1
24/01081__2025-04-02,24,1741,"Par conséquent, Monsieur [P] [S] a manqué et manque gravement de manière réitérée à ses obligations contractuelles, de sorte que le contrat de bail sera résilié à compter de la présente décision.","Le contrat de louage se résout par la perte de la chose louée, et par le défaut respectif du bailleur et du preneur de remplir leurs engagements.",0,0,,Non,Non,,1,0,0
24/00457__2024-06-07,9,1741,"En l’espèce, le bail conclu entre les parties comporte une clause de résiliation de plein droit du bail pour défaut de paiement et pour défaut d’assurance contre les risques locatifs.","Le contrat de louage se résout par la perte de la chose louée, et par le défaut respectif du bailleur et du preneur de remplir leurs engagements.",0,0,,Non,Non,,1,0,0
20/08626__2024-02-15,2,1741,"Sur l’exigibilité des loyers relatifs aux périodes de fermetures administratives en lien avec le COVID 19 Le preneur, pour s’opposer au paiement des loyers correspondant aux périodes de fermeture liées au Covid 19 invoque successivement, ce même en l'absence de toute faute du bailleur, les moyens tirés de : l’exception d’inexécution pour défaut de délivrance et de jouissance du local louél’impropriété des locaux loués à l’usage convenula perte, même","Le contrat de louage se résout par la perte de la chose louée, et par le défaut respectif du bailleur et du preneur de remplir leurs engagements.",0,0,,Non,Non,,1,0,1
23/03695__2024-07-23,24,1741,"Ils précisent à ce titre que, selon l'arrêt rendu par la cour d'appel de Lyon le 22 septembre 2022, la résiliation du bail emphytéotique dont Madame [O] bénéficiait a été prononcée et que le manquement du bailleur à son obligation de délivrance justifie l'exception d'inexécution à leur profit.","Le contrat de louage se résout par la perte de la chose louée, et par le défaut respectif du bailleur et du preneur de remplir leurs engagements.",0,0,,Non,Non,,1,0,3
20/12403__2025-03-20,35,1743,"En effet, même si les vendeurs l’avaient pleinement informée du renouvellement du bail par acte du 6 août 2018 et donc de l’impossibilité d’augmenter le loyer jusqu’au 31 juillet 2027, la SNC [Localité 36] EJY, en acquérant le bien, aurait dû néanmoins exécuter ce bail et n’aurait donc pas pu délivrer un congé à la société locataire commerciale ni augmenter le loyer. Dès lors, à défaut de démontrer que le","Si le bailleur vend la chose louée, l'acquéreur ne peut expulser le fermier, le métayer ou le locataire qui a un bail authentique ou dont la date est certaine. Il peut, toutefois, expulser le locataire de biens non ruraux s'il s'est réservé ce droit par le contrat de bail.",0,0,,Non,Non,,1,0,0
24/52683__2024-06-28,9,1745,"Ce préjudice sera réparé jusqu'au départ définitif du preneur par l'octroi d'une indemnité d'occupation provisionnelle équivalente au montant non sérieusement contestable du loyer, à savoir 1 066,66 euros correspondant au montant contractuel du loyer, charges et taxes applicables compris, à compter du 2 mars 2024 et jusqu'à libération des lieux et la remise des clés.","S'il s'agit d'une maison, appartement ou boutique, le bailleur paye, à titre de dommages et intérêts, au locataire évincé, une somme égale au prix du loyer, pendant le temps qui, suivant l'usage des lieux, est accordé entre le congé et la sortie.",0,1,0.0,Non,Oui,Non,0,0,2
24/05541__2025-02-14,3,1751,"L’époux non attributaire du logement est libéré, à compter de cette transcription, de son engagement de solidarité tant légale que conventionnelle, sans qu’il soit tenu de délivrer congé.Un congé des deux époux peut mettre fin à la solidarité.","Le droit au bail du local, sans caractère professionnel ou commercial, qui sert effectivement à l'habitation de deux époux, quel que soit leur régime matrimonial et nonobstant toute convention contraire et même si le bail a été conclu avant le mariage, ou de deux partenaires liés par un pacte civil de solidarité, dès lors que les partenaires en font la demande conjointement, est réputé appartenir à l'un et à l'autre des époux ou partenaires liés par un pacte civil de solidarité. En cas de divorce ou de séparation de corps, ce droit pourra être attribué, en considération des intérêts sociaux et familiaux en cause, par la juridiction saisie de la demande en divorce ou en séparation de corps, à l'un des époux, sous réserve des droits à récompense ou à indemnité au profit de l'autre époux. En cas de décès d'un des époux ou d'un des partenaires liés par un pacte civil de solidarité, le conjoint ou le partenaire lié par un pacte civil de solidarité survivant cotitulaire du bail dispose d'un droit exclusif sur celui-ci sauf s'il y renonce expressément.",1,1,,Oui,Oui,,1,1,1
23/05712__2023-12-15,18,1752,"Il indique toutefois ne pas pouvoir s'installer immédiatement, faute de disposer de meubles pour le garnir. C'est ainsi qu'il sollicite un délai de deux à trois semaines avant d'être expulsé.","Le locataire qui ne garnit pas la maison de meubles suffisants, peut être expulsé, à moins qu'il ne donne des sûretés capables de répondre du loyer.",0,1,0.0,Non,Oui,"Non, faits ou prétentions des parties uniquement",0,0,4
24/00949__2024-09-19,7,1754,"Aussi, le preneur n'est tenu qu'aux réparations locatives rendues nécessaires par les dégradations intervenues pendant la location.La liste de réparations locatives est établie par le décret n° 87-712 du 26 août 1987.","Les réparations locatives ou de menu entretien dont le locataire est tenu, s'il n'y a clause contraire, sont celles désignées comme telles par l'usage des lieux, et, entre autres, les réparations à faire : Aux âtres, contre-coeurs, chambranles et tablettes de cheminées ; Au recrépiment du bas des murailles des appartements et autres lieux d'habitation à la hauteur d'un mètre ; Aux pavés et carreaux des chambres, lorsqu'il y en a seulement quelques-uns de cassés ; Aux vitres, à moins qu'elles ne soient cassées par la grêle ou autres accidents extraordinaires et de force majeure, dont le locataire ne peut être tenu ; Aux portes, croisées, planches de cloison ou de fermeture de boutiques, gonds, targettes et serrures.",0,1,0.0,Non,Oui,"Non, application d’un régime spécial",0,0,2
22/06938__2024-01-22,21,1754,"Or la réfection totale du parquet, de la faïence de la salle de bains et de la cuisine, le remplacement du carrelage de la cuisine, le remplacement de l’évier, et de placards ne relèvent pas en soi des réparations locatives mais de l’obligation d’entretien du bailleur. Or les dégradations reprochées aux locataires ne sont pas précisées par l’établissement public [Localité 4] HABITAT-OPH et ne ressortent pas","Les réparations locatives ou de menu entretien dont le locataire est tenu, s'il n'y a clause contraire, sont celles désignées comme telles par l'usage des lieux, et, entre autres, les réparations à faire : Aux âtres, contre-coeurs, chambranles et tablettes de cheminées ; Au recrépiment du bas des murailles des appartements et autres lieux d'habitation à la hauteur d'un mètre ; Aux pavés et carreaux des chambres, lorsqu'il y en a seulement quelques-uns de cassés ; Aux vitres, à moins qu'elles ne soient cassées par la grêle ou autres accidents extraordinaires et de force majeure, dont le locataire ne peut être tenu ; Aux portes, croisées, planches de cloison ou de fermeture de boutiques, gonds, targettes et serrures.",0,1,0.0,Non,Oui,"Non, application d’un régime spécial",0,0,2
22/01320__2024-09-23,23,1759,"En conséquence, le congé pour reprise ayant été régulièrement délivré, Monsieur [I] [J] et Madame [V] [R] [X] sont dépourvus de tout titre d'occupation depuis le 31 janvier 2020.A défaut de départ volontaire, leur expulsion, ainsi que celle de tout occupant de leur chef, sera autorisée, avec, si nécessaire, le concours de la force publique.","Si le locataire d'une maison ou d'un appartement continue sa jouissance après l'expiration du bail par écrit, sans opposition de la part du bailleur, il sera censé les occuper aux mêmes conditions, pour le terme fixé par l'usage des lieux, et ne pourra plus en sortir ni en être expulsé qu'après un congé donné suivant le délai fixé par l'usage des lieux.",0,1,0.0,Non,Oui,"Non, application d’un régime spécial",0,0,0
22/08922__2024-01-24,14,1759,"A minima, Madame [L] confirme dans son courrier du 18 novembre 2021 que lesdits locaux étaient vides de tout occupant de 2013 à 2017.Il ne peut donc être valablement affirmé qu'elle s'est maintenue dans les lieux de façon continue.","Si le locataire d'une maison ou d'un appartement continue sa jouissance après l'expiration du bail par écrit, sans opposition de la part du bailleur, il sera censé les occuper aux mêmes conditions, pour le terme fixé par l'usage des lieux, et ne pourra plus en sortir ni en être expulsé qu'après un congé donné suivant le délai fixé par l'usage des lieux.",0,0,,Non,Non,,1,0,3
24/00233__2024-09-05,4,1759,"En conséquence, le bail s'est trouvé résilié par l'effet du congé et Monsieur [Z] [S] se trouve occupant sans droit ni titre depuis le 30 septembre 2022, zéro heure.","Si le locataire d'une maison ou d'un appartement continue sa jouissance après l'expiration du bail par écrit, sans opposition de la part du bailleur, il sera censé les occuper aux mêmes conditions, pour le terme fixé par l'usage des lieux, et ne pourra plus en sortir ni en être expulsé qu'après un congé donné suivant le délai fixé par l'usage des lieux.",0,0,,Non,Non,,1,0,4
24/03313__2024-06-17,6,1759,"En conséquence, le congé sera validé, avec effet au 17 septembre 2023.Le bail se trouve donc résilié par l'effet du congé et les locataires sont devenus occupants sans droit ni titre depuis le 18 septembre 2023.","Si le locataire d'une maison ou d'un appartement continue sa jouissance après l'expiration du bail par écrit, sans opposition de la part du bailleur, il sera censé les occuper aux mêmes conditions, pour le terme fixé par l'usage des lieux, et ne pourra plus en sortir ni en être expulsé qu'après un congé donné suivant le délai fixé par l'usage des lieux.",0,0,,Non,Non,,1,0,1
24/02198__2024-09-27,8,1762,"Le congé du bailleur du 7 mars 2023 a donc été régulièrement délivré plus de six mois avant l'échéance précitée.Il sera relevé en outre que le congé rappelle le motif du congé, délivré pour la reprise du bien, et mentionne l'identité du repreneur, le bailleur lui-même.","S'il a été convenu, dans le contrat de louage, que le bailleur pourrait venir occuper la maison, il est tenu de signifier d'avance un congé aux époques déterminées par l'usage des lieux.",0,1,0.0,Non,Oui,"Non, application d’un régime spécial",0,0,0
23/09825__2024-03-26,11,1762,"Le congé du bailleur du 16 février 2023 a donc été régulièrement délivré plus de trois mois avant l'échéance précitée.Il sera relevé en outre que le congé rappelle le motif du congé, délivré pour la reprise du bien, et mentionne l'identité du repreneur, à savoir la petite fille du propriétaire.","S'il a été convenu, dans le contrat de louage, que le bailleur pourrait venir occuper la maison, il est tenu de signifier d'avance un congé aux époques déterminées par l'usage des lieux.",0,1,0.0,Non,Oui,"Non, application d’un régime spécial",0,0,1
24/02573__2024-07-10,15,1764,"Les occupants et le locataire sont alors condamnés in solidum en leur qualité de coauteur du dommage, unique et indivisible, du bailleur. En l'espèce, Monsieur [E] [Z] et Monsieur [V] [R] seront condamnés in solidum au paiement d'une indemnité mensuelle d'occupation à compter du présent jugement à la date de la libération effective et définitive des lieux, égale au montant des loyers et charges qui auraient été dus si le bail s","En cas de contravention, le propriétaire a droit de rentrer en jouissance, et le preneur est condamné aux dommages-intérêts résultant de l'inexécution du bail.",0,0,,Non,Non,,1,0,2
24/01047__2024-09-16,9,1764,"La société UNITED FRANCE demande également l’attribution du dépôt de garantie de 3125€, au sujet duquel le bail stipule qu’il reste acquis au bailleur en cas de résiliation du bail par suite d’une inexécution par le preneur de ses engagements, au titre de premiers dommages et intérêts sans préjudice de tous autres.","En cas de contravention, le propriétaire a droit de rentrer en jouissance, et le preneur est condamné aux dommages-intérêts résultant de l'inexécution du bail.",0,0,,Non,Non,,1,0,1
24/01888__2024-12-17,15,1764,"Le locataire est tenu au paiement du loyer et des charges conformément aux termes du bail. En outre, du fait de son maintien dans les lieux, il est redevable à compter de la résiliation du bail d’une indemnité d’occupation en réparation du préjudice causé par l’occupation sans droit ni titre du local et destinée à compenser la perte de jouissance du bien.","En cas de contravention, le propriétaire a droit de rentrer en jouissance, et le preneur est condamné aux dommages-intérêts résultant de l'inexécution du bail.",0,0,,Non,Non,,1,0,2
24/01382__2025-01-07,13,1764,"Il est de principe que le locataire est tenu au paiement du loyer et des charges conformément aux termes du bail. En outre, du fait de son maintien dans les lieux depuis la résiliation du bail, la société défenderesse est redevable à compter du 1er mai 2024 d’une indemnité d’occupation en réparation du préjudice causé par l’occupation sans droit ni titre du local et destinée à compenser la perte de jouissance du bien.","En cas de contravention, le propriétaire a droit de rentrer en jouissance, et le preneur est condamné aux dommages-intérêts résultant de l'inexécution du bail.",0,0,,Non,Non,,1,0,0
24/00623__2024-11-20,14,1764,"Le locataire non occupant peut par ailleurs en être tenu s'il peut lui être reproché un défaut de diligences pour restituer les lieux au bailleur et solliciter le départ de l'occupant installé dans les lieux de son fait.Les occupants et le locataire sont alors condamnés in solidum en leur qualité de coauteur du dommage, unique et indivisible, du bailleur. En l'espèce, il ressort du décompte locatif produit par les bailleurs qu'il n'existe aucun arriéré locatif.","En cas de contravention, le propriétaire a droit de rentrer en jouissance, et le preneur est condamné aux dommages-intérêts résultant de l'inexécution du bail.",0,0,,Non,Non,,1,0,3
21/02150__2024-10-11,87,1764,"Sur les demandes formées par Mme [J] [X] et M. [B] [K] - Sur l’appel en garantie de La SAS SNACK TIMS Ainsi qu’il a été développé plus avant, le preneur du bail à construction qui a manqué à son obligation de restitution des locaux vides doit lui aussi être condamné au préjudice résultant pour le propriétaire de l’absence de restitution","En cas de contravention, le propriétaire a droit de rentrer en jouissance, et le preneur est condamné aux dommages-intérêts résultant de l'inexécution du bail.",0,0,,Non,Non,,1,0,2
22/02565__2025-02-18,4,1775,"Aussi, la SAS Renovation du Patrimoine qui entendait résilier le bail à effet du 31.5.2022 aurait du formaliser cette intention au plus tard le 30.11.2021.N’y ayant procédé que le 21.12.2021, le bail s’est tacitement reconduit pour une année, soit jusqu’au 31.5.2023.","Le bail des héritages ruraux quoique fait sans écrit, ne cesse à l'expiration du terme fixé par l'article précédent, que par l'effet d'un congé donné par écrit par l'une des parties à l'autre, six mois au moins avant ce terme. A défaut d'un congé donné dans le délai ci-dessus spécifié, il s'opère un nouveau bail dont l'effet est réglé par l'article 1774 . Il en est de même si, à l'expiration des baux écrits, le preneur reste et est laissé en possession.",0,0,,Non,Non,,1,0,2
19/12432__2024-01-31,20,1775,"Il y a lieu en conséquence de rejeter la demande d'annulation du congé du 29 mars 2019, ainsi que la demande tendant à ce qu'il soit jugé que le bail litigieux s'est renouvelé, et de constater que ledit bail a pris fin le 30 septembre 2019.Sur les effets du congé Le bail consenti au profit de la S.A.S.","Le bail des héritages ruraux quoique fait sans écrit, ne cesse à l'expiration du terme fixé par l'article précédent, que par l'effet d'un congé donné par écrit par l'une des parties à l'autre, six mois au moins avant ce terme. A défaut d'un congé donné dans le délai ci-dessus spécifié, il s'opère un nouveau bail dont l'effet est réglé par l'article 1774 . Il en est de même si, à l'expiration des baux écrits, le preneur reste et est laissé en possession.",0,0,,Non,Non,,1,0,4
23/05861__2024-11-19,12,1779,"Le descriptif des travaux prévu dans ce contrat mentionne la « construction d’une villa individuelle avec un garage et terrasse ».Il y a donc bien lieu de considérer l’existence d’une relation contractuelle entre un entrepreneur loueur d’ouvrage, la SAS PROVENCE VILLAS, et un maître d’ouvrage, les consorts [N] [K].","Il y a trois espèces principales de louage d'ouvrage et d'industrie : 1° Le louage de service ; 2° Celui des voituriers, tant par terre que par eau, qui se chargent du transport des personnes ou des marchandises ; 3° Celui des architectes, entrepreneurs d'ouvrages et techniciens par suite d'études, devis ou marchés.",1,1,,Oui,Oui,,1,1,0
20/00200__2025-01-09,4,1779," louage d’ouvrage en qualité de bureau de contrôle technique, assurée auprès de la compagnie d’assurance AXA,  - la Société COPLAN SARL chargée de la maîtrise d’œuvre d’exécution et du suivi de chantier, (Pièce N° 5 et 6) assurée auprès de la Compagnie d’assurance LLOYD'S de [Localité 31] notamment suivant","Il y a trois espèces principales de louage d'ouvrage et d'industrie : 1° Le louage de service ; 2° Celui des voituriers, tant par terre que par eau, qui se chargent du transport des personnes ou des marchandises ; 3° Celui des architectes, entrepreneurs d'ouvrages et techniciens par suite d'études, devis ou marchés.",1,1,,Oui,Oui,,1,1,0
20/00200__2025-01-09,3,1779,"38[Immatriculation 1], - la Société SOTECO aux termes d’un contrat de louage d’ouvrage pour les terrassements et canalisations, assurée auprès de la Compagnie d’assurance L’AUXILIAIRE suivant police 020-960004,  - la SARL QUALICONSULT aux termes d’un contrat de","Il y a trois espèces principales de louage d'ouvrage et d'industrie : 1° Le louage de service ; 2° Celui des voituriers, tant par terre que par eau, qui se chargent du transport des personnes ou des marchandises ; 3° Celui des architectes, entrepreneurs d'ouvrages et techniciens par suite d'études, devis ou marchés.",1,1,,Oui,Oui,,1,1,0
20/00200__2025-01-09,1,1779,"Sont intervenus dans cette opération de construction :  - la SARL [U] COTE D’AZUR aux termes d’un contrat de louage d’ouvrage en tant qu’entreprise générale pour le gros œuvre, assurée auprès de la Compagnie d’assurance SAGENA suivant police N° 424 191 A 1454 1454-000,   - la société STRUC","Il y a trois espèces principales de louage d'ouvrage et d'industrie : 1° Le louage de service ; 2° Celui des voituriers, tant par terre que par eau, qui se chargent du transport des personnes ou des marchandises ; 3° Celui des architectes, entrepreneurs d'ouvrages et techniciens par suite d'études, devis ou marchés.",1,0,0.0,Oui,Non,"Non, faits ou prétentions des parties uniquement",0,0,0
17/02785__2024-12-13,117,1779,"Il en ressort que la S.C.I.a donné mandat au maître d'ouvrage délégué de faire procéder au moyen de contrats de louage d’ouvrage, pour son compte, à la réalisation des travaux de construction de l'ouvrage.","Il y a trois espèces principales de louage d'ouvrage et d'industrie : 1° Le louage de service ; 2° Celui des voituriers, tant par terre que par eau, qui se chargent du transport des personnes ou des marchandises ; 3° Celui des architectes, entrepreneurs d'ouvrages et techniciens par suite d'études, devis ou marchés.",1,1,,Oui,Oui,,1,1,4
24/00018__2024-03-15,3,1779,"A l’appui de sa demande, la SAS BOUYGUES TELECOM produit aux débats notamment: - les justificatifs des liens contractuels entre elle et de nouveaux locateurs d'ouvrages, en l’espèce : - la société CCE au titre du lot n°5 terrassement-soutènements-gros œuvre (pièces n°12-13), - la société SOPREMA au titre","Il y a trois espèces principales de louage d'ouvrage et d'industrie : 1° Le louage de service ; 2° Celui des voituriers, tant par terre que par eau, qui se chargent du transport des personnes ou des marchandises ; 3° Celui des architectes, entrepreneurs d'ouvrages et techniciens par suite d'études, devis ou marchés.",0,0,,Non,Non,,1,0,0
24/03556__2025-04-08,14,1784,"Il est également notamment obligé : de répondre des dégradations et pertes qui surviennent pendant la durée du contrat dans les locaux dont il a la jouissance exclusive, à moins qu’il ne prouve qu’elles ont eu lieu par cas de force majeure, par la faute du bailleur ou par le fait d’un tiers qu’il n’a pas introduit dans le logement ; de prendre à sa charge l’entretien courant du logement, des équipements mentionnés au contrat et les menues réparations ainsi que l","Ils sont responsables de la perte et des avaries des choses qui leur sont confiées, à moins qu'ils ne prouvent qu'elles ont été perdues et avariées par cas fortuit ou force majeure.",0,0,,Non,Non,,1,0,4
23/03527__2025-01-14,13,1784,"Pour écarter sa responsabilité, le locataire doit prouver l'un des faits suivants : soit que les dégradations ont eu lieu par cas de force majeure ;soit que les dégradations ou pertes ont eu lieu par la faute du bailleur ;soit que les dégradations ou pertes ont eu lieu par le fait ""d'un tiers qu'il n'a pas introduit dans le logement"" ;ou encore que les dégradations sont imputables à la vétusté.","Ils sont responsables de la perte et des avaries des choses qui leur sont confiées, à moins qu'ils ne prouvent qu'elles ont été perdues et avariées par cas fortuit ou force majeure.",0,0,,Non,Non,,1,0,3
24/01594__2024-11-12,1,1784," locataire est obligé « de répondre des dégradations et pertes qui surviennent pendant la durée du contrat dans les locaux dont il a la jouissance exclusive, à moins qu’il ne prouve qu’elles ont eu lieu par cas de force majeure, par la faute du bailleur ou par le fait d’un tiers qu’il n’a pas introduit dans le logement ».","Ils sont responsables de la perte et des avaries des choses qui leur sont confiées, à moins qu'ils ne prouvent qu'elles ont été perdues et avariées par cas fortuit ou force majeure.",0,0,,Non,Non,,1,0,0
23/00051__2024-07-09,11,1792,"Il affirme que la faute imputée à l’entrepreneur ne peut exonérer le promoteur, propriétaire du terrain voisin, de la responsabilité lui incombant en cette qualité.Or le sinistre s’est produit à l’occasion des travaux menés par la société francilienne de bâtiment pour le compte de Sogeprom.","Tout constructeur d'un ouvrage est responsable de plein droit, envers le maître ou l'acquéreur de l'ouvrage, des dommages, même résultant d'un vice du sol, qui compromettent la solidité de l'ouvrage ou qui, l'affectant dans l'un de ses éléments constitutifs ou l'un de ses éléments d'équipement, le rendent impropre à sa destination. Une telle responsabilité n'a point lieu si le constructeur prouve que les dommages proviennent d'une cause étrangère.",0,1,0.0,Non,Oui,"Non, faits ou prétentions des parties uniquement",0,0,1
24/00620__2024-08-20,2,1792,"Il ressort des pièces versées aux débats que la compagnie ZURICH INSURANCE EUROPE AG est l'assureur de la SNC LNC ZETA PROMOTION qui est intervenue en qualité de constructeur non réalisateur sur le chantier litigieux et déjà partie à la cause, est susceptible de voir sa responsabilité civile décennale engagée.","Tout constructeur d'un ouvrage est responsable de plein droit, envers le maître ou l'acquéreur de l'ouvrage, des dommages, même résultant d'un vice du sol, qui compromettent la solidité de l'ouvrage ou qui, l'affectant dans l'un de ses éléments constitutifs ou l'un de ses éléments d'équipement, le rendent impropre à sa destination. Une telle responsabilité n'a point lieu si le constructeur prouve que les dommages proviennent d'une cause étrangère.",1,1,,Oui,Oui,,1,1,4
24/02467__2024-09-23,2,1792,Il est en outre d’une bonne administration de la justice d’ordonner une extension de mission de l’expert au chef de mission suivant : “indiquer pour chaque désordre s'il compromet la solidité de l’ouvrage ou s'i1 rend l'ouvrage impropre à sa destination”.Les dépens resteront à la charge de la SCCV [Localité 29] [Adresse 31].,"Tout constructeur d'un ouvrage est responsable de plein droit, envers le maître ou l'acquéreur de l'ouvrage, des dommages, même résultant d'un vice du sol, qui compromettent la solidité de l'ouvrage ou qui, l'affectant dans l'un de ses éléments constitutifs ou l'un de ses éléments d'équipement, le rendent impropre à sa destination. Une telle responsabilité n'a point lieu si le constructeur prouve que les dommages proviennent d'une cause étrangère.",0,1,0.0,Non,Oui,Non,0,0,1
24/00650__2025-02-06,8,1792,"Il indique également que la responsabilité exclusive des travaux incombe à leurs auteurs, les époux [P], qui n'ont pas souscrit d'assurance dommage-ouvrage pour garantir un éventuel désordre décennal. Les désordres affectent de manière incontestable la structure de l’immeuble et compromet ainsi sa solidité.Les époux [P], assimilés contructeur du fait des travaux engagés, ne justifient d’aucune cause étrangère.","Tout constructeur d'un ouvrage est responsable de plein droit, envers le maître ou l'acquéreur de l'ouvrage, des dommages, même résultant d'un vice du sol, qui compromettent la solidité de l'ouvrage ou qui, l'affectant dans l'un de ses éléments constitutifs ou l'un de ses éléments d'équipement, le rendent impropre à sa destination. Une telle responsabilité n'a point lieu si le constructeur prouve que les dommages proviennent d'une cause étrangère.",1,1,,Oui,Oui,,1,1,1
21/00480__2024-02-21,26,1792,"Leur matérialité est donc acquise.S'agissant de leur gravité, puisqu'entrait dans la mission de l'expert de dire si les désordres étaient de nature décennale, à savoir s'ils affectaient la solidité de l'ouvrage ou le rendaient impropre à sa destination, l'expert judiciaire a indiqué : ""ces désordres ne compromettent pas la solidité de l'ouvrage.","Tout constructeur d'un ouvrage est responsable de plein droit, envers le maître ou l'acquéreur de l'ouvrage, des dommages, même résultant d'un vice du sol, qui compromettent la solidité de l'ouvrage ou qui, l'affectant dans l'un de ses éléments constitutifs ou l'un de ses éléments d'équipement, le rendent impropre à sa destination. Une telle responsabilité n'a point lieu si le constructeur prouve que les dommages proviennent d'une cause étrangère.",1,1,,Oui,Oui,,1,1,4
24/01490__2025-04-08,2,1792,"» En l'espèce, la responsabilité de la SCI [Adresse 10] est susceptible d'être recherchée par le Syndicat des copropriétaires et les locateurs d'ouvrage, de sorte qu'elle justifie d'un motif légitime de voir déclarer les opérations d'expertise communes à son assureur constructeur non réalisateur et à son assureur de responsabilité civile.","Tout constructeur d'un ouvrage est responsable de plein droit, envers le maître ou l'acquéreur de l'ouvrage, des dommages, même résultant d'un vice du sol, qui compromettent la solidité de l'ouvrage ou qui, l'affectant dans l'un de ses éléments constitutifs ou l'un de ses éléments d'équipement, le rendent impropre à sa destination. Une telle responsabilité n'a point lieu si le constructeur prouve que les dommages proviennent d'une cause étrangère.",0,0,,Non,Non,,1,0,4
24/01490__2025-04-08,2,1792-1,"» En l'espèce, la responsabilité de la SCI [Adresse 10] est susceptible d'être recherchée par le Syndicat des copropriétaires et les locateurs d'ouvrage, de sorte qu'elle justifie d'un motif légitime de voir déclarer les opérations d'expertise communes à son assureur constructeur non réalisateur et à son assureur de responsabilité civile.","Est réputé constructeur de l'ouvrage : 1° Tout architecte, entrepreneur, technicien ou autre personne liée au maître de l'ouvrage par un contrat de louage d'ouvrage ; 2° Toute personne qui vend, après achèvement, un ouvrage qu'elle a construit ou fait construire ; 3° Toute personne qui, bien qu'agissant en qualité de mandataire du propriétaire de l'ouvrage, accomplit une mission assimilable à celle d'un locateur d'ouvrage.",1,1,,Oui,Oui,,1,1,4
24/01026__2024-11-21,4,1792-1,"Il importe peu que cette société soit intervenue en qualité de co-traitante ou de sous-traitante, dès lors qu'elle ne conteste pas avoir participé à la mission de maîtrise d'œuvre du chantier. Elle a notamment rédigé à ce titre des comptes rendus de chantier et sa responsabilité pourrait être recherchée même sans avoir de lien de droit avec le maître de l'ouvrage, le promoteur ou les exploitants.","Est réputé constructeur de l'ouvrage : 1° Tout architecte, entrepreneur, technicien ou autre personne liée au maître de l'ouvrage par un contrat de louage d'ouvrage ; 2° Toute personne qui vend, après achèvement, un ouvrage qu'elle a construit ou fait construire ; 3° Toute personne qui, bien qu'agissant en qualité de mandataire du propriétaire de l'ouvrage, accomplit une mission assimilable à celle d'un locateur d'ouvrage.",1,1,,Oui,Oui,,1,1,4
24/07289__2025-03-19,9,1792-1,"En effet, dès lors que la SCI LE MERCURE n’est pas un professionnel de l’immobilier tel qu’un promoteur ou un entrepreneur en construction, il ne peut-être tenu à une obligation d’édification d’un ouvrage collectif à la copropriété à laquelle il appartient en qualité de copropriétaire seulement.","Est réputé constructeur de l'ouvrage : 1° Tout architecte, entrepreneur, technicien ou autre personne liée au maître de l'ouvrage par un contrat de louage d'ouvrage ; 2° Toute personne qui vend, après achèvement, un ouvrage qu'elle a construit ou fait construire ; 3° Toute personne qui, bien qu'agissant en qualité de mandataire du propriétaire de l'ouvrage, accomplit une mission assimilable à celle d'un locateur d'ouvrage.",1,0,0.0,Oui,Non,Non,0,0,4
21/00420__2025-05-13,37,1792-1,"En l’espèce, le désordre est imputable à la SARL [P] [U] ARCHITECTURE qui était titulaire d’une mission complète de conception et d’exécution.","Est réputé constructeur de l'ouvrage : 1° Tout architecte, entrepreneur, technicien ou autre personne liée au maître de l'ouvrage par un contrat de louage d'ouvrage ; 2° Toute personne qui vend, après achèvement, un ouvrage qu'elle a construit ou fait construire ; 3° Toute personne qui, bien qu'agissant en qualité de mandataire du propriétaire de l'ouvrage, accomplit une mission assimilable à celle d'un locateur d'ouvrage.",1,1,,Oui,Oui,,1,1,3
24/00343__2024-05-22,10,1792-1,"En l’occurrence il est justifié de ce que la société à responsabilité limitée COPIMOT avait la qualité de maître d'oeuvre d'exécution du projet de construction, par la production du contrat de maîtrise d'oeuvre d'exécution et de direction de travaux du 10 octobre 2017.","Est réputé constructeur de l'ouvrage : 1° Tout architecte, entrepreneur, technicien ou autre personne liée au maître de l'ouvrage par un contrat de louage d'ouvrage ; 2° Toute personne qui vend, après achèvement, un ouvrage qu'elle a construit ou fait construire ; 3° Toute personne qui, bien qu'agissant en qualité de mandataire du propriétaire de l'ouvrage, accomplit une mission assimilable à celle d'un locateur d'ouvrage.",1,1,,Oui,Oui,,1,1,0
23/05258__2024-12-23,87,1792-2,"Il explique notamment que le non-respect des 2cm minimum de lame d'air entre le dessous du support de couverture et le dessus de l'écran de sous-toiture (composant du complexe d'isolation TOP TOIT DUO) nécessite la dépose et repose de l'ensemble des tuiles et donc la réfection de tous les raccords et ouvrages techniques, afin de garantir la pérennité de l'ouvrage.","La présomption de responsabilité établie par l'article 1792 s'étend également aux dommages qui affectent la solidité des éléments d'équipement d'un ouvrage, mais seulement lorsque ceux-ci font indissociablement corps avec les ouvrages de viabilité, de fondation, d'ossature, de clos ou de couvert. Un élément d'équipement est considéré comme formant indissociablement corps avec l'un des ouvrages de viabilité, de fondation, d'ossature, de clos ou de couvert lorsque sa dépose, son démontage ou son remplacement ne peut s'effectuer sans détérioration ou enlèvement de matière de cet ouvrage.",1,0,0.0,Oui,Non,"Non, faits ou prétentions des parties uniquement",0,0,3
24/03430__2024-09-12,21,1792-2,"Toutefois, le vendeur conserve la charge des réparations relatives aux éléments porteurs concourant à la stabilité ou à la solidité du bâtiment ainsi qu'à tous autres éléments qui leur sont intégrés ou forment corps avec eux, et aux éléments qui assurent le clos, le couvert et l'étanchéité à l'exclusion de leurs parties mobiles.","La présomption de responsabilité établie par l'article 1792 s'étend également aux dommages qui affectent la solidité des éléments d'équipement d'un ouvrage, mais seulement lorsque ceux-ci font indissociablement corps avec les ouvrages de viabilité, de fondation, d'ossature, de clos ou de couvert. Un élément d'équipement est considéré comme formant indissociablement corps avec l'un des ouvrages de viabilité, de fondation, d'ossature, de clos ou de couvert lorsque sa dépose, son démontage ou son remplacement ne peut s'effectuer sans détérioration ou enlèvement de matière de cet ouvrage.",1,1,,Oui,Oui,,1,1,0
22/00763__2024-06-21,46,1792-2,"Ces éléments, non incorporés au gros œuvre des planchers et hourdis bien qu'intégrés dans le béton, apparaissent avoir été fixés dans un but de comblement de cet interstice, comme le révèle la présence d'un agrégat de matériaux et objets divers mis au jour après la dépose des matériaux amiantés.","La présomption de responsabilité établie par l'article 1792 s'étend également aux dommages qui affectent la solidité des éléments d'équipement d'un ouvrage, mais seulement lorsque ceux-ci font indissociablement corps avec les ouvrages de viabilité, de fondation, d'ossature, de clos ou de couvert. Un élément d'équipement est considéré comme formant indissociablement corps avec l'un des ouvrages de viabilité, de fondation, d'ossature, de clos ou de couvert lorsque sa dépose, son démontage ou son remplacement ne peut s'effectuer sans détérioration ou enlèvement de matière de cet ouvrage.",1,0,0.0,Oui,Non,"Non, faits ou prétentions des parties uniquement",0,0,4
24/00882__2024-09-30,4,1792-3,"Il est à rappeler que si les éléments d'équipement installés en remplacement ou par adjonction sur un ouvrage existant ne constituent pas en eux-mêmes un ouvrage, ils ne relèvent ni de la garantie décennale ni de la garantie biennale de bon fonctionnement, quel que soit le degré de gravité des désordres, mais de la responsabilité contractuelle de droit commun (Civ. 3, 21 mars 2024, 22-18.694).",Les autres éléments d'équipement de l'ouvrage font l'objet d'une garantie de bon fonctionnement d'une durée minimale de deux ans à compter de sa réception.,0,0,,Non,Non,,1,0,3
21/00420__2025-05-13,88,1792-6,"La réception est intervenue avec réserves le 20 décembre 2018, en présence du maître d’œuvre.L’architecte produit les courriers adressés aux entreprises concernées par les réserves à lever. Il apparait, en outre, à la lecture des premiers comptes-rendus de Monsieur [N] dans l’expertise ordonnée le 09 janvier 2020, que les réserves invoquées par le maître de l’ouvrage, ne sont pas lien avec celles mentionnées dans le procès-verbal de réception.","La réception est l'acte par lequel le maître de l'ouvrage déclare accepter l'ouvrage avec ou sans réserves. Elle intervient à la demande de la partie la plus diligente, soit à l'amiable, soit à défaut judiciairement. Elle est, en tout état de cause, prononcée contradictoirement. La garantie de parfait achèvement, à laquelle l'entrepreneur est tenu pendant un délai d'un an, à compter de la réception, s'étend à la réparation de tous les désordres signalés par le maître de l'ouvrage, soit au moyen de réserves mentionnées au procès-verbal de réception, soit par voie de notification écrite pour ceux révélés postérieurement à la réception. Les délais nécessaires à l'exécution des travaux de réparation sont fixés d'un commun accord par le maître de l'ouvrage et l'entrepreneur concerné. En l'absence d'un tel accord ou en cas d'inexécution dans le délai fixé, les travaux peuvent, après mise en demeure restée infructueuse, être exécutés aux frais et risques de l'entrepreneur défaillant. L'exécution des travaux exigés au titre de la garantie de parfait achèvement est constatée d'un commun accord, ou, à défaut, judiciairement. La garantie ne s'étend pas aux travaux nécessaires pour remédier aux effets de l'usure normale ou de l'usage.",1,1,,Oui,Oui,,1,1,3
23/00520__2025-04-11,1,1792-6,"Elle affirme qu'elle disposait d'un délai de 60 jours pour lever les réserves, que la réception est intervenue avec réserves le 30 juin 2021, qu'elle a levé les réserves et a adressé les quitus au maître d'œuvre et maître de l'ouvrage, qu'elle a notifié son mémoire de travaux le 19 novembre 2021, notification reçue les 23 et 30 novembre par le maître de l'ouvrage et le maître d'œuvre, puis, n'ayant pas reçu notification","La réception est l'acte par lequel le maître de l'ouvrage déclare accepter l'ouvrage avec ou sans réserves. Elle intervient à la demande de la partie la plus diligente, soit à l'amiable, soit à défaut judiciairement. Elle est, en tout état de cause, prononcée contradictoirement. La garantie de parfait achèvement, à laquelle l'entrepreneur est tenu pendant un délai d'un an, à compter de la réception, s'étend à la réparation de tous les désordres signalés par le maître de l'ouvrage, soit au moyen de réserves mentionnées au procès-verbal de réception, soit par voie de notification écrite pour ceux révélés postérieurement à la réception. Les délais nécessaires à l'exécution des travaux de réparation sont fixés d'un commun accord par le maître de l'ouvrage et l'entrepreneur concerné. En l'absence d'un tel accord ou en cas d'inexécution dans le délai fixé, les travaux peuvent, après mise en demeure restée infructueuse, être exécutés aux frais et risques de l'entrepreneur défaillant. L'exécution des travaux exigés au titre de la garantie de parfait achèvement est constatée d'un commun accord, ou, à défaut, judiciairement. La garantie ne s'étend pas aux travaux nécessaires pour remédier aux effets de l'usure normale ou de l'usage.",0,1,0.0,Non,Oui,"Non, faits ou prétentions des parties uniquement",0,0,2
22/06071__2025-04-11,11,1792-6,Il résulte du dossier qu’une réunion de réception a été organisée le 10 février 2021.Le procès-verbal du 10 février 2021 qui fait état d’un refus de réception du maître d’ouvrage avec une liste de réserves avec mise en demeure d’exécuter les travaux dans un délai déterminé doit néanmoins s’analyser en une réception globale de l’ouvrage avec réserves.,"La réception est l'acte par lequel le maître de l'ouvrage déclare accepter l'ouvrage avec ou sans réserves. Elle intervient à la demande de la partie la plus diligente, soit à l'amiable, soit à défaut judiciairement. Elle est, en tout état de cause, prononcée contradictoirement. La garantie de parfait achèvement, à laquelle l'entrepreneur est tenu pendant un délai d'un an, à compter de la réception, s'étend à la réparation de tous les désordres signalés par le maître de l'ouvrage, soit au moyen de réserves mentionnées au procès-verbal de réception, soit par voie de notification écrite pour ceux révélés postérieurement à la réception. Les délais nécessaires à l'exécution des travaux de réparation sont fixés d'un commun accord par le maître de l'ouvrage et l'entrepreneur concerné. En l'absence d'un tel accord ou en cas d'inexécution dans le délai fixé, les travaux peuvent, après mise en demeure restée infructueuse, être exécutés aux frais et risques de l'entrepreneur défaillant. L'exécution des travaux exigés au titre de la garantie de parfait achèvement est constatée d'un commun accord, ou, à défaut, judiciairement. La garantie ne s'étend pas aux travaux nécessaires pour remédier aux effets de l'usure normale ou de l'usage.",1,1,,Oui,Oui,,1,1,0
22/04099__2024-11-22,26,1792-6,"Sur les travaux de levée de réserve et de garantie de parfait achèvement La SCI FRANCONVILLE CERNAY 2 affirme que postérieurement au redressement judiciaire et pendant la période d’observation, elle a fait réaliser des travaux de levée de réserves et de garantie de parfait achèvement qui, initialement, relevaient des prestations confiées à la SAC. Elle verse aux débats plusieurs devis de la","La réception est l'acte par lequel le maître de l'ouvrage déclare accepter l'ouvrage avec ou sans réserves. Elle intervient à la demande de la partie la plus diligente, soit à l'amiable, soit à défaut judiciairement. Elle est, en tout état de cause, prononcée contradictoirement. La garantie de parfait achèvement, à laquelle l'entrepreneur est tenu pendant un délai d'un an, à compter de la réception, s'étend à la réparation de tous les désordres signalés par le maître de l'ouvrage, soit au moyen de réserves mentionnées au procès-verbal de réception, soit par voie de notification écrite pour ceux révélés postérieurement à la réception. Les délais nécessaires à l'exécution des travaux de réparation sont fixés d'un commun accord par le maître de l'ouvrage et l'entrepreneur concerné. En l'absence d'un tel accord ou en cas d'inexécution dans le délai fixé, les travaux peuvent, après mise en demeure restée infructueuse, être exécutés aux frais et risques de l'entrepreneur défaillant. L'exécution des travaux exigés au titre de la garantie de parfait achèvement est constatée d'un commun accord, ou, à défaut, judiciairement. La garantie ne s'étend pas aux travaux nécessaires pour remédier aux effets de l'usure normale ou de l'usage.",0,1,0.0,Non,Oui,"Non, faits ou prétentions des parties uniquement",0,0,3
22/06494__2024-11-29,48,1793,"S'agissant des travaux supplémentaires, la société MOOBI CONCEPTION ne verse aux débats aucun devis signé par le maître d'ouvrage ni aucun courriel faisant référence à l'acceptation par Monsieur [P] de travaux supplémentaires.De plus, la société MOOBI CONCEPTION ne rapporte pas la preuve que ces « travaux supplémentaires » auraient été réalisés.","Lorsqu'un architecte ou un entrepreneur s'est chargé de la construction à forfait d'un bâtiment, d'après un plan arrêté et convenu avec le propriétaire du sol, il ne peut demander aucune augmentation de prix, ni sous le prétexte de l'augmentation de la main-d'oeuvre ou des matériaux, ni sous celui de changements ou d'augmentations faits sur ce plan, si ces changements ou augmentations n'ont pas été autorisés par écrit, et le prix convenu avec le propriétaire.",1,1,,Oui,Oui,,1,1,1
23/02058__2024-04-26,39,1793,"La société GOTHAM ne verse aux débats aucun devis signé par les maîtres d'ouvrage ni aucun courriel faisant référence à l'acceptation par les époux [R] de travaux supplémentaires.De plus, la société GOTHAM ne rapporte pas la preuve que ces « travaux supplémentaires » auraient été réalisés.","Lorsqu'un architecte ou un entrepreneur s'est chargé de la construction à forfait d'un bâtiment, d'après un plan arrêté et convenu avec le propriétaire du sol, il ne peut demander aucune augmentation de prix, ni sous le prétexte de l'augmentation de la main-d'oeuvre ou des matériaux, ni sous celui de changements ou d'augmentations faits sur ce plan, si ces changements ou augmentations n'ont pas été autorisés par écrit, et le prix convenu avec le propriétaire.",1,1,,Oui,Oui,,1,1,0
20/05995__2024-09-20,78,1793,"Bien qu'il indique dans cette dernière note avoir donné, dès juillet 2018, un avis favorable aux travaux proposés par la société Pharmabois dans son devis, aucune autorisation expresse de la sorte ne figure toutefois dans la note aux parties n°2 dans laquelle il indique simplement que « Maître Champard a indiqué qu'un devis de renforcement du solivage mis à nu avait été chiffré par l'entreprise Pharmabois, devis n°230","Lorsqu'un architecte ou un entrepreneur s'est chargé de la construction à forfait d'un bâtiment, d'après un plan arrêté et convenu avec le propriétaire du sol, il ne peut demander aucune augmentation de prix, ni sous le prétexte de l'augmentation de la main-d'oeuvre ou des matériaux, ni sous celui de changements ou d'augmentations faits sur ce plan, si ces changements ou augmentations n'ont pas été autorisés par écrit, et le prix convenu avec le propriétaire.",0,1,0.0,Non,Oui,"Non, faits ou prétentions des parties uniquement",0,0,0
14/06713__2024-03-29,75,1793," établi par la maîtrise d’oeuvre et de la mission de validation des études d’exécution et notes de calcul reprises par le groupement d’entreprises Au vu de l’avenant n°2, dès lors qu’il a été fait droit à la demande de prise en charge des études d’exécution supplémentaires et où il est établi que la modification des lieux a nécessairement entraîné une modification du projet initialement établi, il convient de faire droit à la demande à hauteur de 40 % soit 6371,","Lorsqu'un architecte ou un entrepreneur s'est chargé de la construction à forfait d'un bâtiment, d'après un plan arrêté et convenu avec le propriétaire du sol, il ne peut demander aucune augmentation de prix, ni sous le prétexte de l'augmentation de la main-d'oeuvre ou des matériaux, ni sous celui de changements ou d'augmentations faits sur ce plan, si ces changements ou augmentations n'ont pas été autorisés par écrit, et le prix convenu avec le propriétaire.",1,1,,Oui,Oui,,1,1,2
22/03095__2025-02-14,32,1793,"La société CTLC fait valoir que le DGD produit par la demanderesse n’est signé ni par le maître d’œuvre, ni par le maître d’ouvrage, qu'il mentionne des travaux supplémentaires pour lesquels aucun justificatif n'est produit.","Lorsqu'un architecte ou un entrepreneur s'est chargé de la construction à forfait d'un bâtiment, d'après un plan arrêté et convenu avec le propriétaire du sol, il ne peut demander aucune augmentation de prix, ni sous le prétexte de l'augmentation de la main-d'oeuvre ou des matériaux, ni sous celui de changements ou d'augmentations faits sur ce plan, si ces changements ou augmentations n'ont pas été autorisés par écrit, et le prix convenu avec le propriétaire.",0,1,0.0,Non,Oui,"Non, faits ou prétentions des parties uniquement",0,0,2
23/02034__2024-04-26,9,1793,"En l'espèce, il n'est pas contesté par le maître de l'ouvrage que les factures des 18 mai et 15 juillet 2023 dont il est demandé, à titre provisionnel, le paiement, ont été visées par l'architecte chargé des travaux de construction.Par ailleurs, le devis intitulé "" devis complément par lot suite à l'augmentation des prix "" de 33.846 euros n'est pas signé par les parties ; il ne peut donc en être tenu compte.","Lorsqu'un architecte ou un entrepreneur s'est chargé de la construction à forfait d'un bâtiment, d'après un plan arrêté et convenu avec le propriétaire du sol, il ne peut demander aucune augmentation de prix, ni sous le prétexte de l'augmentation de la main-d'oeuvre ou des matériaux, ni sous celui de changements ou d'augmentations faits sur ce plan, si ces changements ou augmentations n'ont pas été autorisés par écrit, et le prix convenu avec le propriétaire.",1,1,,Oui,Oui,,1,1,2
22/13073__2025-05-27,54,1807,"Quoiqu’il en soit, le déclenchement de l’alerte n’a pas été précédemment considéré comme fautif, de sorte que le préjudice ne peut être imputé qu’à la diffusion élargie du 1er juin 2022.","Il n'est tenu du cas fortuit que lorsqu'il a été précédé de quelque faute de sa part, sans laquelle la perte ne serait pas arrivée.",0,0,,Non,Non,,1,0,4
19/08515__2024-02-27,27,1816,"Il en résulte que Madame [W] n’a pas besoin de l’autorisation de la bailleresse pour l’exercer et qu’il ne peut lui être reproché une infraction à la destination du bail commercial. En conclusion, la SCI SAINT-JEAN sera déboutée de sa demande tendant à voir constater la résiliation du bail par acquisition de la clause résolutoire.",Le bailleur peut en demander plus tôt la résolution si le preneur ne remplit pas ses obligations.,0,0,,Non,Non,,1,0,0
24/02669__2024-07-02,5,1816," du 6 juillet 1989, qui dispose que le locataire ne peut ni céder le contrat de location, ni sous-louer le logement sauf avec l'accord écrit du bailleur. Enfin, il convient de rappeler qu'il appartient à celui qui se prévaut de la résiliation judiciaire du contrat de rapporter la preuve du manquement et de justifier de sa gravité suffisante à entraîner la résiliation du contrat de bail aux torts du locataire et son expulsion des lieux.",Le bailleur peut en demander plus tôt la résolution si le preneur ne remplit pas ses obligations.,0,0,,Non,Non,,1,0,3
24/01130__2024-12-03,28,1816,"En l'espèce, le locataire n'a pas justifié de l'accomplissement de son obligation de s'assurer mais la résiliation du bail étant fondée sur ce motif, il convient de rejeter la demande de production de l'attestation d'assurance sous astreinte.IV.",Le bailleur peut en demander plus tôt la résolution si le preneur ne remplit pas ses obligations.,0,0,,Non,Non,,1,0,4
22/05971__2023-12-20,5,1816," S.A.R.L. MERCI JÉRÔME ITALIENS, également bénéficiaire d'un bail commercial à la même adresse, aux fins notamment de leur voir ordonné de cesser l'activité de cette dernière, en ce qu'elle serait exercée en violation de ladite clause d'exclusivité, et, à défaut de cessation, que leur bail soit résilié, ainsi qu'aux fins d'indemnisation du",Le bailleur peut en demander plus tôt la résolution si le preneur ne remplit pas ses obligations.,0,0,,Non,Non,,1,0,4
24/07289__2025-03-19,9,1831-1,"En effet, dès lors que la SCI LE MERCURE n’est pas un professionnel de l’immobilier tel qu’un promoteur ou un entrepreneur en construction, il ne peut-être tenu à une obligation d’édification d’un ouvrage collectif à la copropriété à laquelle il appartient en qualité de copropriétaire seulement.","Le contrat de promotion immobilière est un mandat d'intérêt commun par lequel une personne dite "" promoteur immobilier "" s'oblige envers le maître d'un ouvrage à faire procéder, pour un prix convenu, au moyen de contrats de louage d'ouvrage, à la réalisation d'un programme de construction d'un ou de plusieurs édifices ainsi qu'à procéder elle-même ou à faire procéder, moyennant une rémunération convenue, à tout ou partie des opérations juridiques, administratives et financières concourant au même objet. Ce promoteur est garant de l'exécution des obligations mises à la charge des personnes avec lesquelles il a traité au nom du maître de l'ouvrage. Il est notamment tenu des obligations résultant des articles 1792 , 1792-1 , 1792-2 et 1792-3 du présent code. Si le promoteur s'engage à exécuter lui-même partie des opérations du programme, il est tenu, quant à ces opérations, des obligations d'un locateur d'ouvrage.",0,1,0.0,Non,Oui,Non,0,0,4
16/10551__2025-01-07,24,1831-1,"A l'argument adverse selon lequel il s'agit d'une responsabilité pour faute prouvée, la demanderesse rappelle que le promoteur est tenu des garanties légales qui n'exigent aucune faute, et qu'en toute hypothèse, il a commis une faute en ne respectant pas ses engagements contractuels.","Le contrat de promotion immobilière est un mandat d'intérêt commun par lequel une personne dite "" promoteur immobilier "" s'oblige envers le maître d'un ouvrage à faire procéder, pour un prix convenu, au moyen de contrats de louage d'ouvrage, à la réalisation d'un programme de construction d'un ou de plusieurs édifices ainsi qu'à procéder elle-même ou à faire procéder, moyennant une rémunération convenue, à tout ou partie des opérations juridiques, administratives et financières concourant au même objet. Ce promoteur est garant de l'exécution des obligations mises à la charge des personnes avec lesquelles il a traité au nom du maître de l'ouvrage. Il est notamment tenu des obligations résultant des articles 1792 , 1792-1 , 1792-2 et 1792-3 du présent code. Si le promoteur s'engage à exécuter lui-même partie des opérations du programme, il est tenu, quant à ces opérations, des obligations d'un locateur d'ouvrage.",0,0,,Non,Non,,1,0,1
21/00236__2024-12-19,3,1832,"Ainsi, pour apprécier du juste motif la juridiction doit analyser quelle était la volonté des associés lors de la constitution des SCI, volonté qui s’inscrit en l’espèce dans un projet professionnel où divers praticiens se sont unis pour permettre un exercice de l’art médical au sein de structures immobilières adaptées.","La société est instituée par deux ou plusieurs personnes qui conviennent par un contrat d'affecter à une entreprise commune des biens ou leur industrie  en vue de partager le bénéfice ou de profiter de l'économie qui pourra en résulter. Elle peut être instituée, dans les cas prévus par la loi, par l'acte de volonté d'une seule personne. Les associés s'engagent à contribuer aux pertes.",1,1,,Oui,Oui,,1,1,0
21/08818__2023-12-21,44,1833,Monsieur [I] [X] conteste la possibilité même d'une responsabilité sans faute en matière d'administration provisoire; il soutient que la règle est invoquée à mauvais escient et ne peut trouver à s’appliquer en l'espèce et relève que l'hypothèse émise par la société NEW PLV s'avérerait délétère dans la mesure où elle aurait un sévère effet inhibant tant pour l'associé soucieux de préserver l'intérêt social qui est le seul,"Toute société doit avoir un objet licite et être constituée dans l'intérêt commun des associés. La société est gérée dans son intérêt social, en prenant en considération les enjeux sociaux et environnementaux de son activité.",0,1,0.0,Non,Oui,"Non, faits ou prétentions des parties uniquement",0,0,0
21/05334__2024-08-01,4,1833,"L'abus de majorité est défini comme le fait, pour les copropriétaires majoritaires, à user de leurs droits sans profit pour eux-mêmes et dans l'intention de nuire ou dans un but autre que celui pour lequel le droit lui a été réservé ou attribué.Cela concerne une décision contraire à l'intérêt collectif et dans un intérêt distinct de celui-ci, voire une décision prise au profit exclusif d'un nombre restreint de personnes ou qui n'est motivée par aucun élément objectif.","Toute société doit avoir un objet licite et être constituée dans l'intérêt commun des associés. La société est gérée dans son intérêt social, en prenant en considération les enjeux sociaux et environnementaux de son activité.",0,1,0.0,Non,Oui,"Non, application d’un régime spécial",0,0,2
22/01314__2025-04-04,24,1833,"Il est constant que l’obligation pour le gérant de se consacrer à la gestion de procédures contentieuses au détriment des autres tâches de gestion et de développement de sa société crée nécessairement un préjudice à son officine, dont le développement pâtit de cette situation.","Toute société doit avoir un objet licite et être constituée dans l'intérêt commun des associés. La société est gérée dans son intérêt social, en prenant en considération les enjeux sociaux et environnementaux de son activité.",0,0,,Non,Non,,1,0,1
23/11129__2025-01-08,5,1835,"S'agissant d'une personne morale, si le lieu où elle est établie est en principe le siège social fixé par les statuts, il peut également s'agir d'une succursale ou d'une agence ayant le pouvoir de la représenter à l'égard des tiers en application de la théorie prétorienne dite des gares principales.","Les statuts doivent être établis par écrit. Ils déterminent, outre les apports de chaque associé, la forme, l'objet, l'appellation, le siège social, le capital social, la durée de la société et les modalités de son fonctionnement. Les statuts peuvent préciser une raison d'être, constituée des principes dont la société se dote et pour le respect desquels elle entend affecter des moyens dans la réalisation de son activité.",1,1,,Oui,Oui,,1,1,4
22/04790__2024-06-10,15,1836,[P] [O] fait valoir que les actes de cession des parts sociales n’ont pas été suivis d’effet et que les associés initiaux de la SCI [10] ont continué à se comporter comme tels et qu’en 2021 ils ont tous été convoqués à l’assemblée générale pour désigner un nouveau gérant.,"Les statuts ne peuvent être modifiés, à défaut de clause contraire, que par accord unanime des associés. En aucun cas, les engagements d'un associé ne peuvent être augmentés sans le consentement de celui-ci.",0,0,,Non,Non,,1,0,1
22/03640__2024-07-02,85,1836,"Les décisions prises par l'assemblée générale sont susceptibles de nullité dès lors que les statuts n’ont pas été respectés, aucun grief n'étant alors à établir, mais aussi lorsqu’une décision excède l’objet de l’association, impose une modification irrégulière de la répartition des charges ou augmente les engagements de l’un de ses membres sans son consentement.","Les statuts ne peuvent être modifiés, à défaut de clause contraire, que par accord unanime des associés. En aucun cas, les engagements d'un associé ne peuvent être augmentés sans le consentement de celui-ci.",1,1,,Oui,Oui,,1,1,4
23/00696__2024-06-11,1,1837,"Il est constant que la Société TUNISAIR a son siège social établi à [Localité 5], lequel constitue également son autorité centrale et son principal établissement, de sorte qu’elle n’est pas domiciliée sur le territoire français, au sens des dispositions susvisées.","Toute société dont le siège est situé sur le territoire français est soumise aux dispositions de la loi française. Les tiers peuvent se prévaloir du siège statutaire, mais celui-ci ne leur est pas opposable par la société si le siège réel est situé en un autre lieu.",0,1,0.0,Non,Oui,"Non, application d’un régime spécial",0,0,1
18/01766__2024-02-13,6,1843-2,"Le capital social a ainsi été fixé à 715.000 francs et divisé en 7.150 parts sociales d’un montant nominal de 100 francs chacune, réparties entre les associés en proportion de leurs apports respectifs, soit : - [Y] [A] : 3850 parts, - [M] [O] : 2750 parts,  - [L] [F] : 275 parts, - [I] [F] : 275 parts.","Les droits de chaque associé dans le capital social sont proportionnels à ses apports lors de la constitution de la société ou au cours de l'existence de celle-ci. Les apports en industrie ne concourent pas à la formation du capital social mais donnent lieu à l'attribution de parts ouvrant droit au partage des bénéfices et de l'actif net, à charge de contribuer aux pertes.",1,1,,Oui,Oui,,1,1,3
23/02956__2025-01-31,11,1843-2,"Il ressort des statuts de la SCI BENGEO que le capital social est divisé en 120 parts de 10€ chacune attribués aux associés, à savoir à Madame [P] [Z] à concurrence de 1 part et à Monsieur [U] [L] à concurrence de 119 parts.","Les droits de chaque associé dans le capital social sont proportionnels à ses apports lors de la constitution de la société ou au cours de l'existence de celle-ci. Les apports en industrie ne concourent pas à la formation du capital social mais donnent lieu à l'attribution de parts ouvrant droit au partage des bénéfices et de l'actif net, à charge de contribuer aux pertes.",1,1,,Oui,Oui,,1,1,0
21/01410__2024-12-17,23,1843-2,"resse 11], et que s'agissant d'une société civile, les associés de la SCI LYA devaient contribuer à ses pertes.","Les droits de chaque associé dans le capital social sont proportionnels à ses apports lors de la constitution de la société ou au cours de l'existence de celle-ci. Les apports en industrie ne concourent pas à la formation du capital social mais donnent lieu à l'attribution de parts ouvrant droit au partage des bénéfices et de l'actif net, à charge de contribuer aux pertes.",0,0,,Non,Non,,1,0,1
24/01570__2024-10-31,5,1843-2,"Il convient donc de condamner les associés, à proportion de leurs parts dans la société, soit 60% pour Monsieur [O] [W] et 40% pour Monsieur [J] [W], à payer au syndicat des copropriétaires de la RESIDENCE LES LETTRES, sise [Adresse 8], agissant par la S.A.R.L. MN ","Les droits de chaque associé dans le capital social sont proportionnels à ses apports lors de la constitution de la société ou au cours de l'existence de celle-ci. Les apports en industrie ne concourent pas à la formation du capital social mais donnent lieu à l'attribution de parts ouvrant droit au partage des bénéfices et de l'actif net, à charge de contribuer aux pertes.",0,1,0.0,Non,Oui,Non,0,0,0
23/56800__2023-12-21,6,1843-2,"Il ressort du procès-verbal de l’assemblée générale ordinaire du 24 mai 2023 que les associés, à l’unanimité, ont notamment donné quitus à Maître [L] [B] ès qualités de sa gestion pour l’exercice clos le 31 décembre 2022, décidé de répartir le bénéfice de l’exercice clos au 31 décembre 2022 au prorata des droits sociaux des associés, soit, pour Madame [G] [V], titulaire de 5","Les droits de chaque associé dans le capital social sont proportionnels à ses apports lors de la constitution de la société ou au cours de l'existence de celle-ci. Les apports en industrie ne concourent pas à la formation du capital social mais donnent lieu à l'attribution de parts ouvrant droit au partage des bénéfices et de l'actif net, à charge de contribuer aux pertes.",0,1,0.0,Non,Oui,"Non, faits ou prétentions des parties uniquement",0,0,2
21/08818__2023-12-21,57,1843-5,"Elle a donc comme le rappelle monsieur [I] [X] pour objet de préserver l'intérêt social. En l'espèce ni monsieur [X] ni maître [F] [A] aux droits et obligations de qui vient la SELARL ARVA n'ont, dans le cadre d'une telle instance, la qualité de créancier de la société NEW PLV, le premier étant associé de cette société, la","Outre l'action en réparation du préjudice subi personnellement, un ou plusieurs associés peuvent intenter l'action sociale en responsabilité contre les gérants. Les demandeurs sont habilités à poursuivre la réparation du préjudice subi par la société ; en cas de condamnation, les dommages-intérêts sont alloués à la société. Est réputée non écrite toute clause des statuts ayant pour effet de subordonner l'exercice de l'action sociale à l'avis préalable ou à l'autorisation de l'assemblée ou qui comporterait par avance renonciation à l'exercice de cette action. Aucune décision de l'assemblée des associés ne peut avoir pour effet d'éteindre une action en responsabilité contre les gérants pour la faute commise dans l'accomplissement de leur mandat.",0,0,,Non,Non,,1,0,0
22/06564__2025-02-24,14,1844,"En l’espèce, Monsieur [E] [W] conteste d’une part les résolutions adoptées lors de l’assemblée générale du 07 avril 2022 ayant abouti à la perte de son pouvoir de représentation des nus-propriétaires en raison d’une modification des statuts en ce sens ainsi que la nomination d’un co-gérant à ses côtés en la personne de Monsieur [B] [W], et d’autre part les résolutions adoptées lors de l’assemblée","Tout associé a le droit de participer aux décisions collectives. Les copropriétaires d'une part sociale indivise sont représentés par un mandataire unique, choisi parmi les indivisaires ou en dehors d'eux. En cas de désaccord, le mandataire sera désigné en justice à la demande du plus diligent. Si une part est grevée d'un usufruit, le nu-propriétaire et l'usufruitier ont le droit de participer aux décisions collectives. Le droit de vote appartient au nu-propriétaire, sauf pour les décisions concernant l'affectation des bénéfices, où il est réservé à l'usufruitier. Toutefois, pour les autres décisions, le nu-propriétaire et l'usufruitier peuvent convenir que le droit de vote sera exercé par l'usufruitier. Les statuts peuvent déroger aux dispositions du deuxième alinéa et de la seconde phrase du troisième alinéa.",0,1,0.0,Non,Oui,"Non, faits ou prétentions des parties uniquement",0,0,4
24/01570__2024-10-31,5,1844-1,"Il convient donc de condamner les associés, à proportion de leurs parts dans la société, soit 60% pour Monsieur [O] [W] et 40% pour Monsieur [J] [W], à payer au syndicat des copropriétaires de la RESIDENCE LES LETTRES, sise [Adresse 8], agissant par la S.A.R.L. MN ","La part de chaque associé dans les bénéfices et sa contribution aux pertes se déterminent à proportion de sa part dans le capital social et la part de l'associé qui n'a apporté que son industrie est égale à celle de l'associé qui a le moins apporté, le tout sauf clause contraire. Toutefois, la stipulation attribuant à un associé la totalité du profit procuré par la société ou l'exonérant de la totalité des pertes, celle excluant un associé totalement du profit ou mettant à sa charge la totalité des pertes sont réputées non écrites.",1,1,,Oui,Oui,,1,1,0
23/00564__2023-12-19,8,1844-1,"Il y a donc lieu d'accorder à la société EXQUISSE une provision à hauteur de 12 132,24 euros, déduction faite de la somme de 932,24 euros recouvrés dans le cadre de la procédure de saisie-attribution, et répartie entre M. [W], Mme [Z] et la société MAXIM à proportion des parts sociales détenues par chacun d’eux, soit pour M. [W] la","La part de chaque associé dans les bénéfices et sa contribution aux pertes se déterminent à proportion de sa part dans le capital social et la part de l'associé qui n'a apporté que son industrie est égale à celle de l'associé qui a le moins apporté, le tout sauf clause contraire. Toutefois, la stipulation attribuant à un associé la totalité du profit procuré par la société ou l'exonérant de la totalité des pertes, celle excluant un associé totalement du profit ou mettant à sa charge la totalité des pertes sont réputées non écrites.",1,1,,Oui,Oui,,1,1,0
20/08044__2024-09-26,16,1844-10,"En réplique, les défendeurs soutiennent en premier lieu que les règles statutaires en matière de convocation ne sont pas prescrites à peine de nullité, de sorte que la nullité des convocations litigieuses ne saurait être prononcée et, soutenant qu’il incombe au demandeur de démontrer le non-respect du formalisme applicables aux convocations, ils concluent au rejet de la demande d'injonction de production de la convocation litigieuse, qui n’a selon eux que pour objet de suppléer la carence du demandeur dans l'administration de la preuve.","La nullité de la société ne peut résulter que de la violation des dispositions de l'article 1832 et du premier alinéa des articles 1832-1 et 1833 , ou de l'une des causes de nullité des contrats en général. Toute clause statutaire contraire à une disposition impérative du présent titre dont la violation n'est pas sanctionnée par la nullité de la société, est réputée non écrite. La nullité des actes ou délibérations des organes de la société ne peut résulter que de la violation d'une disposition impérative du présent titre, à l'exception du dernier alinéa de l'article 1833, ou de l'une des causes de nullité des contrats en général.",0,1,0.0,Non,Oui,"Non, faits ou prétentions des parties uniquement",0,0,3
22/12980__2024-02-16,17,1844-11,"L’irrégularité de fond invoquée est donc couverte à ce jour dès lors que l’UMIH 27 justifie du pouvoir de son président pour poursuivre la présente instance, de sorte que la nullité ne sera pas prononcée.","L'action en nullité est éteinte lorsque la cause de la nullité a cessé d'exister le jour où le tribunal statue sur le fond en première instance, sauf si cette nullité est fondée sur l'illicéité de l'objet social.",0,1,0.0,Non,Oui,Non,0,0,0
24/01092__2025-02-06,8,1844-11,"Cependant, cette nullité a été couverte avant tout jugement au fond et en première instance par l'acte de commissaire de justice du 9 août 2024, remis à personne morale, par lequel le bailleur a dénoncé l'assignation remise à la locataire et a cité le curateur à comparaître à l'audience du 15 octobre 2024.Il y a donc lieu de déclarer l'assignation valablement introduite et de rejeter la demande de nullité.","L'action en nullité est éteinte lorsque la cause de la nullité a cessé d'exister le jour où le tribunal statue sur le fond en première instance, sauf si cette nullité est fondée sur l'illicéité de l'objet social.",0,0,,Non,Non,,1,0,4
19/13743__2024-06-27,13,1844-11,"Le défaut d'habilitation du syndic constitue un défaut de pouvoir, sanctionné par une nullité de fond, l'exception de nullité pouvant être écartée si a cause de celle-ci a disparu au moment où le juge statue, à condition que cette nullité soit susceptible d'être couverte.","L'action en nullité est éteinte lorsque la cause de la nullité a cessé d'exister le jour où le tribunal statue sur le fond en première instance, sauf si cette nullité est fondée sur l'illicéité de l'objet social.",0,0,,Non,Non,,1,0,2
23/00375__2024-05-07,40,1844-4,"A ce titre, la société MCS et Associés produit un traité de fusion entre la société MCS et Associés, en qualité de société absorbante, et la société DSO Capital, en qualité de société absorbée, en date du 18 novembre 2019.","Une société, même en liquidation, peut être absorbée par une autre société ou participer à la constitution d'une société nouvelle, par voie de fusion. Elle peut aussi transmettre son patrimoine par voie de scission à des sociétés existantes ou à des sociétés nouvelles. Ces opérations peuvent intervenir entre des sociétés de forme différente. Elles sont décidées, par chacune des sociétés intéressées, dans les conditions requises pour la modification de ses statuts. Si l'opération comporte la création de sociétés nouvelles, chacune de celles-ci est constituée selon les règles propres à la forme de société adoptée.",1,1,,Oui,Oui,,1,1,1
23/08677__2024-10-17,9,1844-5,"L’extrait Kbis du registre du commerce et des sociétés de [Localité 5] métropole (PC 5) mentionne que l’associé unique de la société SP Immo de Tourcoing a décidé le 1er juin 2021d’une dissolution avec transmission universelle du patrimoine à la société My immo siégeant [Adresse 1] à [Localité 5], la société ayant ensuite fait l’objet d’une radiation le 2 août 20","La réunion de toutes les parts sociales en une seule main n'entraîne pas la dissolution de plein droit de la société. Tout intéressé peut demander cette dissolution si la situation n'a pas été régularisée dans le délai d'un an. Le tribunal peut accorder à la société un délai maximal de six mois pour régulariser la situation. Il ne peut prononcer la dissolution si, au jour où il statue sur le fond, cette régularisation a eu lieu. L'appartenance de l'usufruit de toutes les parts sociales à la même personne est sans conséquence sur l'existence de la société. En cas de dissolution, celle-ci entraîne la transmission universelle du patrimoine de la société à l'associé unique, sans qu'il y ait lieu à liquidation. Les créanciers peuvent faire opposition à la dissolution dans le délai de trente jours à compter de la publication de celle-ci. Une décision de justice rejette l'opposition ou ordonne soit le remboursement des créances, soit la constitution de garanties si la société en offre et si elles sont jugées suffisantes. La transmission du patrimoine n'est réalisée et il n'y a disparition de la personne morale qu'à l'issue du délai d'opposition ou, le cas échéant, lorsque l'opposition a été rejetée en première instance ou que le remboursement des créances a été effectué ou les garanties constituées. Les dispositions du troisième alinéa ne sont pas applicables aux sociétés dont l'associé unique est une personne physique.",1,1,,Oui,Oui,,1,1,2
23/02021__2024-11-05,9,1844-7,"La seule cessation d'activité d'une société sans disparition de la personne morale n'a aucun effet sur l'affiliation à la sécurité sociale des indépendants, y compris en l'absence de rémunération.Celle-ci reste donc redevable des cotisations personnelles qui lui ont été réclamées et ce jusqu'à la liquidation judiciaire de la société.","La société prend fin : 1° Par l'expiration du temps pour lequel elle a été constituée, sauf prorogation effectuée conformément à l'article 1844-6 ; 2° Par la réalisation ou l'extinction de son objet ; 3° Par l'annulation du contrat de société ; 4° Par la dissolution anticipée décidée par les associés ; 5° Par la dissolution anticipée prononcée par le tribunal à la demande d'un associé pour justes motifs, notamment en cas d'inexécution de ses obligations par un associé, ou de mésentente entre associés paralysant le fonctionnement de la société ; 6° Par la dissolution anticipée prononcée par le tribunal dans le cas prévu à l'article 1844-5 ; 7° Par l'effet d'un jugement ordonnant  la clôture de la liquidation judiciaire pour insuffisance d'actif ; 8° Pour toute autre cause prévue par les statuts.",1,0,0.0,Oui,Non,Non,0,0,3
23/08677__2024-10-17,9,1844-7,"L’extrait Kbis du registre du commerce et des sociétés de [Localité 5] métropole (PC 5) mentionne que l’associé unique de la société SP Immo de Tourcoing a décidé le 1er juin 2021d’une dissolution avec transmission universelle du patrimoine à la société My immo siégeant [Adresse 1] à [Localité 5], la société ayant ensuite fait l’objet d’une radiation le 2 août 20","La société prend fin : 1° Par l'expiration du temps pour lequel elle a été constituée, sauf prorogation effectuée conformément à l'article 1844-6 ; 2° Par la réalisation ou l'extinction de son objet ; 3° Par l'annulation du contrat de société ; 4° Par la dissolution anticipée décidée par les associés ; 5° Par la dissolution anticipée prononcée par le tribunal à la demande d'un associé pour justes motifs, notamment en cas d'inexécution de ses obligations par un associé, ou de mésentente entre associés paralysant le fonctionnement de la société ; 6° Par la dissolution anticipée prononcée par le tribunal dans le cas prévu à l'article 1844-5 ; 7° Par l'effet d'un jugement ordonnant  la clôture de la liquidation judiciaire pour insuffisance d'actif ; 8° Pour toute autre cause prévue par les statuts.",1,1,,Oui,Oui,,1,1,2
24/57232__2025-01-30,14,1844-8,Un administrateur provisoire peut également être nommé pour liquider les dettes d’un syndicat en cas d’expropriation ou de dissolution du syndicat.La personnalité morale du syndicat exproprié ou dissous subsiste pour les besoins de la liquidation des dettes jusqu’à ce que le président du tribunal judiciaire mette fin à la mission de l’administrateur provisoire.,"La dissolution de la société entraîne sa liquidation, hormis les cas prévus à l'article 1844-4 et au troisième alinéa de l'article 1844-5 . Elle n'a d'effet à l'égard des tiers qu'après sa publication. Le liquidateur est nommé conformément aux dispositions des statuts. Dans le silence de ceux-ci, il est nommé par les associés ou, si les associés n'ont pu procéder à cette nomination, par décision de justice. Le liquidateur peut être révoqué dans les mêmes conditions. La nomination et la révocation ne sont opposables aux tiers qu'à compter de leur publication. Ni la société ni les tiers ne peuvent, pour se soustraire à leurs engagements, se prévaloir d'une irrégularité dans la nomination ou dans la révocation du liquidateur, dès lors que celle-ci a été régulièrement publiée. La personnalité morale de la société subsiste pour les besoins de la liquidation jusqu'à la publication de la clôture de celle-ci. Si la clôture de la liquidation n'est pas intervenue dans un délai de trois ans à compter de la dissolution, le ministère public ou tout intéressé peut saisir le tribunal, qui fait procéder à la liquidation ou, si celle-ci a été commencée, à son achèvement.",0,1,0.0,Non,Oui,"Non, application d’un régime spécial",0,0,4
22/03740__2025-01-31,6,1844-8,"En tout état de cause, la SARL INFINIM PROVENCE a été déchargée de son mandat selon la résolution n°4 du procès-verbal d’assemblée générale du 28 janvier 2022, au terme de laquelle les associés ont déchargé le liquidateur de son mandat, celui-ci conservant simplement le pouvoir d’effectuer la demande de radiation du Registre du commerce et des sociétés et d’accomplir ou","La dissolution de la société entraîne sa liquidation, hormis les cas prévus à l'article 1844-4 et au troisième alinéa de l'article 1844-5 . Elle n'a d'effet à l'égard des tiers qu'après sa publication. Le liquidateur est nommé conformément aux dispositions des statuts. Dans le silence de ceux-ci, il est nommé par les associés ou, si les associés n'ont pu procéder à cette nomination, par décision de justice. Le liquidateur peut être révoqué dans les mêmes conditions. La nomination et la révocation ne sont opposables aux tiers qu'à compter de leur publication. Ni la société ni les tiers ne peuvent, pour se soustraire à leurs engagements, se prévaloir d'une irrégularité dans la nomination ou dans la révocation du liquidateur, dès lors que celle-ci a été régulièrement publiée. La personnalité morale de la société subsiste pour les besoins de la liquidation jusqu'à la publication de la clôture de celle-ci. Si la clôture de la liquidation n'est pas intervenue dans un délai de trois ans à compter de la dissolution, le ministère public ou tout intéressé peut saisir le tribunal, qui fait procéder à la liquidation ou, si celle-ci a été commencée, à son achèvement.",1,1,,Oui,Oui,,1,1,2
24/07540__2025-04-02,6,1844-8,"ENTS DE SOL ET DES RISQUES NATURELS, a fait l'objet d'une dissolution sans liquidation avec transmission universelle de son patrimoine à la société GINGER CEBTP.","La dissolution de la société entraîne sa liquidation, hormis les cas prévus à l'article 1844-4 et au troisième alinéa de l'article 1844-5 . Elle n'a d'effet à l'égard des tiers qu'après sa publication. Le liquidateur est nommé conformément aux dispositions des statuts. Dans le silence de ceux-ci, il est nommé par les associés ou, si les associés n'ont pu procéder à cette nomination, par décision de justice. Le liquidateur peut être révoqué dans les mêmes conditions. La nomination et la révocation ne sont opposables aux tiers qu'à compter de leur publication. Ni la société ni les tiers ne peuvent, pour se soustraire à leurs engagements, se prévaloir d'une irrégularité dans la nomination ou dans la révocation du liquidateur, dès lors que celle-ci a été régulièrement publiée. La personnalité morale de la société subsiste pour les besoins de la liquidation jusqu'à la publication de la clôture de celle-ci. Si la clôture de la liquidation n'est pas intervenue dans un délai de trois ans à compter de la dissolution, le ministère public ou tout intéressé peut saisir le tribunal, qui fait procéder à la liquidation ou, si celle-ci a été commencée, à son achèvement.",0,0,,Non,Non,,1,0,2
18/00670__2024-05-14,38,1844-8,"Il convient toutefois de relever que la société est représentée par Me [J] qui a été désignée non pas comme administrateur mais comme mandataire ad hoc de la société pour la représenter dans la présente procédure suivant ordonnance rendue le 11 octobre 2022 par le tribunal de commerce de Marseille, ce qui signifie que les opérations de liquidation ont été clôturées et que la société a été radiée du registre du commerce et des sociétés de sorte qu'elle n'a plus de personnalité juridique.","La dissolution de la société entraîne sa liquidation, hormis les cas prévus à l'article 1844-4 et au troisième alinéa de l'article 1844-5 . Elle n'a d'effet à l'égard des tiers qu'après sa publication. Le liquidateur est nommé conformément aux dispositions des statuts. Dans le silence de ceux-ci, il est nommé par les associés ou, si les associés n'ont pu procéder à cette nomination, par décision de justice. Le liquidateur peut être révoqué dans les mêmes conditions. La nomination et la révocation ne sont opposables aux tiers qu'à compter de leur publication. Ni la société ni les tiers ne peuvent, pour se soustraire à leurs engagements, se prévaloir d'une irrégularité dans la nomination ou dans la révocation du liquidateur, dès lors que celle-ci a été régulièrement publiée. La personnalité morale de la société subsiste pour les besoins de la liquidation jusqu'à la publication de la clôture de celle-ci. Si la clôture de la liquidation n'est pas intervenue dans un délai de trois ans à compter de la dissolution, le ministère public ou tout intéressé peut saisir le tribunal, qui fait procéder à la liquidation ou, si celle-ci a été commencée, à son achèvement.",1,0,0.0,Oui,Non,Non,0,0,0
22/04790__2024-06-10,10,1845-1,"Son capital de 1.000 euros divisé en 1.000 parts sociales était ainsi réparti : [E] [F] veuve [O] : 250 parts sociales (soit 25 % du capital) ; [P] [O] : 125 parts sociales (soit 12,5 % du capital) ; [E] [S], (épouse de [P] [O]) : 125 parts sociales (soit 12,5 % du capital) ; [T] [O] : 125 parts",Le capital est divisé en parts égales. Les dispositions du chapitre Ier du titre III du livre II du code de commerce relatives au capital variable des sociétés sont applicables aux sociétés civiles.,1,1,,Oui,Oui,,1,1,1
18/01766__2024-02-13,6,1845-1,"Le capital social a ainsi été fixé à 715.000 francs et divisé en 7.150 parts sociales d’un montant nominal de 100 francs chacune, réparties entre les associés en proportion de leurs apports respectifs, soit : - [Y] [A] : 3850 parts, - [M] [O] : 2750 parts,  - [L] [F] : 275 parts, - [I] [F] : 275 parts.",Le capital est divisé en parts égales. Les dispositions du chapitre Ier du titre III du livre II du code de commerce relatives au capital variable des sociétés sont applicables aux sociétés civiles.,1,1,,Oui,Oui,,1,1,3
22/04790__2024-06-10,11,1845-1," sociales (soit 12,5 % du capital) ; [M] [H] (concubine de Monsieur [T] [O]) : 125 parts sociales (soit 12,5 % du capital) [L] [O] : 125 parts sociales (soit 12,5 % du capital) [W] [B] (ex-épouse de [L] [O]) : 125 parts sociales (soit 12,5 % du capital).",Le capital est divisé en parts égales. Les dispositions du chapitre Ier du titre III du livre II du code de commerce relatives au capital variable des sociétés sont applicables aux sociétés civiles.,1,1,,Oui,Oui,,1,1,1
24/04046__2025-03-05,23,1846-2,"Ni la société ni les tiers ne peuvent, pour se soustraire à leurs engagements, se prévaloir d'une irrégularité dans la nomination ou dans la révocation du liquidateur, dès lors que celle-ci a été régulièrement publiée.La personnalité morale de la société subsiste pour les besoins de la liquidation jusqu'à la publication de la clôture de celle-ci.","La nomination et la cessation de fonction des gérants doivent être publiées. Ni la société, ni les tiers ne peuvent, pour se soustraire à leurs engagements, se prévaloir d'une irrégularité dans la nomination des gérants ou dans la cessation de leur fonction, dès lors que ces décisions ont été régulièrement publiées.",0,0,,Non,Non,,1,0,0
22/04790__2024-06-10,15,1846-2,[P] [O] fait valoir que les actes de cession des parts sociales n’ont pas été suivis d’effet et que les associés initiaux de la SCI [10] ont continué à se comporter comme tels et qu’en 2021 ils ont tous été convoqués à l’assemblée générale pour désigner un nouveau gérant.,"La nomination et la cessation de fonction des gérants doivent être publiées. Ni la société, ni les tiers ne peuvent, pour se soustraire à leurs engagements, se prévaloir d'une irrégularité dans la nomination des gérants ou dans la cessation de leur fonction, dès lors que ces décisions ont été régulièrement publiées.",0,0,,Non,Non,,1,0,1
21/00907__2024-10-24,21,1848,"» Qu’en l’espèce, M. [N] [Y], gérant de la SCI Thalia, a pris des décisions unilatérales au mépris des dispositions statutaires délimitant les pouvoirs du gérant.","Dans les rapports entre associés, le gérant peut accomplir tous les actes de gestion que demande l'intérêt de la société. S'il y a plusieurs gérants, ils exercent séparément ces pouvoirs, sauf le droit qui appartient à chacun de s'opposer à une opération avant qu'elle ne soit conclue. Le tout, à défaut de dispositions des statuts sur le mode d'administration.",1,1,,Oui,Oui,,1,1,1
24/03383__2024-11-04,39,1848,"L’administration réplique que la qualité de gérant lui procurait le pouvoir et le devoir d’agir, voire de réagir à l’inaction de [A] [V], dont elle relève qu’il ne disposait pas d’une délégation en bonne et due forme, mettant à sa charge l’établissement des déclarations fiscales et le paiement de l’impôt.","Dans les rapports entre associés, le gérant peut accomplir tous les actes de gestion que demande l'intérêt de la société. S'il y a plusieurs gérants, ils exercent séparément ces pouvoirs, sauf le droit qui appartient à chacun de s'opposer à une opération avant qu'elle ne soit conclue. Le tout, à défaut de dispositions des statuts sur le mode d'administration.",0,1,0.0,Non,Oui,"Non, faits ou prétentions des parties uniquement",0,0,4
24/01455__2025-03-11,28,1848,"Deuxièmement, Mme [R] [Z] ne produit aucun élément permettant de considérer que la gérance de son entreprise a été régulièrement déléguée à un tiers.Dès lors, en l’absence de cet élément, il est présumé que les actes de gestion de la société ont été engagés par et pour le compte de Mme [R] [Z].","Dans les rapports entre associés, le gérant peut accomplir tous les actes de gestion que demande l'intérêt de la société. S'il y a plusieurs gérants, ils exercent séparément ces pouvoirs, sauf le droit qui appartient à chacun de s'opposer à une opération avant qu'elle ne soit conclue. Le tout, à défaut de dispositions des statuts sur le mode d'administration.",0,1,0.0,Non,Oui,Non,0,0,2
22/03640__2024-07-02,76,1848,"Par ailleurs, les statuts ne prohibent en aucune façon au président, saisi en cours d'exercice annuel par l'un des covolumiers, de soumettre au vote des membres de l'AFUL la prise en charge de différents frais encourus par l'un des covolumiers si ces derniers sont, de par leur nature, constitutifs de charges générales courantes dont la prise en charge financière doit être répartie entre les covolumiers, ni l'application d'honoraires","Dans les rapports entre associés, le gérant peut accomplir tous les actes de gestion que demande l'intérêt de la société. S'il y a plusieurs gérants, ils exercent séparément ces pouvoirs, sauf le droit qui appartient à chacun de s'opposer à une opération avant qu'elle ne soit conclue. Le tout, à défaut de dispositions des statuts sur le mode d'administration.",0,1,0.0,Non,Oui,"Non, faits ou prétentions des parties uniquement",0,0,4
24/01455__2025-03-11,28,1849,"Deuxièmement, Mme [R] [Z] ne produit aucun élément permettant de considérer que la gérance de son entreprise a été régulièrement déléguée à un tiers.Dès lors, en l’absence de cet élément, il est présumé que les actes de gestion de la société ont été engagés par et pour le compte de Mme [R] [Z].","Dans les rapports avec les tiers, le gérant engage la société par les actes entrant dans l'objet social. En cas de pluralité de gérants, ceux-ci détiennent séparément les pouvoirs prévus à l'alinéa précédent. L'opposition formée par un gérant aux actes d'un autre gérant est sans effet à l'égard des tiers, à moins qu'il ne soit établi qu'ils en ont eu connaissance. Les clauses statutaires limitant les pouvoirs des gérants sont inopposables aux tiers.",0,0,,Non,Non,,1,0,2
24/00368__2025-01-07,23,1850,[T] a fait assigner M. [S] [I] en sa qualité de gérant en lui faisant grief d'avoir commis des fautes de gestion ayant contribué à l'insuffisance d'actif.,"Chaque gérant est responsable individuellement envers la société et envers les tiers, soit des infractions aux lois et règlements, soit de la violation des statuts, soit des fautes commises dans sa gestion. Si plusieurs gérants ont participé aux mêmes faits, leur responsabilité est solidaire à l'égard des tiers et des associés. Toutefois, dans leurs rapports entre eux, le tribunal détermine la part contributive de chacun dans la réparation du dommage.",0,1,0.0,Non,Oui,"Non, faits ou prétentions des parties uniquement",0,0,1
18/01102__2024-10-08,34,1850,"Qu'au vu des conditions générales de la police, toutes les personnes, physiques ou morales, et l'association elle-même, peuvent mettre en cause la responsabilité personnelle des dirigeants, si elles s'estiment lésées par les fautes de gestion commises par ces derniers par erreur, imprudence ou négligence, ou par omission ou déclaration inexacte.","Chaque gérant est responsable individuellement envers la société et envers les tiers, soit des infractions aux lois et règlements, soit de la violation des statuts, soit des fautes commises dans sa gestion. Si plusieurs gérants ont participé aux mêmes faits, leur responsabilité est solidaire à l'égard des tiers et des associés. Toutefois, dans leurs rapports entre eux, le tribunal détermine la part contributive de chacun dans la réparation du dommage.",0,1,0.0,Non,Oui,"Non, faits ou prétentions des parties uniquement",0,0,4
25/50262__2025-02-06,4,1851,"En l’espèce, il ressort des pièces du dossier et notamment des derniers statuts modifiés selon décision d’assemblée générale du 29 janvier 1969, que le gérant est nommé et révoqué par assemblée générale ordinaire des associés représentant la moitié au moins du capital social. Or, les pièces produites par la demanderesse démontrent qu’aucun procès-verbal d’assemblée générale n’a pu être recueilli, aucune assemblée générale ne s’étant réunie depuis de très nombreuses années et qu’en l’état l","Sauf disposition contraire des statuts le gérant est révocable par une décision des associés représentant plus de la moitié des parts sociales. Si la révocation est décidée sans juste motif, elle peut donner lieu à dommages-intérêts. Le gérant est également révocable par les tribunaux pour cause légitime, à la demande de tout associé. Sauf clause contraire, la révocation d'un gérant, qu'il soit associé ou non, n'entraîne pas la dissolution de la société. Si le gérant révoqué est un associé, il peut, à moins qu'il n'en soit autrement convenu dans les statuts, ou que les autres associés ne décident la dissolution anticipée de la société, se retirer de celle-ci dans les conditions prévues à l'article 1869 (2ème alinéa).",1,1,,Oui,Oui,,1,1,4
20/08044__2024-09-26,126,1853," d’administration irrégulièrement élus le 18 janvier 2020, - ainsi que du désaccord existant entre les parties quant à la composition de la liste des adhérents de l’association, régulièrement agréés, selon les dispositions des statuts, et à jour de leurs cotisations, il y a lieu, dans l’intérêt de l’association, de désigner un mandataire ad’hoc chargé de convoquer une assemblée générale avec pour ordre du jour le renouvellement du conseil d’administration et le bureau de l’association, après détermination de","Les décisions sont prises par les associés réunis en assemblée. Les statuts peuvent aussi prévoir qu'elles résulteront d'une consultation écrite, y compris par voie électronique, selon les délais et les modalités qu'ils définissent.",0,0,,Non,Non,,1,0,3
21/02619__2025-02-04,55,1856,"Sur les dividendes versés à la SOGECLO sans validation des comptes par les assemblées générales Il est constant que M. [F] n'a, de son vivant, pas organisé d'assemblée générale des associés, de sorte que les bénéfices de la SCI La Tuilerie n'ont pas pu valablement être distribués.","Les gérants doivent, au moins une fois dans l'année, rendre compte de leur gestion aux associés. Cette reddition de compte doit comporter un rapport écrit d'ensemble sur l'activité de la société au cours de l'année ou de l'exercice écoulé comportant l'indication des bénéfices réalisés ou prévisibles et des pertes encourues ou prévues.",1,1,,Oui,Oui,,1,1,2
24/01570__2024-10-31,5,1857,"Il convient donc de condamner les associés, à proportion de leurs parts dans la société, soit 60% pour Monsieur [O] [W] et 40% pour Monsieur [J] [W], à payer au syndicat des copropriétaires de la RESIDENCE LES LETTRES, sise [Adresse 8], agissant par la S.A.R.L. MN ","A l'égard des tiers, les associés répondent indéfiniment des dettes sociales à proportion de leur part dans le capital social à la date de l'exigibilité ou au jour de la cessation des paiements. L'associé qui n'a apporté que son industrie est tenu comme celui dont la participation dans le capital social est la plus faible.",1,1,,Oui,Oui,,1,1,0
22/01906__2025-01-30,2,1857," litigieux, au motif, selon le demandeur, que les associés répondent indéfiniment des dettes sociales à proportion de leur part dans le capital social. Or le demandeur n’établit nullement quelle serait la dette sociale de la SCI à son égard, et donc, son intérêt à défendre.","A l'égard des tiers, les associés répondent indéfiniment des dettes sociales à proportion de leur part dans le capital social à la date de l'exigibilité ou au jour de la cessation des paiements. L'associé qui n'a apporté que son industrie est tenu comme celui dont la participation dans le capital social est la plus faible.",1,1,,Oui,Oui,,1,1,2
22/01352__2025-03-13,16,1858,"Toutefois, la Cour de cassation rappelle que les associés des SCCV ne sont que des débiteurs subsidiaires du passif social envers les tiers, et non des co-obligés.Elle a ainsi rappelé à de nombreuses reprises que la poursuite des associés nécessite l'obtention préalable d'un titre exécutoire contre la société elle-même, avant toute poursuite individuelle des associés.",Les créanciers ne peuvent poursuivre le paiement des dettes sociales contre un associé qu'après avoir préalablement et vainement poursuivi la personne morale.,0,1,0.0,Non,Oui,"Non, application d’un régime spécial",0,0,3
22/03740__2025-01-31,3,1858,"Etant constant que le créancier d’une société civile ne peut agir contre les associés en paiement d’une dette sociale qu’après avoir vainement poursuivi la société, même lorsque celle-ci fait ou a fait l’objet d’une liquidation amiable, la qualité et l’intérêt à agir, en tant qu’associé d’SICV [Localité 7] L’EMERAUDE, de SARL INFI",Les créanciers ne peuvent poursuivre le paiement des dettes sociales contre un associé qu'après avoir préalablement et vainement poursuivi la personne morale.,1,1,,Oui,Oui,,1,1,2
24/01034__2024-05-06,25,1861,"Le schéma juridique voté le 24 novembre 2023 revient donc à obliger in futurum l’ensemble des associés, sans leur accord, à échanger des parts de groupement forestier contre des parts de SCI.","Les parts sociales ne peuvent être cédées qu'avec l'agrément de tous les associés. Les statuts peuvent toutefois convenir que cet agrément sera obtenu à une majorité qu'ils déterminent, ou qu'il peut être accordé par les gérants. Ils peuvent aussi dispenser d'agrément les cessions consenties à des associés ou au conjoint de l'un d'eux. Sauf dispositions contraires des statuts, ne sont pas soumises à agrément les cessions consenties à des ascendants ou descendants du cédant. Le projet de cession est notifié, avec demande d'agrément, à la société et à chacun des associés. Il n'est notifié qu'à la société quand les statuts prévoient que l'agrément peut être accordé par les gérants. Lorsque deux époux sont simultanément membres d'une société, les cessions faites par l'un d'eux à l'autre doivent, pour être valables, résulter d'un acte notarié ou d'un acte sous seing privé ayant acquis date certaine autrement que par le décès du cédant.",0,1,0.0,Non,Oui,"Non, application d’un régime spécial",0,0,2
23/00754__2024-10-31,14,1861,Le tribunal constate que les commissions départementales saisies ont indiqué que la décote pour clause d’agrément s’imposait pour les parts sociales qui avaient par nature une liberté de cession limitée mais devait en revanche être écartée dans le cadre d’une participation majoritaire.,"Les parts sociales ne peuvent être cédées qu'avec l'agrément de tous les associés. Les statuts peuvent toutefois convenir que cet agrément sera obtenu à une majorité qu'ils déterminent, ou qu'il peut être accordé par les gérants. Ils peuvent aussi dispenser d'agrément les cessions consenties à des associés ou au conjoint de l'un d'eux. Sauf dispositions contraires des statuts, ne sont pas soumises à agrément les cessions consenties à des ascendants ou descendants du cédant. Le projet de cession est notifié, avec demande d'agrément, à la société et à chacun des associés. Il n'est notifié qu'à la société quand les statuts prévoient que l'agrément peut être accordé par les gérants. Lorsque deux époux sont simultanément membres d'une société, les cessions faites par l'un d'eux à l'autre doivent, pour être valables, résulter d'un acte notarié ou d'un acte sous seing privé ayant acquis date certaine autrement que par le décès du cédant.",0,0,,Non,Non,,1,0,1
24/01192__2024-11-21,2,1861,"Par ailleurs, Madame [M] [Z] a fait l'acquisition des 100 parts de Monsieur [X] [I] numérotées 701 à 800, ce qui a été approuvé par assemblée générale du 6 novembre 2022.","Les parts sociales ne peuvent être cédées qu'avec l'agrément de tous les associés. Les statuts peuvent toutefois convenir que cet agrément sera obtenu à une majorité qu'ils déterminent, ou qu'il peut être accordé par les gérants. Ils peuvent aussi dispenser d'agrément les cessions consenties à des associés ou au conjoint de l'un d'eux. Sauf dispositions contraires des statuts, ne sont pas soumises à agrément les cessions consenties à des ascendants ou descendants du cédant. Le projet de cession est notifié, avec demande d'agrément, à la société et à chacun des associés. Il n'est notifié qu'à la société quand les statuts prévoient que l'agrément peut être accordé par les gérants. Lorsque deux époux sont simultanément membres d'une société, les cessions faites par l'un d'eux à l'autre doivent, pour être valables, résulter d'un acte notarié ou d'un acte sous seing privé ayant acquis date certaine autrement que par le décès du cédant.",1,1,,Oui,Oui,,1,1,4
22/04790__2024-06-10,15,1861,[P] [O] fait valoir que les actes de cession des parts sociales n’ont pas été suivis d’effet et que les associés initiaux de la SCI [10] ont continué à se comporter comme tels et qu’en 2021 ils ont tous été convoqués à l’assemblée générale pour désigner un nouveau gérant.,"Les parts sociales ne peuvent être cédées qu'avec l'agrément de tous les associés. Les statuts peuvent toutefois convenir que cet agrément sera obtenu à une majorité qu'ils déterminent, ou qu'il peut être accordé par les gérants. Ils peuvent aussi dispenser d'agrément les cessions consenties à des associés ou au conjoint de l'un d'eux. Sauf dispositions contraires des statuts, ne sont pas soumises à agrément les cessions consenties à des ascendants ou descendants du cédant. Le projet de cession est notifié, avec demande d'agrément, à la société et à chacun des associés. Il n'est notifié qu'à la société quand les statuts prévoient que l'agrément peut être accordé par les gérants. Lorsque deux époux sont simultanément membres d'une société, les cessions faites par l'un d'eux à l'autre doivent, pour être valables, résulter d'un acte notarié ou d'un acte sous seing privé ayant acquis date certaine autrement que par le décès du cédant.",0,0,,Non,Non,,1,0,1
24/03024__2024-06-10,18,1864,"La durée de ces délais ne peut être inférieure à un mois ni supérieure à un an.En l'espèce, Monsieur [D] [H] déclare avoir un emploi.","Il ne peut être dérogé aux dispositions des deux articles qui précèdent que pour modifier le délai de six mois prévu à l'article 1863 (1er alinéa), et sans que le délai prévu par les statuts puisse excéder un an ni être inférieur à un mois.",0,0,,Non,Non,,1,0,4
25/01743__2025-04-17,24,1864,"La durée de ces délais ne peut être inférieure à un mois ni supérieure à un an.En l'espèce, Monsieur [N] [B] a donné son accord pour que les locataires bénéficient d'un délai supplémentaire jusqu'au 31 juillet 2025 pour libérer le logement.","Il ne peut être dérogé aux dispositions des deux articles qui précèdent que pour modifier le délai de six mois prévu à l'article 1863 (1er alinéa), et sans que le délai prévu par les statuts puisse excéder un an ni être inférieur à un mois.",0,0,,Non,Non,,1,0,0
24/02198__2024-09-27,15,1864,"La durée de ces délais ne peut être inférieure à un mois ni supérieure à un an.En l'espèce, Monsieur [L] [T] a déjà bénéficié en pratique de larges délais depuis la résiliation du bail au 31 décembre 2023.","Il ne peut être dérogé aux dispositions des deux articles qui précèdent que pour modifier le délai de six mois prévu à l'article 1863 (1er alinéa), et sans que le délai prévu par les statuts puisse excéder un an ni être inférieur à un mois.",0,0,,Non,Non,,1,0,0
23/02478__2024-01-18,29,1864,"La durée de ces délais ne peut être inférieure à uns mois ni supérieure à une année.En l'espèce, Monsieur [L] [M] a sollicité un délai de 1 année pour quitter les lieux mais n'a toutefois pas justifié de recherches d'un autre logement et a, d'ores et déjà, bénéficié de larges délais depuis le décès de sa mère.","Il ne peut être dérogé aux dispositions des deux articles qui précèdent que pour modifier le délai de six mois prévu à l'article 1863 (1er alinéa), et sans que le délai prévu par les statuts puisse excéder un an ni être inférieur à un mois.",0,0,,Non,Non,,1,0,4
20/04253__2024-03-29,48,1865,"En outre, il convient, en conséquence de l'annulation de ces cessions de juger que les parts sociales de la SCI DU STADE numérotées de 1 à 99 sont la propriété de la société SCI DU MOULIN PAR LE HAUT, et de dire que le jugement présent, constitue le titre permettant de procéder au dépôt auprès du greffe du tribunal de commerce de ","La cession de parts sociales doit être constatée par écrit. Elle est rendue opposable à la société dans les formes prévues à l'article 1690 ou, si les statuts le stipulent, par transfert sur les registres de la société. Elle n'est opposable aux tiers qu'après accomplissement de ces formalités et après publication au registre du commerce et des sociétés ; ce dépôt peut être effectué par voie électronique.",1,1,,Oui,Oui,,1,1,4
23/04425__2025-02-06,12,1865,"Au regard des pièces versées aux débats, il ressort que la seule cession de parts publiée est celle du 25/06/2021 par laquelle M.[H] est propriétaire des parts de la SCI BAZ IMO et qui a fait l'objet d'une déclaration fiscale et d'un récépissé délivré le 07/12/2021 par le greffe du tribunal de commerce de Draguignan ; le dépôt ayant été enregistré au","La cession de parts sociales doit être constatée par écrit. Elle est rendue opposable à la société dans les formes prévues à l'article 1690 ou, si les statuts le stipulent, par transfert sur les registres de la société. Elle n'est opposable aux tiers qu'après accomplissement de ces formalités et après publication au registre du commerce et des sociétés ; ce dépôt peut être effectué par voie électronique.",1,1,,Oui,Oui,,1,1,2
21/15347__2024-01-31,9,1871,"A défaut de personnalité morale, elle ne pouvait procéder à un quelconque paiement.Ces circonstances permettent à la société demanderesse de poursuivre directement l’associé de la société EVI (Civ.3, 31 mars 2004, n°01-16-971).","Les associés peuvent convenir que la société ne sera point immatriculée. La société est dite alors "" société en participation "". Elle n'est pas une personne morale et n'est pas soumise à publicité. Elle peut être prouvée par tous moyens. Les associés conviennent librement de l'objet, du fonctionnement et des conditions de la société en participation, sous réserve de ne pas déroger aux dispositions impératives des articles 1832 , 1832-1 , 1833 , 1836 (2e alinéa), 1844 (1er alinéa) et 1844-1 (2e alinéa) et de l'article L. 411-1 du code monétaire et financier.",0,0,,Non,Non,,1,0,1
21/13831__2024-01-30,23,1872-1,"En conséquence, il a lieu d'écarter le moyen soulevé par les associés de la société [Adresse 3] en raison de leur non participation en leur nom propre à l'acte de bail conclu entre la société [Adresse 3] et la société JSA DIFFUSION.","Chaque associé contracte en son nom personnel et est seul engagé à l'égard des tiers. Toutefois, si les participants agissent en qualité d'associés au vu et au su des tiers, chacun d'eux est tenu à l'égard de ceux-ci des obligations nées des actes accomplis en cette qualité par l'un des autres, avec solidarité, si la société est commerciale, sans solidarité dans les autres cas. Il en est de même de l'associé qui, par son immixtion, a laissé croire au cocontractant qu'il entendait s'engager à son égard, ou dont il est prouvé que l'engagement a tourné à son profit. Dans tous les cas, en ce qui concerne les biens réputés indivis en application de l'article 1872 (alinéas 2 et 3), sont applicables dans les rapports avec les tiers, soit les dispositions du chapitre VI du titre Ier du livre III du présent code, soit, si les formalités prévues à l'article 1873-2 ont été accomplies, celles du titre IX bis du présent livre, tous les associés étant alors, sauf convention contraire, réputés gérants de l'indivision.",0,1,0.0,Non,Oui,Non,0,0,3
24/00562__2024-12-03,25,1873-11,"Par conséquent, Madame [N] est en droit de solliciter des autres indivisaires la communication de toute information sur la situation financière actuelle des SCI, comprenant notamment le dernier bilan et le dernier compte de résultat.","Chaque indivisaire peut exiger la communication de tous les documents relatifs à la gestion. Le gérant doit, une fois par an, rendre compte de sa gestion aux indivisaires. A cette occasion, il indique par écrit les bénéfices réalisés et les pertes encourues ou prévisibles. Chaque indivisaire est tenu de participer aux dépenses de conservation des biens indivis. A défaut d'accord particulier, les articles 815-9,815-10 et 815-11 du présent code sont applicables à l'exercice du droit d'usage et de jouissance, ainsi qu'à la répartition des bénéfices et des pertes.",1,1,,Oui,Oui,,1,1,1
24/00624__2024-12-27,4,1873-11,"Il entre dans les pouvoirs du président du tribunal, en l'absence de consentement unanime des indivisaires, de fixer le montant de l'avance en capital. Sur le principe de l’indemnité d’occupation Il est de principe que l'indemnité d'occupation privative devant être assimilée à un revenu accroissant l'indivision, chaque indivisaire peut solliciter sa part annuelle dans les bénéfices résultant pour celle-ci et ce même s'il n'est pas établi que le bien aurait","Chaque indivisaire peut exiger la communication de tous les documents relatifs à la gestion. Le gérant doit, une fois par an, rendre compte de sa gestion aux indivisaires. A cette occasion, il indique par écrit les bénéfices réalisés et les pertes encourues ou prévisibles. Chaque indivisaire est tenu de participer aux dépenses de conservation des biens indivis. A défaut d'accord particulier, les articles 815-9,815-10 et 815-11 du présent code sont applicables à l'exercice du droit d'usage et de jouissance, ainsi qu'à la répartition des bénéfices et des pertes.",0,0,,Non,Non,,1,0,4
23/06565__2024-10-21,4,1873-15,IIs ont toutefois la faculté de provoquer le partage au nom de leur débiteur ou d'intervenir dans le partage provoqué par lui.Les coindivisaires peuvent arrêter le cours de l'action en partage en acquittant l'obligation au nom et en l'acquit du débiteur. Ceux qui exerceront cette faculté se rembourseront par prélèvement sur les biens indivis.,"L'article 815-17 est applicable aux créanciers de l'indivision, ainsi qu'aux créanciers personnels des indivisaires. Toutefois, ces derniers ne peuvent provoquer le partage que dans les cas où leur débiteur pourrait lui-même le provoquer. Dans les autres cas, ils peuvent poursuivre la saisie et la vente de la quote-part de leur débiteur dans l'indivision en suivant les formes prévues par le code de procédure civile. Les dispositions de l'article 1873-12 sont alors applicables.",0,0,,Non,Non,,1,0,0
21/02234__2024-09-19,21,1873-15,"Il résulte de ces éléments que les demandeurs ne justifient pas que Madame [U] [S] épouse [P] aurait acquitté le montant de la créance en vertu de laquelle Monsieur [O] [K] poursuit le partage du bien dont Monsieur [C] [S], son débiteur, est propriétaire indivis, et que les conditions de l’arrêt du cours de l’action en partage exercée par le créancier de son frère seraient donc réunies.","L'article 815-17 est applicable aux créanciers de l'indivision, ainsi qu'aux créanciers personnels des indivisaires. Toutefois, ces derniers ne peuvent provoquer le partage que dans les cas où leur débiteur pourrait lui-même le provoquer. Dans les autres cas, ils peuvent poursuivre la saisie et la vente de la quote-part de leur débiteur dans l'indivision en suivant les formes prévues par le code de procédure civile. Les dispositions de l'article 1873-12 sont alors applicables.",0,0,,Non,Non,,1,0,0
20/08670__2025-02-11,68,1873-3,"Il a été également convenu qu’à l’issue de ces trois années, le contrat serait tacitement renouvelé, d’année en année.En d’autres termes, trois périodes ont été distinguées par les parties : - une première période précédant la « durée initiale », - une deuxième période correspondant à la « durée initiale », de trois ans, - une troisième période suivant la « durée initiale », d’une durée d’un an renouvelable tacitement.","La convention peut être conclue pour une durée déterminée qui ne saurait être supérieure à cinq ans. Elle est renouvelable par une décision expresse des parties. Le partage ne peut être provoqué avant le terme convenu qu'autant qu'il y en a de justes motifs. La convention peut également être conclue pour une durée indéterminée. Le partage peut, en ce cas, être provoqué à tout moment, pourvu que ce ne soit pas de mauvaise foi ou à contretemps. Il peut être décidé que la convention à durée déterminée se renouvellera par tacite reconduction pour une durée déterminée ou indéterminée. A défaut d'un pareil accord, l'indivision sera régie par les articles 815 et suivants à l'expiration de la convention à durée déterminée.",0,0,,Non,Non,,1,0,4
23/03803__2024-11-18,22,1873-3,Il est conclu pour une durée de trois ans.Cette convention sera renouvelée par tacite reconduction pour des périodes d’un an.,"La convention peut être conclue pour une durée déterminée qui ne saurait être supérieure à cinq ans. Elle est renouvelable par une décision expresse des parties. Le partage ne peut être provoqué avant le terme convenu qu'autant qu'il y en a de justes motifs. La convention peut également être conclue pour une durée indéterminée. Le partage peut, en ce cas, être provoqué à tout moment, pourvu que ce ne soit pas de mauvaise foi ou à contretemps. Il peut être décidé que la convention à durée déterminée se renouvellera par tacite reconduction pour une durée déterminée ou indéterminée. A défaut d'un pareil accord, l'indivision sera régie par les articles 815 et suivants à l'expiration de la convention à durée déterminée.",0,0,,Non,Non,,1,0,1
22/03081__2025-02-14,41,1892,"En l’occurrence et relativement à la clause implicite d'indexation, elle s'induit de cinq clauses figurant dans l'offre de prêt : - clause ""description de votre crédit"", selon laquelle le contrat a pour objet la mise à disposition d'une somme d'argent pour le financement d'un bien immobilier, à charge pour l'emprunteur d'en rembourser le capital. Cette clause prévoit alors que la monnaie de compte sera le franc suisse et que la dette comprend","Le prêt de consommation est un contrat par lequel l'une des parties livre à l'autre une certaine quantité de choses qui se consomment par l'usage, à la charge par cette dernière de lui en rendre autant de même espèce et qualité.",0,0,,Non,Non,,1,0,3
24/03488__2024-12-09,38,1892,"En conséquence, les sommes dues se limiteront à la différence entre le montant effectivement débloqué au profit de Monsieur [S] [J] (cumul des financements) et le montant des règlements versés à quelque titre que ce soit par l’emprunteur depuis l’origine, tels qu’ils résultent du tableau d'amortissement et du décompte produit par la caisse de Crédit Mutuel de [Localité 6], soit : Capital emprunté 14","Le prêt de consommation est un contrat par lequel l'une des parties livre à l'autre une certaine quantité de choses qui se consomment par l'usage, à la charge par cette dernière de lui en rendre autant de même espèce et qualité.",0,0,,Non,Non,,1,0,1
24/02309__2024-12-16,20,1895,"Sur le montant des sommes restituées En conséquence, les sommes dues se limiteront à la différence entre le montant effectivement débloqué au profit de Madame [F] [G] épouse [Y] (cumul des financements) et le montant des règlements versés à quelque titre que ce soit par l’emprunteur depuis l’origine, tels qu’ils résultent du tableau d'amortissement et du décompte produit par la S.A.","L'obligation qui résulte d'un prêt en argent n'est toujours que de la somme énoncée au contrat. S'il y a eu augmentation ou diminution d'espèces avant l'époque du paiement, le débiteur doit rendre la somme prêtée, et ne doit rendre que cette somme dans les espèces ayant cours au moment du paiement.",0,0,,Non,Non,,1,0,2
24/07592__2024-12-16,37,1895,"Sur le montant de la créance La résolution d'un contrat de prêt entraîne la remise des parties en l'état où elles se trouvaient antérieurement à sa conclusion (Ccass 1ère civ., 14 novembre 2019 n°18-20955).Dès lors, l'emprunteur est tenu de restituer le capital prêté, moins les sommes qu'il a déjà versées, à l’exclusion de l’ indemnité forfaitaire de 8%.","L'obligation qui résulte d'un prêt en argent n'est toujours que de la somme énoncée au contrat. S'il y a eu augmentation ou diminution d'espèces avant l'époque du paiement, le débiteur doit rendre la somme prêtée, et ne doit rendre que cette somme dans les espèces ayant cours au moment du paiement.",1,0,0.0,Oui,Non,Non,0,0,3
24/00264__2024-05-21,25,1895,Etant précisé que la société BNP PARIBAS ne démontre pas avoir débloqué plus de 14000 euros au profit de Mme [W] [L].Le plan de remboursement produit mentionnant la somme de 14000 euros au titre du capital restant du au 13 novembre 2020 et l’historique de prêt un capital emprunté de 14000 euros.,"L'obligation qui résulte d'un prêt en argent n'est toujours que de la somme énoncée au contrat. S'il y a eu augmentation ou diminution d'espèces avant l'époque du paiement, le débiteur doit rendre la somme prêtée, et ne doit rendre que cette somme dans les espèces ayant cours au moment du paiement.",0,1,0.0,Non,Oui,"Non, faits ou prétentions des parties uniquement",0,0,2
25/00186__2025-04-24,5,1907,"En l’espèce, il est constaté que les conditions particulières de la convention de compte signées par M. [O] [S] le 2 février 2024 précisent que le taux maximum des intérêts débiteurs applicables pour un découvert non autorisé est de 19,89 %.Il est indiqué que ce taux est variable selon les modalités figurant au barème tarifaire.","L'intérêt est légal ou conventionnel. L'intérêt légal est fixé par la loi. L'intérêt conventionnel peut excéder celui de la loi, toutes les fois que la loi ne le prohibe pas. Le taux de l'intérêt conventionnel doit être fixé par écrit.",0,0,,Non,Non,,1,0,4
24/03778__2025-03-14,52,1907,"Le taux débiteur est variable selon la nature de l’utilisation, sans que la période applicable à ce taux soit indiquée, sous la forme d’une multitude de taux possibles, sans possibilité claire pour le débiteur de déterminer la mensualité à payer ou le coût du crédit.La seule hypothèse complète qui soit présentée par ailleurs est basée sur un prêt de 3.000€, sans options, alors que montant du crédit est très supérieur (20.000€).","L'intérêt est légal ou conventionnel. L'intérêt légal est fixé par la loi. L'intérêt conventionnel peut excéder celui de la loi, toutes les fois que la loi ne le prohibe pas. Le taux de l'intérêt conventionnel doit être fixé par écrit.",0,0,,Non,Non,,1,0,0
23/10366__2024-06-03,20,1907,"En l’espèce, le taux d’intérêt prévu par les contrats est de 5,68% et de 5,66%, alors que le taux d’intérêt légal est fixé à 5,07% au premier semestre 2024.","L'intérêt est légal ou conventionnel. L'intérêt légal est fixé par la loi. L'intérêt conventionnel peut excéder celui de la loi, toutes les fois que la loi ne le prohibe pas. Le taux de l'intérêt conventionnel doit être fixé par écrit.",1,1,,Oui,Oui,,1,1,3
22/00442__2024-01-19,26,1907,"Le taux d'intérêt légal, calculé par la Banque de France et publié régulièrement au journal officiel a évolué dans le temps comme suit :  Période Taux d’intérêt légal pour les particuliers Taux d’intérêt légal pour les autres cas Arrêté 2d semestre 2022 3,15 % 0,77 % J.O.","L'intérêt est légal ou conventionnel. L'intérêt légal est fixé par la loi. L'intérêt conventionnel peut excéder celui de la loi, toutes les fois que la loi ne le prohibe pas. Le taux de l'intérêt conventionnel doit être fixé par écrit.",1,1,,Oui,Oui,,1,1,3
24/02650__2025-01-14,13,1907,"Le taux débiteur est variable selon la nature du « projet », sans que la période applicable à ce taux soit indiquée.L’ensemble est présenté sous la forme d’une multitude de taux possibles, sans possibilité claire pour le débiteur de déterminer la mensualité à payer ou le coût du crédit.","L'intérêt est légal ou conventionnel. L'intérêt légal est fixé par la loi. L'intérêt conventionnel peut excéder celui de la loi, toutes les fois que la loi ne le prohibe pas. Le taux de l'intérêt conventionnel doit être fixé par écrit.",0,1,0.0,Non,Oui,"Non, faits ou prétentions des parties uniquement",0,0,0
22/01978__2024-10-31,14,1915,Ce nuancier a été remis à titre de dépôt à la défenderesse qui ne conteste pas devoir le restituer. La société [Z] [L] fait valoir qu'elle a restitué cet objet.Elle s'appuie sur sa pièce numéro 13.,"Le dépôt, en général, est un acte par lequel on reçoit la chose d'autrui, à la charge de la garder et de la restituer en nature.",1,1,,Oui,Oui,,1,1,1
22/01978__2024-10-31,14,1944,Ce nuancier a été remis à titre de dépôt à la défenderesse qui ne conteste pas devoir le restituer. La société [Z] [L] fait valoir qu'elle a restitué cet objet.Elle s'appuie sur sa pièce numéro 13.,"Le dépôt doit être remis au déposant aussitôt qu'il le réclame, lors même que le contrat aurait fixé un délai déterminé pour la restitution ; à moins qu'il n'existe, entre les mains du dépositaire, une  saisie ou une opposition à la restitution et au déplacement de la chose déposée.",0,1,0.0,Non,Oui,"Non, faits ou prétentions des parties uniquement",0,0,1
23/04399__2025-02-25,12,1955,Sur la demande de libération du séquestre : Le compromis de vente stipule dans la partie « Prix - Acompte » : « La somme de dix mille euros (10000€) sera déposée à titre d'acompte entre les mains de Maître [S] [A] choisi pour séquestre par les PARTIES.(…) Le séquestre détiendra l'acompte versé pour le compte de qui il appartiendra.,Le séquestre est ou conventionnel ou judiciaire.,1,1,,Oui,Oui,,1,1,0
23/08448__2024-03-11,12,1956,Le séquestre est dès à présent autorisé par les cocontractants à consigner l'indemnité d'immobilisation à la Caisse des Dépôts et Consignations en cas de difficultés entre eux.Le séquestre sera déchargé de plein droit de sa mission par la remise des fonds dans les conditions sus-indiquées.,"Le séquestre conventionnel est le dépôt fait par une ou plusieurs personnes, d'une chose contentieuse, entre les mains d'un tiers qui s'oblige de la rendre, après la contestation terminée, à la personne qui sera jugée devoir l'obtenir.",1,0,0.0,Oui,Non,"Non, faits ou prétentions des parties uniquement",0,0,1
23/04399__2025-02-25,12,1956,Sur la demande de libération du séquestre : Le compromis de vente stipule dans la partie « Prix - Acompte » : « La somme de dix mille euros (10000€) sera déposée à titre d'acompte entre les mains de Maître [S] [A] choisi pour séquestre par les PARTIES.(…) Le séquestre détiendra l'acompte versé pour le compte de qui il appartiendra.,"Le séquestre conventionnel est le dépôt fait par une ou plusieurs personnes, d'une chose contentieuse, entre les mains d'un tiers qui s'oblige de la rendre, après la contestation terminée, à la personne qui sera jugée devoir l'obtenir.",1,1,,Oui,Oui,,1,1,0
22/02514__2025-05-28,9,1956,"La somme de 28 000 euros étant séquestrée auprès de l’étude de Maître [Z] [L], notaire associé de la SELARL « N&Associés » à [Localité 4], ce dernier est autorisé à lever le séquestre et à remettre les fonds à la Société ASGARD.","Le séquestre conventionnel est le dépôt fait par une ou plusieurs personnes, d'une chose contentieuse, entre les mains d'un tiers qui s'oblige de la rendre, après la contestation terminée, à la personne qui sera jugée devoir l'obtenir.",1,1,,Oui,Oui,,1,1,0
23/08448__2024-03-11,5,1956,"Cette somme est affectée en nantissement, par le PROMETTANT au profit du BENEFICIAIRE, qui accepte, à la sûreté de sa restitution éventuelle par ce dernier. À cet effet, avec l'accord des parties, elle est versée entre les mains de la comptabilité de Maître [V], notaire soussigné, qui en est constitué séquestre.","Le séquestre conventionnel est le dépôt fait par une ou plusieurs personnes, d'une chose contentieuse, entre les mains d'un tiers qui s'oblige de la rendre, après la contestation terminée, à la personne qui sera jugée devoir l'obtenir.",1,1,,Oui,Oui,,1,1,1
23/08448__2024-03-11,9,1956,Le séquestre conservera cette somme pour la remettre soit PROMETTANT soit au BENEFICIAIRE selon les hypothèses ci-dessus définies.,"Le séquestre conventionnel est le dépôt fait par une ou plusieurs personnes, d'une chose contentieuse, entre les mains d'un tiers qui s'oblige de la rendre, après la contestation terminée, à la personne qui sera jugée devoir l'obtenir.",1,0,0.0,Oui,Non,"Non, faits ou prétentions des parties uniquement",0,0,1
22/06036__2025-02-05,8,1984,"Le mandat de vente conclu entre les époux [Y] et la société Oralia comprend la clause suivante: « Dans le cadre de son mandat, le mandataire d’engage à entreprendre les démarches nécessaires pour mener à bien la mission qui lui a été confié ce jour et particulièrement à: [...] - accompagner la mandant jusqu’à la signature définitif chez le notaire ».",Le mandat ou procuration est un acte par lequel une personne donne à une autre le pouvoir de faire quelque chose pour le mandant et en son nom. Le contrat ne se forme que par l'acceptation du mandataire.,1,0,0.0,Oui,Non,"Non, faits ou prétentions des parties uniquement",0,0,1
21/01110__2025-05-27,9,1984," [G] [O] lui adresse un nouveau mandat de vente simple pour signature conformément à la volonté exprimée du mandant 5 jours auparavant, manifestant ainsi par écrit son acceptation de conclure avec celui-ci ce type de mandat sans exclusivité,Suivant courriel du 17 mai 2019, le mandant renvoie ce contrat signé par ses soins et daté du 14 mai 2019, Entre temps, le 16 mai 2019, Monsieur [R] conclut un mandat de vente simple avec l’agence immobilière",Le mandat ou procuration est un acte par lequel une personne donne à une autre le pouvoir de faire quelque chose pour le mandant et en son nom. Le contrat ne se forme que par l'acceptation du mandataire.,1,1,,Oui,Oui,,1,1,4
20/01720__2024-06-14,15,1987," février 2019 qui prévoit que la société EKWI aura expressément qualité pour représenter la compagnie CGICE dans tous les actes civils, administratifs ou juridiques à l'exécution de son mandat et notamment à représenter la compagnie CGICE en justice ainsi que dans tous les actes de procédures judiciaires, administratives ou arbitrales, à négocier, à transiger et signer toutes transactions, accords ou compromis en son nom et pour son compte.","Il est ou spécial et pour une affaire ou certaines affaires seulement, ou général et pour toutes les affaires du mandant.",1,1,,Oui,Oui,,1,1,3
19/04514__2024-04-11,4,1988,"En l'espèce, la lettre de saisine du Pôle social du Tribunal judiciaire émane du Groupement d’Intérêt Economique [7], lequel ne justifie pas d'un pouvoir spécial de représentation.","Le mandat conçu en termes généraux n'embrasse que les actes d'administration. S'il s'agit d'aliéner ou hypothéquer, ou de quelque autre acte de propriété, le mandat doit être exprès.",0,0,,Non,Non,,1,0,4
20/05712__2024-06-06,35,1988,Elle expose de plus qu'il a notamment été donné pour mandat à la société FIDUCIAIRE WAYENBERG d'accomplir tous actes d'administration et que la notification du prix d'un loyer constitue un acte d'administration qui rentrait dans ses pouvoirs.,"Le mandat conçu en termes généraux n'embrasse que les actes d'administration. S'il s'agit d'aliéner ou hypothéquer, ou de quelque autre acte de propriété, le mandat doit être exprès.",0,1,0.0,Non,Oui,"Non, faits ou prétentions des parties uniquement",0,0,1
21/11180__2024-04-25,16,1991,"La société Agence Immobilière Mozart répond, sur la faute, que : - la bonne exécution du mandat par le mandataire immobilier s’analyse en une obligation de moyen, - la responsabilité d’un syndic envers des copropriétaires est de nature délictuelle, - la force majeure ainsi que la preuve de l’impossibilité de remplir sa mission exonère celui-ci de toute responsabilité, - en l’espèce il n’y a pas de faute de la part du syndic","Le mandataire est tenu d'accomplir le mandat tant qu'il en demeure chargé, et répond des dommages-intérêts qui pourraient résulter de son inexécution. Il est tenu de même d'achever la chose commencée au décès du mandant, s'il y a péril en la demeure.",0,1,0.0,Non,Oui,"Non, faits ou prétentions des parties uniquement",0,0,1
21/07867__2024-07-30,50,1991," la faute qui aurait été commise par sa mandataire dans l’exercice de son mandat et qui l’aurait exposée à l’action exercée à son encontre par l’EARL de Chante Renards, dès lors qu’il n’est pas établi, même au vu des conclusions de l’expertise judiciaire, que la SARL OVV Gers Gascogne enchères a manqué à ses obligations préalablement à la vente, puisqu’","Le mandataire est tenu d'accomplir le mandat tant qu'il en demeure chargé, et répond des dommages-intérêts qui pourraient résulter de son inexécution. Il est tenu de même d'achever la chose commencée au décès du mandant, s'il y a péril en la demeure.",1,1,,Oui,Oui,,1,1,3
21/07867__2024-07-30,50,1992," la faute qui aurait été commise par sa mandataire dans l’exercice de son mandat et qui l’aurait exposée à l’action exercée à son encontre par l’EARL de Chante Renards, dès lors qu’il n’est pas établi, même au vu des conclusions de l’expertise judiciaire, que la SARL OVV Gers Gascogne enchères a manqué à ses obligations préalablement à la vente, puisqu’","Le mandataire répond non seulement du dol, mais encore des fautes qu'il commet dans sa gestion. Néanmoins, la responsabilité relative aux fautes est appliquée moins rigoureusement à celui dont le mandat est gratuit qu'à celui qui reçoit un salaire.",1,1,,Oui,Oui,,1,1,3
21/07867__2024-07-30,43,1992,La SARL OVV Gers Gascogne enchères oppose à la SA Lixxbail que la restitution du prix de la vente ne constitue pas un préjudice réparable qu’elle serait tenue de garantir. Elle soutient également que la preuve d’une faute qu’elle aurait commise dans l’exécution de son mandat n’est pas rapportée.,"Le mandataire répond non seulement du dol, mais encore des fautes qu'il commet dans sa gestion. Néanmoins, la responsabilité relative aux fautes est appliquée moins rigoureusement à celui dont le mandat est gratuit qu'à celui qui reçoit un salaire.",0,1,0.0,Non,Oui,"Non, faits ou prétentions des parties uniquement",0,0,3
23/03764__2024-12-20,10,1993,"Le mandataire est également tenu par ce mandat au devoir de rendre compte par tous moyens au mandant des actes de gestion qu’il a entrepris.Force est de constater que, si quatre états des lieux de sortie et deux états des lieux d’entrée ont été produits, il n’est nullement produit l’ensemble des éléments permettant au mandant de se rendre compte des actes de gestion qu’il a entrepris notamment quant aux dégradations imputables aux locataires successifs.","Tout mandataire est tenu de rendre compte de sa gestion, et de faire raison au mandant de tout ce qu'il a reçu en vertu de sa procuration, quand même ce qu'il aurait reçu n'eût point été dû au mandant.",1,1,,Oui,Oui,,1,1,1
23/03764__2024-12-20,10,1996,"Le mandataire est également tenu par ce mandat au devoir de rendre compte par tous moyens au mandant des actes de gestion qu’il a entrepris.Force est de constater que, si quatre états des lieux de sortie et deux états des lieux d’entrée ont été produits, il n’est nullement produit l’ensemble des éléments permettant au mandant de se rendre compte des actes de gestion qu’il a entrepris notamment quant aux dégradations imputables aux locataires successifs.",Le mandataire doit l'intérêt des sommes qu'il a employées à son usage à dater de cet emploi ; et de celles dont il est reliquataire à compter du jour qu'il est mis en demeure.,0,0,,Non,Non,,1,0,1
23/07983__2024-09-05,4,2048,"Par effet du protocole, les parties se déclarent mutuellement et réciproquement entièrement remplies de leurs droits, et renoncent à tous recours, réclamation ou actions amiables ou contentieuses de quelque nature que ce soit entre elles à propos de faits ayant donné lieu au protocole transactionnel. Après examen de ce protocole, et au regard des concessions réciproques des parties, il y a lieu de faire droit à la demande d'homologation aux fins de le rendre exécutoire.","Les transactions se renferment dans leur objet : la renonciation qui y est faite à tous droits, actions et prétentions, ne s'entend que de ce qui est relatif au différend qui y a donné lieu.",1,1,,Oui,Oui,,1,1,1
20/04093__2024-06-13,1,2052,"En l’espèce, les parties versent aux débats une copie identique du protocole d’accord signé par elles le 15 juin 2023.Cet acte transactionnel présente les désaccords ayant opposé les parties, les concessions réciproques qu’elles consentent et qui mettent fin à leur différend et la renonciation des parties à l’introduction ou la poursuite d’une action en justice ayant le même objet que le protocole d’accord.",La transaction fait obstacle à l'introduction ou à la poursuite entre les parties d'une action en justice ayant le même objet.,1,1,,Oui,Oui,,1,1,0
24/00082__2024-06-21,2,2222,"Ce délai a été porté à cinq ans par le décret susvisé, applicable à compter du 01er janvier 2021 aux procédures en cours.","La loi qui allonge la durée d'une prescription ou d'un délai de forclusion est sans effet sur une prescription ou une forclusion acquise. Elle s'applique lorsque le délai de prescription ou le délai de forclusion n'était pas expiré à la date de son entrée en vigueur. Il est alors tenu compte du délai déjà écoulé. En cas de réduction de la durée du délai de prescription ou du délai de forclusion, ce nouveau délai court à compter du jour de l'entrée en vigueur de la loi nouvelle, sans que la durée totale puisse excéder la durée prévue par la loi antérieure.",1,0,0.0,Oui,Non,Non,0,0,4
22/09325__2024-08-02,5,2226,"Le Conseil d’Etat a ainsi considéré que « la consolidation de l’état de santé de la victime d’un dommage corporel fait courir le délai de prescription pour l’ensemble des préjudices directement liés au fait générateur qui, à la date à laquelle la consolidation s’est trouvée acquise, présentaient un caractère certain permettant de les évaluer et de les réparer, y compris pour l’avenir », en précisant que, « si l’expiration du délai de prescription faisait","L'action en responsabilité née à raison d'un événement ayant entraîné un dommage corporel, engagée par la victime directe ou indirecte des préjudices qui en résultent, se prescrit par dix ans à compter de la date de la consolidation du dommage initial ou aggravé. Toutefois, en cas de préjudice causé par des tortures ou des actes de barbarie, ou par des violences ou des agressions sexuelles commises contre un mineur, l'action en responsabilité civile est prescrite par vingt ans.",1,0,0.0,Oui,Non,Non,0,0,4
24/00332__2025-03-05,19,2228,"Calculés en jours francs, de quantième à quantième, ces délais ne commencent à courir que le lendemain du jour où le dossier complet est constitué, au sens des textes susvisés, et expirent le dernier jour à vingt-quatre heures.Désormais, la caisse est systématiquement tenue d'engager des investigations avant de se prononcer sur le caractère professionnel de la pathologie déclarée, notamment par l'envoi d'un questionnaire.","La prescription se compte par jours, et non par heures.",0,1,0.0,Non,Oui,"Non, application d’un régime spécial",0,0,2
20/02300__2024-06-06,26,2229,"Il est ainsi établi que [Z] [C] résidait en France jusqu'en 1988, où il est décédé le 26 novembre.Un nouveau délai cinquantenaire a commencé à courir à compter de cette date, soit jusqu'au 26 novembre 2038.",Elle est acquise lorsque le dernier jour du terme est accompli.,1,0,0.0,Oui,Non,"Non, application d’un régime spécial",0,0,4
20/06372__2024-03-29,3,2229,"*Sur la prescription   Monsieur [I] [G] soutient que la demande en paiement présentée par l'association INCUBALLIANCE est irrecevable en vertu de la prescription acquise à son bénéfice par l'expiration du délai de deux ans depuis le terme du contrat survenu 18 mois après sa signature, soit le 3 août 2012.",Elle est acquise lorsque le dernier jour du terme est accompli.,0,1,0.0,Non,Oui,"Non, faits ou prétentions des parties uniquement",0,0,4
23/03496__2024-06-27,5,2229,"Elle précise qu’en l’espèce, il convient de constater qu’un délai de plus de deux ans s’est écoulé entre les conclusions qu’elle a signifié le 10 février 2021 et la diligence effectuée le 19 septembre 2023 qui correspond au jour de la demande de réenrolement de l’affaire par la société GAZ MAZOUT RÉGULATION.",Elle est acquise lorsque le dernier jour du terme est accompli.,1,1,,Oui,Oui,,1,1,3
24/01258__2024-09-30,8,2229,Le délai de prescription quadriennale a dès lors commencé à courir le 1er janvier 2019 pour se terminer le 31 décembre 2022 de sorte que la prescription était acquise lors de l'introduction de l'action en responsabilité de l'Etat le 21 décembre 2023.,Elle est acquise lorsque le dernier jour du terme est accompli.,1,1,,Oui,Oui,,1,1,2
24/03709__2024-10-03,12,2229,"Ainsi, et même en prenant la date la plus tardive pour le point de départ de la prescription d'un an, l'action initiée le 22 février 2024 à l'encontre de BBVA, soit plus d'un an après le 15 novembre 2022, est nécessairement irrecevable comme étant prescrite au 15 novembre 2023.",Elle est acquise lorsque le dernier jour du terme est accompli.,1,1,,Oui,Oui,,1,1,2
23/01414__2024-03-20,8,2229,"Monsieur [R] [G] ne conteste pas n’avoir formulé sa demande que le 5 avril 2023, soit au-delà du délai de deux ans, et soutient qu’il ignorait le délai de prescription de deux ans.",Elle est acquise lorsque le dernier jour du terme est accompli.,0,1,0.0,Non,Oui,"Non, faits ou prétentions des parties uniquement",0,0,4
23/01058__2024-10-25,12,2230,La suspension a interrompu le délai de prescription pendant un délai de 111 jours de sorte que le délai de prescription de trois ans prenait fin le 5 mars 2023.Les cotisations appelées n’étaient donc pas prescrites au 2 mars 2023 correspondant à la date de signification de la contrainte litigieuse.,La suspension de la prescription en arrête temporairement le cours sans effacer le délai déjà couru.,1,1,,Oui,Oui,,1,1,2
19/10481__2024-04-15,16,2230,L'expert [W] a déposé son rapport le 22 janvier 2019.La prescription a été interrompue par l'assignation en référé et suspendue jusqu'au dépôt du rapport de l'expert [W].,La suspension de la prescription en arrête temporairement le cours sans effacer le délai déjà couru.,1,1,,Oui,Oui,,1,1,2
16/03133__2024-05-24,24,2230,Subsidiairement ils font valoir que le délai de prescription a été suspendu le temps de la durée des mesures d’instruction.,La suspension de la prescription en arrête temporairement le cours sans effacer le délai déjà couru.,0,1,0.0,Non,Oui,"Non, faits ou prétentions des parties uniquement",0,0,1
21/10005__2024-09-02,27,2230,LMH se prévaut de la prescription triennale.L’assignation du 18 décembre 2020 est le premier acte qui a permis d’interrompre cette prescription et le délai de celle-ci a ensuite été suspendu pendant la réalisation des opérations d’expertise et jusqu’au dépôt du rapport.,La suspension de la prescription en arrête temporairement le cours sans effacer le délai déjà couru.,1,1,,Oui,Oui,,1,1,3
23/03486__2025-02-12,36,2231,"L’assignation délivrée à la requête de Monsieur [O] a valablement interrompu ce délai, de telle sorte qu’un nouveau délai, de même durée a commencé à courir à compter de la date du dernier acte de procédure, à savoir le 03 août 2023.Dès lors qu’à compter de cette date, aucun acte de procédure régulier n’est intervenu afin de manifester la volonté du requérant de poursuivre son action, le délai n’a pas nouvellement été interrompu.",L'interruption efface le délai de prescription acquis. Elle fait courir un nouveau délai de même durée que l'ancien.,1,1,,Oui,Oui,,1,1,4
20/07811__2024-07-05,5,2231,"Comme il a été précédemment jugé, la prescription quinquennale a débuté son cours le 19 décembre 2015, date à laquelle les demandeurs étaient en mesure d'exercer leur action, puis a été interrompue par le prononcé de l'ordonnance désignant l'expert judiciaire le 14 décembre 2016.",L'interruption efface le délai de prescription acquis. Elle fait courir un nouveau délai de même durée que l'ancien.,1,1,,Oui,Oui,,1,1,2
24/02308__2025-03-05,60,2231,"En outre, il apparaît à la lecture du décompte locatif portant sur la période du 17 janvier 2019 au 1er décembre 2023, que cette réduction de loyer, de 690 euros pour la période de février à avril 2022, n’a jamais été effective faute d’accord définitif entre les parties.Dès lors, il n’existe aucune cause d’interruption de la prescription.",L'interruption efface le délai de prescription acquis. Elle fait courir un nouveau délai de même durée que l'ancien.,1,1,,Oui,Oui,,1,1,4
21/03224__2024-11-12,34,2231,"Dès lors, en l'absence d'éléments permettant de reporter le point de départ de la prescription au-delà de l'année 1986, la présente action engagée en 2021 est tardive car au-delà du délai trentenaire applicable.Le syndicat des copropriétaires ne prétend ni ne justifie davantage d'un quelconque motif de suspension ou d'interruption dudit délai.",L'interruption efface le délai de prescription acquis. Elle fait courir un nouveau délai de même durée que l'ancien.,0,1,0.0,Non,Oui,Non,0,0,3
24/04281__2025-04-07,15,2233,"Cependant, cette information est antérieure au dernier renouvellement du bail, survenu le 1er décembre 2023, qui a fait naître une nouvelle obligation de souscrire une caution bancaire.Dès lors, la prescription n’est pas acquise.","La prescription ne court pas : 1° A l'égard d'une créance qui dépend d'une condition, jusqu'à ce que la condition arrive ; 2° A l'égard d'une action en garantie, jusqu'à ce que l'éviction ait lieu ; 3° A l'égard d'une créance à terme, jusqu'à ce que ce terme soit arrivé.",0,1,0.0,Non,Oui,"Non, application d’un régime spécial",0,0,0
20/01588__2024-06-28,51,2233,"Contrairement à ce qu’affirme la société AXA France Iard, le fait générateur de la créance est constitué par l’indemnisation en substitution et non par la reconnaissance de l’origine de la contamination.Le délai de prescription, que ce soit de l’assiette ou de la créance, a donc commencé à courir à la date de régularisation du protocole d’indemnisation transactionnelle.","La prescription ne court pas : 1° A l'égard d'une créance qui dépend d'une condition, jusqu'à ce que la condition arrive ; 2° A l'égard d'une action en garantie, jusqu'à ce que l'éviction ait lieu ; 3° A l'égard d'une créance à terme, jusqu'à ce que ce terme soit arrivé.",0,1,0.0,Non,Oui,Non,0,0,4
19/06678__2025-01-14,38,2233,"Contrairement à ce que soutient la société TTK, le protocole n’a donc pas trouvé son terme définitif le 22 juin 2017, de sorte qu’au jour de la demande en nullité formée par M. [F], le délai quinquennal de prescription n’était pas encore acquis.","La prescription ne court pas : 1° A l'égard d'une créance qui dépend d'une condition, jusqu'à ce que la condition arrive ; 2° A l'égard d'une action en garantie, jusqu'à ce que l'éviction ait lieu ; 3° A l'égard d'une créance à terme, jusqu'à ce que ce terme soit arrivé.",1,1,,Oui,Oui,,1,1,0
24/05960__2024-11-26,3,2233,"En l'espèce, au regard de l’historique du compte produit, il n'apparaît pas qu'un délai de plus de deux ans se soit écoulé à l'issue du délai de trois mois obligeant le prêteur à proposer une offre de crédit sur le solde débiteur non régularisé du 10 juin 2023, de sorte que la demande effectuée le 25 avril 2024 n’est pas atteinte par la forclusion.","La prescription ne court pas : 1° A l'égard d'une créance qui dépend d'une condition, jusqu'à ce que la condition arrive ; 2° A l'égard d'une action en garantie, jusqu'à ce que l'éviction ait lieu ; 3° A l'égard d'une créance à terme, jusqu'à ce que ce terme soit arrivé.",0,0,,Non,Non,,1,0,1
24/01389__2025-01-28,3,2233,"Ainsi la prescription de l’action de la société Crédit Logement a commencé à courir le 16 mai 2022 sur la somme de 669,08 euros et à compter du 31 juillet 2023 sur la somme de 38.697,24 euros.","La prescription ne court pas : 1° A l'égard d'une créance qui dépend d'une condition, jusqu'à ce que la condition arrive ; 2° A l'égard d'une action en garantie, jusqu'à ce que l'éviction ait lieu ; 3° A l'égard d'une créance à terme, jusqu'à ce que ce terme soit arrivé.",0,1,0.0,Non,Oui,Non,0,0,4
23/01008__2024-11-19,42,2233,"Cependant, la prescription ne court point à l'égard d'une créance qui dépend d'une condition, jusqu'à ce que la condition arrive.","La prescription ne court pas : 1° A l'égard d'une créance qui dépend d'une condition, jusqu'à ce que la condition arrive ; 2° A l'égard d'une action en garantie, jusqu'à ce que l'éviction ait lieu ; 3° A l'égard d'une créance à terme, jusqu'à ce que ce terme soit arrivé.",1,1,,Oui,Oui,,1,1,4
24/03905__2024-08-30,9,2233,"En l'espèce, au regard de l’historique du compte produit, il n'apparaît pas qu'un délai de plus de deux ans se soit écoulé à l'issue du délai de trois mois obligeant le prêteur à proposer une offre de crédit sur le solde débiteur non régularisé du 9 juillet 2022, de sorte que la demande effectuée le 27 mars 2024 n’est pas atteinte par la forclusion.","La prescription ne court pas : 1° A l'égard d'une créance qui dépend d'une condition, jusqu'à ce que la condition arrive ; 2° A l'égard d'une action en garantie, jusqu'à ce que l'éviction ait lieu ; 3° A l'égard d'une créance à terme, jusqu'à ce que ce terme soit arrivé.",0,0,,Non,Non,,1,0,4
23/01208__2025-01-07,8,2238,"Le délai de prescription triennal a été suspendu le 2 mai 2023, date de la première réunion des parties devant M.[G] [R], conciliateur de justice, et a recommencé à courir à compter du 2 mai 2023 pour une durée qui ne peut être inférieure à six mois à compter de l’échec de la conciliation constaté au terme de la première réunion.Il s’en suit que le délai de prescription est arrivé à son terme le 2 novembre 2023.","La prescription est suspendue à compter du jour où, après la survenance d'un litige, les parties conviennent de recourir à la médiation ou à la conciliation ou, à défaut d'accord écrit, à compter du jour de la première réunion de médiation ou de conciliation. La prescription est également suspendue à compter de la conclusion d'une convention de procédure participative ou à compter de l'accord du débiteur constaté par l'huissier de justice pour participer à la procédure prévue à l'article L. 125-1 du code des procédures civiles d'exécution. Le délai de prescription recommence à courir, pour une durée qui ne peut être inférieure à six mois, à compter de la date à laquelle soit l'une des parties ou les deux, soit le médiateur ou le conciliateur déclarent que la médiation ou la conciliation est terminée. En cas de convention de procédure participative, le délai de prescription recommence à courir à compter du terme de la convention, pour une durée qui ne peut être inférieure à six mois. En cas d'échec de la procédure prévue au même article, le délai de prescription recommence à courir à compter de la date du refus du débiteur, constaté par l'huissier, pour une durée qui ne peut être inférieure à six mois.",1,1,,Oui,Oui,,1,1,3
23/01739__2024-01-16,5,2238,"Compétence juridictionnelle du protocole d’accord du 04 juillet 2022 qui stipule une clause de tentative de conciliation préalable obligatoire ne précise pas que la mise en œuvre d’une telle tentative a pour effet de suspendre jusqu'à son issue le cours de la prescription, ceci de telle sorte qu’elle ne respecte pas les conditions fixées dans l’arrêt susvisé invoqué par toutes les parties à l’instance.","La prescription est suspendue à compter du jour où, après la survenance d'un litige, les parties conviennent de recourir à la médiation ou à la conciliation ou, à défaut d'accord écrit, à compter du jour de la première réunion de médiation ou de conciliation. La prescription est également suspendue à compter de la conclusion d'une convention de procédure participative ou à compter de l'accord du débiteur constaté par l'huissier de justice pour participer à la procédure prévue à l'article L. 125-1 du code des procédures civiles d'exécution. Le délai de prescription recommence à courir, pour une durée qui ne peut être inférieure à six mois, à compter de la date à laquelle soit l'une des parties ou les deux, soit le médiateur ou le conciliateur déclarent que la médiation ou la conciliation est terminée. En cas de convention de procédure participative, le délai de prescription recommence à courir à compter du terme de la convention, pour une durée qui ne peut être inférieure à six mois. En cas d'échec de la procédure prévue au même article, le délai de prescription recommence à courir à compter de la date du refus du débiteur, constaté par l'huissier, pour une durée qui ne peut être inférieure à six mois.",0,1,0.0,Non,Oui,Non,0,0,1
19/10495__2024-04-15,15,2239,L'expert [B] a déposé son rapport le 22 janvier 2019.La prescription a été interrompue par l'assignation en référé et suspendue jusqu'au dépôt du rapport de l'expert [B].,"La prescription est également suspendue lorsque le juge fait droit à une demande de mesure d'instruction présentée avant tout procès. Le délai de prescription recommence à courir, pour une durée qui ne peut être inférieure à six mois, à compter du jour où la mesure a été exécutée.",1,1,,Oui,Oui,,1,1,3
16/03133__2024-05-24,24,2239,Subsidiairement ils font valoir que le délai de prescription a été suspendu le temps de la durée des mesures d’instruction.,"La prescription est également suspendue lorsque le juge fait droit à une demande de mesure d'instruction présentée avant tout procès. Le délai de prescription recommence à courir, pour une durée qui ne peut être inférieure à six mois, à compter du jour où la mesure a été exécutée.",0,1,0.0,Non,Oui,"Non, faits ou prétentions des parties uniquement",0,0,1
19/10491__2024-04-15,16,2239,L'expert [K] a déposé son rapport le 22 janvier 2019.La prescription a été interrompue par l'assignation en référé et suspendue jusqu'au dépôt du rapport de l'expert [K].,"La prescription est également suspendue lorsque le juge fait droit à une demande de mesure d'instruction présentée avant tout procès. Le délai de prescription recommence à courir, pour une durée qui ne peut être inférieure à six mois, à compter du jour où la mesure a été exécutée.",1,1,,Oui,Oui,,1,1,3
23/04889__2024-07-04,2,2239,"Si cette ordonnance n'a pas interrompu le délai de prescription, Madame [C] [F] épouse [D] disposait d'un délai expirant le 5 mai 2021 (5 mai 2016 + 5 ans) pour saisir la juridiction ; dans le cas inverse elle disposait d'un délai susceptible d'être suspendu ou interrompu, repoussant le délai à fin 2023.","La prescription est également suspendue lorsque le juge fait droit à une demande de mesure d'instruction présentée avant tout procès. Le délai de prescription recommence à courir, pour une durée qui ne peut être inférieure à six mois, à compter du jour où la mesure a été exécutée.",0,0,,Non,Non,,1,0,1
24/02122__2025-03-25,8,2239,"En conséquence, alors que les troubles liés aux inondations se sont manifestés en 2011 ; que le délai de prescription a été interrompu par l'assignation en référé expertise puis suspendu pendant la durée de l'expertise ; qu'un nouveau délai de cinq ans a donc commencé à courir le 15 novembre 2015, les demandes sur le fondement du trouble anormal de voisinage formulées pour la première fois après réouverture des débats en 2023 sont prescrites.","La prescription est également suspendue lorsque le juge fait droit à une demande de mesure d'instruction présentée avant tout procès. Le délai de prescription recommence à courir, pour une durée qui ne peut être inférieure à six mois, à compter du jour où la mesure a été exécutée.",1,1,,Oui,Oui,,1,1,0
20/01158__2024-03-22,20,2241,Monsieur [L] [M] [O] fait valoir que la saisine du conseil des prud’hommes a interrompu le délai de prescription.,"La demande en justice, même en référé, interrompt le délai de prescription ainsi que le délai de forclusion. Il en est de même lorsqu'elle est portée devant une juridiction incompétente ou lorsque l'acte de saisine de la juridiction est annulé par l'effet d'un vice de procédure.",0,1,0.0,Non,Oui,"Non, faits ou prétentions des parties uniquement",0,0,1
22/06235__2024-08-09,9,2241,"Contrairement aux allégations de la SARL [V], seule la demande en justice interrompt le délai de prescription.Or, il est constant que, lorsque la demande sur laquelle porte la prescription est une demande reconventionnelle, son point de départ n'est jamais la date de l'assignation en justice délivrée par le demandeur mais, au contraire, la date à laquelle cette demande reconventionnelle a été formulée pour la première fois.","La demande en justice, même en référé, interrompt le délai de prescription ainsi que le délai de forclusion. Il en est de même lorsqu'elle est portée devant une juridiction incompétente ou lorsque l'acte de saisine de la juridiction est annulé par l'effet d'un vice de procédure.",1,1,,Oui,Oui,,1,1,1
21/02025__2024-02-02,13,2241,"Ils ont assigné en référé aux fins d’expertise le 20 mars 2019, avant l’expiration du délai, cette action ayant interrompu le délai de forclusion, et l’expert judiciaire a été désigné le 11 juillet 2019.","La demande en justice, même en référé, interrompt le délai de prescription ainsi que le délai de forclusion. Il en est de même lorsqu'elle est portée devant une juridiction incompétente ou lorsque l'acte de saisine de la juridiction est annulé par l'effet d'un vice de procédure.",1,1,,Oui,Oui,,1,1,4
23/04577__2024-06-07,2,2244,"Les causes d’interruption de la prescription sont la reconnaissance de dette par le débiteur, la mise en œuvre d’une mesure conservatoire ou d’une voie d’exécution et la demande en justice ; la délivrance d’une assignation par le locataire au bailleur interrompt donc le délai de la prescription quinquennale.",Le délai de prescription ou le délai de forclusion est également interrompu par une mesure conservatoire prise en application du code des procédures civiles d'exécution ou un acte d'exécution forcée.,1,1,,Oui,Oui,,1,1,0
23/10650__2024-02-01,22,2244,"En délivrant le 4 mars 2010, un commandement de payer aux fins de saisie-vente et le 31 décembre 2019, la cession de créance et un commandement de payer aux fins de saisie vente prenant en compte les versements du demandeur et les frais d’huissier, la société EOS FRANCE (ex EOS CREDIREC) a interrompu la prescription.",Le délai de prescription ou le délai de forclusion est également interrompu par une mesure conservatoire prise en application du code des procédures civiles d'exécution ou un acte d'exécution forcée.,1,1,,Oui,Oui,,1,1,1
23/00519__2025-02-03,5,2244,"En l'espèce, force est de constater qu'aucune mesure d'exécution forcée n'a encore été entreprise ou commencée, le seul acte pour l'instant délivré à Monsieur [N] étant un simple commandement de payer et non un commandement de payer aux fins de saisie vente ou aux fins de saisie immobilière.",Le délai de prescription ou le délai de forclusion est également interrompu par une mesure conservatoire prise en application du code des procédures civiles d'exécution ou un acte d'exécution forcée.,0,0,,Non,Non,,1,0,2
23/00043__2024-05-21,10,2244,"Cette interruption a duré jusqu’au jugement de clôture de la procédure collective pour insuffisance d’actif intervenu le 22 octobre 2014, publié au BODACC le 22/11/2014, après quoi un nouveau délai de prescription a recommencé à courir. La prescription a de nouveau été interrompue par le commandement de payer aux fins de saisie vente délivré à M. [B] [L] [S] le 17 avril 2019, ainsi que par des saisies-attribution",Le délai de prescription ou le délai de forclusion est également interrompu par une mesure conservatoire prise en application du code des procédures civiles d'exécution ou un acte d'exécution forcée.,1,1,,Oui,Oui,,1,1,2
23/00174__2025-01-28,0,2250,MOTIFS DE LA DECISION :  Il sera rappelé que l’URSSAF a renoncé à ses demandes concernant les troisième et quatrième trimestre de l’année 2018 pour lesquelles la prescription est acquise.L’objet du litige est donc limité à la réclamation portant sur les troisième et quatrième trimestres 2019.,Seule une prescription acquise est susceptible de renonciation.,1,1,,Oui,Oui,,1,1,4
21/02025__2024-02-02,5,2251,"Elle conteste toute renonciation à son droit de se prévaloir de la forclusion de l’action des époux [R] qui ne peut se présumer et doit résulter, lorsqu’elle est tacite, d’une volonté de renoncer non équivoque.",La renonciation à la prescription est expresse ou tacite. La renonciation tacite résulte de circonstances établissant sans équivoque la volonté de ne pas se prévaloir de la prescription.,1,0,0.0,Oui,Non,"Non, faits ou prétentions des parties uniquement",0,0,4
21/04690__2024-09-06,40,2256,"Les demandeurs font valoir avoir la qualité de propriétaire de la parcelle litigieuse cadastré F [Cadastre 7] , en qualité d'ayant droits de [Z] [O] aux termes de l'acte de notoriété du 1er avril 2021 établi suite au décès de ce dernier. Les modes de preuve de la propriété immobilière sont libres mais la charge de la preuve de la propriété incombe au revendiquant et non à celui qui est en possession du bien litigieux.","On est toujours présumé posséder pour soi, et à titre de propriétaire, s'il n'est prouvé qu'on a commencé à posséder pour un autre.",1,1,,Oui,Oui,,1,1,2
24/00287__2025-04-04,1,2256,"En l’espèce, il sera rappelé que la carte grise d’un véhicule n’est pas un titre de propriété, que la propriété se prouve par tout moyen et qu’en fait de meuble la possession vaut titre.","On est toujours présumé posséder pour soi, et à titre de propriétaire, s'il n'est prouvé qu'on a commencé à posséder pour un autre.",0,0,,Non,Non,,1,0,0
24/00287__2025-04-04,3,2256,"Cela a encore été suffisamment relevé par le juge des contentieux de la protection d’Amiens dans son jugement du 29 juillet 2024 par lequel il procède à la liquidation de l’astreinte à l’encontre de Monsieur [K] après avoir rappelé, notamment, que « Monsieur [R] [K], possesseur d’un bien meuble, qui agit au surplus depuis des années en qualité de propriétaire, ne peut dénier cette qualité… ».","On est toujours présumé posséder pour soi, et à titre de propriétaire, s'il n'est prouvé qu'on a commencé à posséder pour un autre.",1,1,,Oui,Oui,,1,1,0
23/02583__2024-09-30,6,2258," la prescription acquisitive la propriété du chemin litigieux, les chemins ruraux faisant en effet partie du domaine privé de la commune et étant par conséquent prescriptibles, ils ne démontrent pas pour autant d’une possession continue, non interrompue, paisible, publique, non équivoque et à titre de propriétaire de 30 ans, leur possession ayant notamment fait l’objet de contestations depuis 2017 avec l’indivision [H] et ayant porté sur un chemin ne leur appartenant pas.",La prescription acquisitive est un moyen d'acquérir un bien ou un droit par l'effet de la possession sans que celui qui l'allègue soit obligé d'en rapporter un titre ou qu'on puisse lui opposer l'exception déduite de la mauvaise foi.,1,1,,Oui,Oui,,1,1,2
22/04407__2024-11-12,13,2258,Il apparaît que M. [Z] et ses enfants ne peuvent pas se prévaloir d'une possession non équivoque et à titre de propriétaire.Il ne peuvent pas prétendre avoir acquis ce cabanon en se prévalant des règles de la prescription acquisitive.,La prescription acquisitive est un moyen d'acquérir un bien ou un droit par l'effet de la possession sans que celui qui l'allègue soit obligé d'en rapporter un titre ou qu'on puisse lui opposer l'exception déduite de la mauvaise foi.,1,1,,Oui,Oui,,1,1,1
23/00794__2024-04-08,15,2258,"Mais surtout, la parcelle acquise par son grand père ayant appartenu au domaine privé de l'Etat jusqu'au 5 janvier 1986, il ne justifie pas d'une prescription acquise à la date du 3 janvier 1986 ; Monsieur [N] se borne en effet à invoquer une possession continue, ininterrompue, paisible publique et non équivoque à titre de propriétaire durant 10 ans sans en justifier ; Il se borne à alléguer le paiement d'une taxe foncière et l'obtention d'",La prescription acquisitive est un moyen d'acquérir un bien ou un droit par l'effet de la possession sans que celui qui l'allègue soit obligé d'en rapporter un titre ou qu'on puisse lui opposer l'exception déduite de la mauvaise foi.,0,1,0.0,Non,Oui,Non,0,0,4
21/07016__2025-03-18,16,2258,"Dès lors, la SAS 3 [Z] Roll soutient que l'ensemble de ces éléments excluent que le syndicat des copropriétaires puisse revendiquer l'usucapion de cette pièce, faute d'une possession paisible, publique et non équivoque.",La prescription acquisitive est un moyen d'acquérir un bien ou un droit par l'effet de la possession sans que celui qui l'allègue soit obligé d'en rapporter un titre ou qu'on puisse lui opposer l'exception déduite de la mauvaise foi.,0,0,,Non,Non,,1,0,0
22/10119__2024-04-03,14,2261,"Eu égard à ces éléments, la preuve étant rapportée d'une possession paisible, publique et non équivoque, ininterrompue et les conditions de la prescription trentenaire réunies, il y a donc lieu de dire que Monsieur [U] [N], Madame [BF] [C], Monsieur [G] [Z], Madame [WD] [N] épouse [Z] sont donc propriétaires de la parcelle [Cadastre 24] qui prolonge","Pour pouvoir prescrire, il faut une possession continue et non interrompue, paisible, publique, non équivoque, et à titre de propriétaire.",1,1,,Oui,Oui,,1,1,2
23/02583__2024-09-30,6,2261," la prescription acquisitive la propriété du chemin litigieux, les chemins ruraux faisant en effet partie du domaine privé de la commune et étant par conséquent prescriptibles, ils ne démontrent pas pour autant d’une possession continue, non interrompue, paisible, publique, non équivoque et à titre de propriétaire de 30 ans, leur possession ayant notamment fait l’objet de contestations depuis 2017 avec l’indivision [H] et ayant porté sur un chemin ne leur appartenant pas.","Pour pouvoir prescrire, il faut une possession continue et non interrompue, paisible, publique, non équivoque, et à titre de propriétaire.",1,1,,Oui,Oui,,1,1,2
24/00657__2024-08-01,15,2261,Les demandeurs font valoir que les lieux litigieux ont été occupés près de trente ans par Monsieur [U] [E] [K] [S] de manière paisible afin d’entreposer du matériel et qu’ils sont recevables à engager une action aux fins de reconnaissance de la prescription acquisitive trentenaire.,"Pour pouvoir prescrire, il faut une possession continue et non interrompue, paisible, publique, non équivoque, et à titre de propriétaire.",0,1,0.0,Non,Oui,"Non, faits ou prétentions des parties uniquement",0,0,0
22/04982__2024-09-13,3,2274,La bonne foi de l’assuré est présumée et il appartient à l’assureur de rapporter la preuve de la mauvaise foi de son assuré.,"La bonne foi est toujours présumée, et c'est à celui qui allègue la mauvaise foi à la prouver.",1,1,,Oui,Oui,,1,1,1
23/04728__2024-05-03,8,2274,"Dans le cadre d'une procédure de surendettement, la bonne foi des débiteurs est présumée.Il appartient à celui qui se prévaut de leur mauvaise foi de démontrer celle-ci.","La bonne foi est toujours présumée, et c'est à celui qui allègue la mauvaise foi à la prouver.",1,1,,oui,Oui,,1,1,3
24/00507__2025-01-07,30,2274,"Néanmoins, ce seul constat de l'accroissement de la dette locative ne suffit pas à caractériser par lui seul la mauvaise foi de la débitrice.","La bonne foi est toujours présumée, et c'est à celui qui allègue la mauvaise foi à la prouver.",1,1,,oui,Oui,,1,1,1
23/05989__2025-02-06,30,2274,"En outre, alors que la bonne foi du débiteur doit être présumée, il n'est pas démontré que la SCI EA 1975 a agi de mauvaise foi et que le défaut de paiement précédemment constaté ne résulterait pas de difficultés personnelles et/ou financières.","La bonne foi est toujours présumée, et c'est à celui qui allègue la mauvaise foi à la prouver.",1,1,,oui,Oui,,1,1,0
23/00915__2024-09-25,6,2274,"La bonne foi étant présumée, il appartient à l'organisme de sécurité sociale d'établir, en cas de contestation, la preuve de la mauvaise foi de l'assuré (2e Civ., 2 juin 2022, pourvoi n° 20-17.440).","La bonne foi est toujours présumée, et c'est à celui qui allègue la mauvaise foi à la prouver.",1,1,,Oui,Oui,,1,1,0
24/00360__2024-11-06,23,2274,"En l'espèce, il appartient à la société CA CONSUMER FINANCE, qui se prévaut de la mauvaise foi de la débitrice, d'en rapporter la preuve.","La bonne foi est toujours présumée, et c'est à celui qui allègue la mauvaise foi à la prouver.",1,1,,oui,Oui,,1,1,2
23/01583__2024-03-26,6,2274,"En droit, la bonne foi étant présumée, il appartient à l'organisme de sécurité sociale d'établir, en cas de contestation, la preuve de la mauvaise foi de l’allocataire.","La bonne foi est toujours présumée, et c'est à celui qui allègue la mauvaise foi à la prouver.",1,1,,Oui,Oui,,1,1,1
23/00080__2025-01-14,25,2274,"Sur la bonne foi de Madame [O] [X] épouse [Y] et de Monsieur [T] [Y] La bonne foi étant présumée, il appartient au créancier qui entend soulever la mauvaise foi du débiteur d'en rapporter la preuve.","La bonne foi est toujours présumée, et c'est à celui qui allègue la mauvaise foi à la prouver.",1,1,,Oui,Oui,,1,1,0
22/14719__2025-02-13,30,2274,"En outre, alors que la bonne foi du débiteur doit être présumée, il n'est pas démontré que la société [Adresse 10] a agi de mauvaise foi et que le défaut de paiement précédemment constaté ne résulterait pas de difficultés financières en ce qu’en un an, en raison des travaux de ravalement et de couverture de l’immeuble, elle aurait dû s’acquitter de plus de 23.000 euros.","La bonne foi est toujours présumée, et c'est à celui qui allègue la mauvaise foi à la prouver.",1,1,,oui,Oui,,1,1,0
24/02046__2024-10-08,10,2274,"Aucun motif ne justifie en revanche de supprimer, ni même de réduire, le délai de deux mois laissé au défendeur pour partir volontairement après la délivrance du commandement de quitter les lieux en l’absence de 1manoeuvres, menaces, voies de fait ou contrainte pour entrer dans les lieux ou de mauvaise foi de sa part étant précisé que la bonne foi est toujours présumée.","La bonne foi est toujours présumée, et c'est à celui qui allègue la mauvaise foi à la prouver.",1,1,,oui,Oui,,1,1,2
24/08281__2025-03-25,5,2274,"En l'espèce, aucun créancier ne remet en cause la bonne foi de M [O] [M], laquelle reste donc présumée.","La bonne foi est toujours présumée, et c'est à celui qui allègue la mauvaise foi à la prouver.",1,1,,oui,Oui,,1,1,1
24/00507__2025-01-07,27,2274,Il appartient donc en l'espèce à la société R.I.V.P.de rapporter la preuve de la mauvaise foi de la débitrice.,"La bonne foi est toujours présumée, et c'est à celui qui allègue la mauvaise foi à la prouver.",1,1,,oui,Oui,,1,1,1
24/04098__2024-10-17,12,2274,"Elle exige en effet la preuve d'une dégradation ou d'une détérioration des locaux concernés ayant permis l'entrée dans les lieux, dont la preuve repose sur celui qui l'invoque.Par ailleurs, la bonne foi est toujours présumée et c'est à celui qui se prévaut de la mauvaise foi d'en rapporter la preuve.","La bonne foi est toujours présumée, et c'est à celui qui allègue la mauvaise foi à la prouver.",1,1,,Oui,Oui,,1,1,4
22/04454__2024-03-28,27,2274,"En outre, alors que la bonne foi du débiteur doit être présumée, il n'est pas démontré que la SCI AARON-RUBEN a agi de mauvaise foi et que le défaut de paiement précédemment constaté ne résulterait pas de difficultés personnelles et/ou financières.","La bonne foi est toujours présumée, et c'est à celui qui allègue la mauvaise foi à la prouver.",1,1,,oui,Oui,,1,1,0
23/01758__2024-03-28,26,2274,"En outre, alors que la bonne foi du débiteur doit être présumée, il n'est pas démontré que La SCI Osman a agi de mauvaise foi et que le défaut de paiement précédemment constaté ne résulterait pas de difficultés personnelles et/ou financières.","La bonne foi est toujours présumée, et c'est à celui qui allègue la mauvaise foi à la prouver.",1,1,,oui,Oui,,1,1,0
24/08801__2025-03-25,5,2274,"En l'espèce, aucun créancier ne remet en cause la bonne foi de M. [M] [U], laquelle reste donc présumée.","La bonne foi est toujours présumée, et c'est à celui qui allègue la mauvaise foi à la prouver.",1,1,,oui,Oui,,1,1,4
24/00454__2025-03-10,18,2274,"Cependant, il convient de rappeler que la bonne foi est présumée et qu'il appartient à celui qui soulève la mauvaise foi d'un débiteur de la prouver. La société RIVP ne produit aucun élément de nature à démontrer la véracité de ses allégations elles-mêmes formulées au conditionnel. Les pièces produites par Madame [P] [N] au soutien de sa demande de surendettement ne permettent pas de conclure à l'existence de fraude.","La bonne foi est toujours présumée, et c'est à celui qui allègue la mauvaise foi à la prouver.",1,1,,Oui,Oui,,1,1,1
23/00217__2024-01-16,20,2274,"En droit, la bonne foi étant présumée, il appartient à l'organisme de sécurité sociale d'établir, en cas de contestation, la preuve de la mauvaise foi de l'allocataire.En outre, il appartient au tribunal saisi d’une contestation de la décision de pénalité d’apprécier si la mauvaise foi est établie.","La bonne foi est toujours présumée, et c'est à celui qui allègue la mauvaise foi à la prouver.",1,1,,Oui,Oui,,1,1,2
23/03181__2025-01-31,8,2275,"Pour autant, en dépit de ce qu'allègue la CAF, cette dernière n'était pas en Suisse, mais en vacances au Portugal à cette date, ce dont elle justifie en rapportant la preuve de la réservation de son hébergement.Or, il appartient à celui qui allègue de la mauvaise foi d'en rapporter la preuve.",Il suffit que la bonne foi ait existé au moment de l'acquisition.,0,1,0.0,Non,Oui,Non,0,0,2
20/11987__2024-05-28,4,2275,Il sera cependant rappelé que la bonne foi se présume et que la preuve de la mauvaise foi du bailleur incombe au preneur qui l’invoque et s’apprécie au jour où le commandement a été délivré.,Il suffit que la bonne foi ait existé au moment de l'acquisition.,0,1,0.0,Non,Oui,Non,0,0,0
24/04234__2024-12-05,16,2287,Il est ajouté en tant que de besoin que les créances écartées de la procédure de surendettement ne peuvent faire l'objet de voies d'exécution pendant le cours de la procédure de surendettement et l'exécution du plan ou des mesures recommandées.Il y aura lieu de laisser les dépens à la charge de l'Etat.,"Les dispositions du présent livre ne font pas obstacle à l'application des règles prévues en cas d'ouverture d'une procédure de sauvegarde, de redressement judiciaire ou de liquidation judiciaire ou encore en cas d'ouverture d'une procédure de traitement des situations de surendettement des particuliers.",0,0,,Non,Non,,1,0,1
24/01607__2025-03-20,63,2287,"Il convient de rappeler toutefois qu’en cas d’inexécution par M. [T] des mesures imposées, la société CA Consumer Finance Dept Sofinco recouvra le droit de pratiquer des mesures d’exécution après avoir mis fin aux mesures imposées, soit par une décision du juge statuant en matière de surendettement, soit par l’effet d’une clause de caducité prévue par ces mesures.","Les dispositions du présent livre ne font pas obstacle à l'application des règles prévues en cas d'ouverture d'une procédure de sauvegarde, de redressement judiciaire ou de liquidation judiciaire ou encore en cas d'ouverture d'une procédure de traitement des situations de surendettement des particuliers.",0,0,,Non,Non,,1,0,2
24/04372__2025-01-30,9,2287,"Le juge est tenu de relever d'office la fin de non-recevoir tirée de l'arrêt des poursuites individuelles, consécutive à l'ouverture d'une procédure collective et de faire application des dispositions d’ordre public précitées qui obligent le créancier d’un débiteur faisant l’objet d’un redressement judiciaire à se soumettre à la procédure de vérification du passif.","Les dispositions du présent livre ne font pas obstacle à l'application des règles prévues en cas d'ouverture d'une procédure de sauvegarde, de redressement judiciaire ou de liquidation judiciaire ou encore en cas d'ouverture d'une procédure de traitement des situations de surendettement des particuliers.",0,0,,Non,Non,,1,0,4
24/00003__2024-09-26,4,2287,"Il appartiendra au créancier poursuivant de ressaisir le juge de l'exécution par le dépôt au greffe de conclusions si la procédure de surendettement n'a pas abouti à l'expiration du délai de deux ans à compter de la décision de recevabilité, ou si, cette procédure ayant abouti, une dénonciation du plan conventionnel de redressement ou des mesures de redressement intervient.","Les dispositions du présent livre ne font pas obstacle à l'application des règles prévues en cas d'ouverture d'une procédure de sauvegarde, de redressement judiciaire ou de liquidation judiciaire ou encore en cas d'ouverture d'une procédure de traitement des situations de surendettement des particuliers.",0,0,,Non,Non,,1,0,4
23/02542__2025-03-19,8,2287,"Ils conservent néanmoins la possibilité de saisir le juge du fond, pendant le cours de l'exécution des mesures de redressement, afin d'obtenir un titre exécutoire destiné à être mise en exécution en cas d'échec desdites mesures.En l'espèce, M. [R] justifie du bénéfice de mesures imposées par la commission de surendettement des particuliers du Pas-de-Calais, en date du 29 août 2024 portant effacement partiel de ses dettes.","Les dispositions du présent livre ne font pas obstacle à l'application des règles prévues en cas d'ouverture d'une procédure de sauvegarde, de redressement judiciaire ou de liquidation judiciaire ou encore en cas d'ouverture d'une procédure de traitement des situations de surendettement des particuliers.",0,0,,Non,Non,,1,0,3
23/57352__2024-11-12,13,2287-1,"Également, le même contrat de bail commercial a prévu le cautionnement de la société LYRA, qui s’est « portée caution conjointe et solidaire des engagements souscrits par le preneur. » Par acte authentique reçu le 30 juillet 2021, M. [D] [X] a vendu à la société NOUS 3 le local commercial donné à bail à la société ROUGE POISSONNIER","Les sûretés personnelles régies par le présent titre sont le cautionnement, la garantie autonome et la lettre d'intention.",0,0,,Non,Non,,1,0,1
20/11156__2024-01-19,14,2287-1," Les Jardins de [Localité 11] a acquis un bien immobilier moyennant un prix de 2 646 308,00 euros, ladite acquisition étant financée par un prêt de 2 450 000,00 euros octroyé par la Caisse d’épargne figurant à l’acte, [O] [F], partie intervenante audit acte, s’étant constitué caution solidaire de manière indéterminée, aucune référence n’étant faite explicitement à l’acte de cautionnement sous seing privé du 28 avril 2009","Les sûretés personnelles régies par le présent titre sont le cautionnement, la garantie autonome et la lettre d'intention.",0,1,0.0,Non,Oui,"Non, faits ou prétentions des parties uniquement",0,0,1
24/01326__2025-01-24,3,2287-1,"En l’espèce, il résulte des pièces versées aux débats et notamment du contrat de prêt immobilier mentionnant que ledit prêt est garanti par le cautionnement solidaire de la société PARNASSE GARANTIES à concurrence de 73.500 €, de la convention de cautionnement, des mises en demeure de la caution et du prêteur, de la quittance subrogative délivrée par la BANQUE POPULAIRE","Les sûretés personnelles régies par le présent titre sont le cautionnement, la garantie autonome et la lettre d'intention.",0,1,0.0,Non,Oui,"Non, faits ou prétentions des parties uniquement",0,0,4
21/03634__2024-09-05,102,2287-1,"Sur la demande de condamnation solidaire de madame [L]-[U], il est constant que cette dernière a, en qualité de garant, consenti à la société PHOENIX PHARMA une garantie autonome à première demande.","Les sûretés personnelles régies par le présent titre sont le cautionnement, la garantie autonome et la lettre d'intention.",0,1,0.0,Non,Oui,"Non, faits ou prétentions des parties uniquement",0,0,2
24/82104__2024-12-26,3,2288," de ce cautionnement que la personne morale cautionnée est la SCI FINANCIÈRE AMOR, ce qui au surplus est confirmé par un courrier en date du 23 décembre 2023 à l'attention du défendeur, émanant de Madame [T] [X], lequel est ainsi rédigé : ""je vous confirme que notre établissement se porte caution solidaire irrévocable de la SCI FINANCIÈ",Le cautionnement est le contrat par lequel une caution s'oblige envers le créancier à payer la dette du débiteur en cas de défaillance de celui-ci. Il peut être souscrit à la demande du débiteur principal ou sans demande de sa part et même à son insu.,1,1,,Oui,Oui,,1,1,2
23/02641__2024-09-26,3,2288,"» En l’espèce, il est constant que la SA CRÉDIT LOGEMENT s’est engagée en qualité de caution afin de garantir les prêts consentis par la BANQUE POSTALE à M. [M] [W], défaillant, et qu’elle a exécuté cet engagement.",Le cautionnement est le contrat par lequel une caution s'oblige envers le créancier à payer la dette du débiteur en cas de défaillance de celui-ci. Il peut être souscrit à la demande du débiteur principal ou sans demande de sa part et même à son insu.,1,1,,Oui,Oui,,1,1,2
21/03614__2025-02-20,15,2288,2.Sur la créance fondée sur l’engagement de caution solidaire de la société La Frégate pour le remboursement du prêt de 40.000 euros consenti le 26 novembre 2014.,Le cautionnement est le contrat par lequel une caution s'oblige envers le créancier à payer la dette du débiteur en cas de défaillance de celui-ci. Il peut être souscrit à la demande du débiteur principal ou sans demande de sa part et même à son insu.,1,1,,Oui,Oui,,1,1,0
22/04692__2025-03-07,38,2288,"En renonçant au bénéfice de discussion […] et en m'obligeant solidairement avec l'emprunteur, je m'engage à rembourser le créancier sans pouvoir exiger qu'il poursuive préalablement l'emprunteur. "" Chacun des engagements de caution de M. [S] et de Mme [P] stipule en outre : "" Il est précisé que la caution ne pourra exiger de Crédit Logement, qui garantit également cette opération, aucune contribution dans le remboursement",Le cautionnement est le contrat par lequel une caution s'oblige envers le créancier à payer la dette du débiteur en cas de défaillance de celui-ci. Il peut être souscrit à la demande du débiteur principal ou sans demande de sa part et même à son insu.,1,1,,Oui,Oui,,1,1,2
23/02325__2024-03-22,4,2288,"Suivant acte sous seing privé en date du 14 février 2022, Madame [K] [M] s'est portée caution solidaire des engagements du locataire.",Le cautionnement est le contrat par lequel une caution s'oblige envers le créancier à payer la dette du débiteur en cas de défaillance de celui-ci. Il peut être souscrit à la demande du débiteur principal ou sans demande de sa part et même à son insu.,1,1,,Oui,Oui,,1,1,3
21/03614__2025-02-20,33,2288,"Com., 9 février 2022).En l’espèce, la société Brasserie de [Localité 9] s’est, le 4 juillet 2012, constituée caution solidaire d’un « prêt assorti d’une convention de fournitures » consenti à la société La Frégate.",Le cautionnement est le contrat par lequel une caution s'oblige envers le créancier à payer la dette du débiteur en cas de défaillance de celui-ci. Il peut être souscrit à la demande du débiteur principal ou sans demande de sa part et même à son insu.,1,1,,Oui,Oui,,1,1,0
22/04692__2025-03-07,36,2288,"Le 20 mai 2011, M. [S] et Mme [P] se sont chacun (pièces n°2 et n°3) portés "" caution personnelle et solidaire "", en garantie du prêt consenti par la société Crédit Lyonnais à la SCI [B] & [U], en ces termes : "" En me portant caution de la SCI [B] & [U] […] dans la limite de la somme de",Le cautionnement est le contrat par lequel une caution s'oblige envers le créancier à payer la dette du débiteur en cas de défaillance de celui-ci. Il peut être souscrit à la demande du débiteur principal ou sans demande de sa part et même à son insu.,1,1,,oui,Oui,,1,1,2
24/03268__2024-12-12,3,229,"Cette acceptation n’est pas susceptible de rétractation, même par la voie de l’appel. Il ressort de l’acte sous signature privée des parties et contresigné par avocats dans les six mois précédant la demande en divorce (signature le 16 octobre 2024) que les époux ont accepté le principe de la rupture du mariage sans considération des faits à l’origine de celle-ci.","Les époux peuvent consentir mutuellement à leur divorce par acte sous signature privée contresigné par avocats, déposé au rang des minutes d'un notaire. Le divorce peut être prononcé en cas : -soit de consentement mutuel, dans le cas prévu au 1° de l'article 229-2 ; -soit d'acceptation du principe de la rupture du mariage ; -soit d'altération définitive du lien conjugal ; -soit de faute.",1,1,,Oui,Oui,,1,1,2
24/03878__2025-02-07,3,229,"Cette acceptation n’est pas susceptible de rétractation, même par la voie de l’appel. Il ressort de l’acte sous signature privée des parties et contresigné par avocats dans les six mois précédant la demande en divorce (signature le 5 novembre 2024) que les époux ont accepté le principe de la rupture du mariage sans considération des faits à l’origine de celle-ci.","Les époux peuvent consentir mutuellement à leur divorce par acte sous signature privée contresigné par avocats, déposé au rang des minutes d'un notaire. Le divorce peut être prononcé en cas : -soit de consentement mutuel, dans le cas prévu au 1° de l'article 229-2 ; -soit d'acceptation du principe de la rupture du mariage ; -soit d'altération définitive du lien conjugal ; -soit de faute.",1,1,,Oui,Oui,,1,1,0
23/07900__2024-02-01,14,2290,"Par ailleurs, bien que chacune des cautions se soit engagée solidairement à l’égard du débiteur, il n’existe aucune solidarité entre les cofidéjusseurs.","Le cautionnement est simple ou solidaire. La solidarité peut être stipulée entre la caution et le débiteur principal, entre les cautions, ou entre eux tous.",1,1,,Oui,Oui,,1,1,2
23/09110__2024-09-17,8,2290,"Il résulte de l’examen de l’ensemble des éléments produits aux débats que la créance apparaît établie pour le montant visé à la demande, quand à l’égard de la société emprunteuse que de monsieur [O] en sa qualité de caution personnelle.La rédaction de l’acte de caution entraîne il y a solidarité entre les défendeurs pour le paiement de la somme due.","Le cautionnement est simple ou solidaire. La solidarité peut être stipulée entre la caution et le débiteur principal, entre les cautions, ou entre eux tous.",1,1,,Oui,Oui,,1,1,3
23/57642__2024-05-02,8,2290," [N] s'est porté caution solidaire des engagements du preneur suivant acte de caution solidaire, dans la limite de 23 000 €.","Le cautionnement est simple ou solidaire. La solidarité peut être stipulée entre la caution et le débiteur principal, entre les cautions, ou entre eux tous.",1,1,,Oui,Oui,,1,1,4
22/04692__2025-03-07,14,2290,"Il convient de distinguer les dispositions concernant l'effet du cautionnement entre le débiteur et la caution, de celles concernant l'effet du cautionnement entre les cautions elles-mêmes.","Le cautionnement est simple ou solidaire. La solidarité peut être stipulée entre la caution et le débiteur principal, entre les cautions, ou entre eux tous.",1,1,,Oui,Oui,,1,1,2
24/00374__2025-01-29,27,2290,"Enfin la temporalité et le contenu de l’avenant confirment l’existence d’obligations réciproques concernant un second prêt de 200.000 euros prévoyant que les intérêts sont réglés en 24 échéances successives au taux de 7% l’an pour un montant de 28.000 euros, et pour lequel Monsieur [C] s’est constitué caution personnelle, solidaire et indivisible.","Le cautionnement est simple ou solidaire. La solidarité peut être stipulée entre la caution et le débiteur principal, entre les cautions, ou entre eux tous.",1,1,,Oui,Oui,,1,1,3
22/04692__2025-03-07,36,2290,"Le 20 mai 2011, M. [S] et Mme [P] se sont chacun (pièces n°2 et n°3) portés "" caution personnelle et solidaire "", en garantie du prêt consenti par la société Crédit Lyonnais à la SCI [B] & [U], en ces termes : "" En me portant caution de la SCI [B] & [U] […] dans la limite de la somme de","Le cautionnement est simple ou solidaire. La solidarité peut être stipulée entre la caution et le débiteur principal, entre les cautions, ou entre eux tous.",1,1,,Oui,Oui,,1,1,2
21/03614__2025-02-20,60,2291,La caution qui a désintéressé le créancier et qui exerce son recours est assimilée au créancier et la sous-caution est considérée comme la caution.,"On peut se porter caution, envers le créancier, de la personne qui a cautionné le débiteur principal.",1,1,,Oui,Oui,,1,1,0
21/03614__2025-02-20,31,2291,"L'obligation de la sous-caution, qui a pour objet de garantir la caution non pas contre le risque auquel cette dernière est exposée de devoir payer le créancier à la place du débiteur principal défaillant mais contre celui de ne pas pouvoir obtenir du débiteur principal le remboursement des sommes qu'elle a payées pour son compte en exécution de son propre engagement, prend naissance à la même date et couvre l'intégralité de ces sommes, peu important la date de leur exigibilité et le fait que les paiements ont été","On peut se porter caution, envers le créancier, de la personne qui a cautionné le débiteur principal.",1,1,,Oui,Oui,,1,1,0
21/03614__2025-02-20,41,2291," avec son activité professionnelle principale de brasseur. Concernant l’acte de cautionnement du 4 juillet 2012, l’obligation de M. [I] [U], sous-caution avait pour objet de garantir la société Brasserie de [Localité 9], caution, contre le risque de ne pas pouvoir obtenir du débiteur principal le remboursement des sommes qu'elle a payées pour son compte en exécution de son propre engagement qui a pris naissance à la date à laquelle le","On peut se porter caution, envers le créancier, de la personne qui a cautionné le débiteur principal.",1,1,,Oui,Oui,,1,1,0
21/03614__2025-02-20,64,2291,"Par son paiement, la société Brasserie de [Localité 9] a acquis la qualité de créancier à l’égard de la sous-caution solidaire à laquelle elle est par conséquent fondée à réclamer le remboursement de la somme versée à l’établissement prêteur. Il s’ensuit que M. [I] [U] sera condamné à payer à la société Brasserie de [Localité 9] la somme de 89.855,02","On peut se porter caution, envers le créancier, de la personne qui a cautionné le débiteur principal.",1,1,,Oui,Oui,,1,1,0
21/03614__2025-02-20,37,2291,"Par conséquent, l’engagement de sous-caution de M. [I] [U] du 4 juillet 2012, en contrepartie du cautionnement donné par la brasserie en garantie du financement octroyé par la banque à la société La Frégate pour les besoins de son exploitation de débit de boisson liée à la caution par un contrat d’approvisionnement exclusif, a fait naître au profit de la brasserie une créance en rapport direct avec son activité principale lui conférant la qualité de créancier professionnel","On peut se porter caution, envers le créancier, de la personne qui a cautionné le débiteur principal.",1,1,,Oui,Oui,,1,1,0
23/00043__2024-05-21,19,2292,Sur les sommes garanties : Il résulte des pièces versées aux débats que M. [B] [L] [S] a souscrit au moins deux engagements de caution : - celui relaté dans l’acte notarié 12 janvier 2007 à hauteur de 183.127€ pour garantir le paiement du prêt consenti à l’EURL BIYONG - un autre le 23 juin 2008 à hauteur de 15.000 euros garantissant les encours de l’E,"Le cautionnement peut garantir une ou plusieurs obligations, présentes ou futures, déterminées ou déterminables.",0,1,0.0,Non,Oui,"Non, faits ou prétentions des parties uniquement",0,0,2
22/03140__2024-04-09,8,2292,"En l’espèce, aux termes de l’acte authentique du 23 avril 2014, M. [G] [H] et M. [K] [X] ont déclaré « se rendre et constituer caution et répondant solidaire de l’emprunteur envers le prêteur qui accepte de l’exécution de l’obligation énoncée aux présentes, mais dans la limite de la somme de cinq cent soixante-quinze mille euros.","Le cautionnement peut garantir une ou plusieurs obligations, présentes ou futures, déterminées ou déterminables.",1,1,,Oui,Oui,,1,1,1
22/04711__2024-06-06,28,2292,"En définitive, il apparait que MM. [Y] et [L] se sont chacun portés caution, le 4 septembre 2018, de deux prêts souscrits auprès de la SA CIC OUEST pour un montant total de 77 040 euros chacun et sur une durée de 107 mois et cela après s’être précédemment engagés chacun en qualité de caution et pour garantir le paiement de deux autres prêts souscrits auprès de la société BNP PA","Le cautionnement peut garantir une ou plusieurs obligations, présentes ou futures, déterminées ou déterminables.",1,1,,Oui,Oui,,1,1,3
23/00043__2024-05-21,21,2292,"D’abord, rien n’interdit à un garant de souscrire plusieurs engagements et parmi ceux-ci un cautionnement omnibus.","Le cautionnement peut garantir une ou plusieurs obligations, présentes ou futures, déterminées ou déterminables.",1,1,,Oui,Oui,,1,1,2
24/01151__2024-08-23,11,2293,"Cette obligation étant incontestée, il convient de condamner Monsieur [N] [H] et Monsieur [R] [H] solidairement, eu égard à l'engagement de caution qui n'est pas non plus remis en cause, au paiement d'une provision de 3 296,72 euros entre les mains de Madame [C] [W].","Le cautionnement ne peut exister que sur une obligation valable. Néanmoins, celui qui se porte caution d'une personne physique dont il savait qu'elle n'avait pas la capacité de contracter est tenu de son engagement.",1,1,,Oui,Oui,,1,1,0
21/00116__2024-05-28,17,2293,"S’il est prévu un cautionnement solidaire en garantie du ou des crédits objets du présent contrat, il est expressément stipulé que ce cautionnement est constitué à la garantie des engagements de la société sous la condition suspensive de l’immatriculation de celle-ci au Registre du Commerce et des Sociétés ».","Le cautionnement ne peut exister que sur une obligation valable. Néanmoins, celui qui se porte caution d'une personne physique dont il savait qu'elle n'avait pas la capacité de contracter est tenu de son engagement.",0,1,0.0,Non,Oui,"Non, faits ou prétentions des parties uniquement",0,0,2
22/04692__2025-03-07,38,2293,"En renonçant au bénéfice de discussion […] et en m'obligeant solidairement avec l'emprunteur, je m'engage à rembourser le créancier sans pouvoir exiger qu'il poursuive préalablement l'emprunteur. "" Chacun des engagements de caution de M. [S] et de Mme [P] stipule en outre : "" Il est précisé que la caution ne pourra exiger de Crédit Logement, qui garantit également cette opération, aucune contribution dans le remboursement","Le cautionnement ne peut exister que sur une obligation valable. Néanmoins, celui qui se porte caution d'une personne physique dont il savait qu'elle n'avait pas la capacité de contracter est tenu de son engagement.",0,0,,Non,Non,,1,0,2
24/03695__2025-03-18,11,2294,La créance de la banque à son encontre ne saurait donc excéder cette somme.Le cautionnement souscrit par M. [N] est expressément prévu sans bénéfice de discussion ou de division.,Le cautionnement doit être exprès. Il ne peut être étendu au-delà des limites dans lesquelles il a été contracté.,1,1,,Oui,Oui,,1,1,4
24/01483__2025-02-06,40,2294,Il convient de rappeler que l’engagement de caution de Madame [X] [O] sera limité à la somme totale de 750 €.,Le cautionnement doit être exprès. Il ne peut être étendu au-delà des limites dans lesquelles il a été contracté.,1,1,,Oui,Oui,,1,1,0
24/01899__2025-02-18,28,2294,"Les défendeurs exposent avoir signé le 10 décembre 2021 un document intitulé "" procurer pour se porter caution solidaire "", comportant une mention manuscrite, donnée au profit non pas de la S.C.I.Verdi mais au bénéfice de l'Office public de l'habitat du nord.",Le cautionnement doit être exprès. Il ne peut être étendu au-delà des limites dans lesquelles il a été contracté.,0,1,0.0,Non,Oui,"Non, faits ou prétentions des parties uniquement",0,0,1
23/02148__2024-03-22,15,2295,La société PICONI 4 TEMPS [Localité 4] et la caution seront condamnées solidairement à titre provisionnel au paiement de cette somme.Celle-ci portera intérêt au taux convenu dans le bail soit le taux légal augmenté de 5 points.,"Sauf clause contraire, le cautionnement s'étend aux intérêts et autres accessoires de l'obligation garantie, ainsi qu'aux frais de la première demande, et à tous ceux postérieurs à la dénonciation qui en est faite à la caution.",1,1,,Oui,Oui,,1,1,4
22/00118__2024-06-10,68,2295,"» Les parties s'accordent à reconnaître que l'engagement de caution des consorts [P] est limité à une année de loyers et charges soit 5 400 euros.Il résulte de ces dispositions que les consorts [P] se sont portés caution solidaire de l'ensemble des sommes dues par le preneur, de sorte qu'il n'y a pas lieu d'écarter les pénalités.","Sauf clause contraire, le cautionnement s'étend aux intérêts et autres accessoires de l'obligation garantie, ainsi qu'aux frais de la première demande, et à tous ceux postérieurs à la dénonciation qui en est faite à la caution.",1,1,,Oui,Oui,,1,1,3
24/00984__2024-09-16,16,2295,"En conséquence, le recours contre la deuxième caution solidaire sera limité à la moitié de la dette, soit 356 265,42 euros.M. [X] sera donc condamné solidairement avec la société SDH dans la limite du montant susvisé avec intérêts au taux légal à compter de la mise en demeure du 11 janvier 2024.","Sauf clause contraire, le cautionnement s'étend aux intérêts et autres accessoires de l'obligation garantie, ainsi qu'aux frais de la première demande, et à tous ceux postérieurs à la dénonciation qui en est faite à la caution.",1,1,,Oui,Oui,,1,1,1
23/02816__2025-03-25,26,2295,La demande en condamnation solidaire des cautions au paiement du coût de l’inscription d’hypothèque judiciaire sera donc rejetée.,"Sauf clause contraire, le cautionnement s'étend aux intérêts et autres accessoires de l'obligation garantie, ainsi qu'aux frais de la première demande, et à tous ceux postérieurs à la dénonciation qui en est faite à la caution.",0,1,0.0,Non,Oui,"Non, application d’un régime spécial",0,0,4
24/00840__2025-02-25,17,2295,"Sur la caution Il ressort de l’acte de caution du 13 novembre 2021 que Monsieur [K] [H] gérant de la société CLICK& BAT s’est porté caution solidaire dans la limite de la somme de 72 000 euros pour une durée de neuf ans, des sommes dues au titre des loyers et charges en principal, intérêts et frais accessoires.","Sauf clause contraire, le cautionnement s'étend aux intérêts et autres accessoires de l'obligation garantie, ainsi qu'aux frais de la première demande, et à tous ceux postérieurs à la dénonciation qui en est faite à la caution.",1,1,,Oui,Oui,,1,1,0
22/13757__2024-09-19,2,2295,"Par conséquent, la caution garantit, d’une part, l’obligation principale dans la limite stipulée en cas d’engagement défini, et d’autre part, ses accessoires, soit, notamment, les intérêts qu’elle a produits et les frais de justice exposés par le créancier aux fins de recouvrer sa créance.","Sauf clause contraire, le cautionnement s'étend aux intérêts et autres accessoires de l'obligation garantie, ainsi qu'aux frais de la première demande, et à tous ceux postérieurs à la dénonciation qui en est faite à la caution.",1,1,,Oui,Oui,,1,1,1
24/01483__2025-02-06,40,2296,Il convient de rappeler que l’engagement de caution de Madame [X] [O] sera limité à la somme totale de 750 €.,"Le cautionnement ne peut excéder ce qui est dû par le débiteur ni être contracté sous des conditions plus onéreuses, sous peine d'être réduit à la mesure de l'obligation garantie. Il peut être contracté pour une partie de la dette seulement et sous des conditions moins onéreuses.",1,1,,Oui,Oui,,1,1,0
24/03695__2025-03-18,11,2296,La créance de la banque à son encontre ne saurait donc excéder cette somme.Le cautionnement souscrit par M. [N] est expressément prévu sans bénéfice de discussion ou de division.,"Le cautionnement ne peut excéder ce qui est dû par le débiteur ni être contracté sous des conditions plus onéreuses, sous peine d'être réduit à la mesure de l'obligation garantie. Il peut être contracté pour une partie de la dette seulement et sous des conditions moins onéreuses.",1,1,,Oui,Oui,,1,1,4
22/03499__2024-10-03,15,2296,"Le principe de proportionnalité du cautionnement est donc applicable à la cause.A ce titre, il apparait que l’obligation principale de la S.A.S AU ROYAUME DU PAIN impliquait le remboursement de la somme de 31.088 euros, outre les intérêts au taux de 4 %, dans le cadre de 48 échéances mensuelles de 701,94 euros.","Le cautionnement ne peut excéder ce qui est dû par le débiteur ni être contracté sous des conditions plus onéreuses, sous peine d'être réduit à la mesure de l'obligation garantie. Il peut être contracté pour une partie de la dette seulement et sous des conditions moins onéreuses.",1,1,,Oui,Oui,,1,1,4
24/02419__2025-02-04,16,2297,"Il convient de constater que l'acte de caution prévoit que l'engagement de Monsieur [Z] [K] en qualité de caution solidaire se limite à la somme de 866,40 euros et que la phrase concernant la durée de l'engagement est incomplète s'agissant de la version manuscrite.","A peine de nullité de son engagement, la caution personne physique appose elle-même la mention qu'elle s'engage en qualité de caution à payer au créancier ce que lui doit le débiteur en cas de défaillance de celui-ci, dans la limite d'un montant en principal et accessoires exprimé en toutes lettres et en chiffres. En cas de différence, le cautionnement vaut pour la somme écrite en toutes lettres. Si la caution est privée des bénéfices de discussion ou de division, elle reconnaît dans cette mention ne pouvoir exiger du créancier qu'il poursuive d'abord le débiteur ou qu'il divise ses poursuites entre les cautions. A défaut, elle conserve le droit de se prévaloir de ces bénéfices. La personne physique qui donne mandat à autrui de se porter caution doit respecter les dispositions du présent article.",1,1,,Oui,Oui,,1,1,3
23/01147__2025-03-04,5,2297,"Sur la validité de l’acte de cautionnement A peine de nullité de son engagement, la caution personne physique appose elle-même la mention qu'elle s'engage en qualité de caution à payer au créancier ce que lui doit le débiteur en cas de défaillance de celui-ci, dans la limite d'un montant en principal et accessoires exprimé en toutes lettres et en chiffres.En cas de différence, le cautionnement vaut pour la somme écrite en toutes lettres.","A peine de nullité de son engagement, la caution personne physique appose elle-même la mention qu'elle s'engage en qualité de caution à payer au créancier ce que lui doit le débiteur en cas de défaillance de celui-ci, dans la limite d'un montant en principal et accessoires exprimé en toutes lettres et en chiffres. En cas de différence, le cautionnement vaut pour la somme écrite en toutes lettres. Si la caution est privée des bénéfices de discussion ou de division, elle reconnaît dans cette mention ne pouvoir exiger du créancier qu'il poursuive d'abord le débiteur ou qu'il divise ses poursuites entre les cautions. A défaut, elle conserve le droit de se prévaloir de ces bénéfices. La personne physique qui donne mandat à autrui de se porter caution doit respecter les dispositions du présent article.",1,1,,Oui,Oui,,1,1,3
24/01290__2025-03-11,4,2297,"De leur côté, les défendeurs ne prouvent pas s'être libérés de leurs obligations contractuelles par un paiement.L'acte de cautionnement étant régulier et comprenant une clause de renonciation au bénéfice de discussion, la condamnation solidaire de Mme [R] [U] [W] et Mme [M] [N] [G] au paiement des sommes dues au prêteur pourra être prononcée, dans la limite de 3 000 euros prévue à l'acte.","A peine de nullité de son engagement, la caution personne physique appose elle-même la mention qu'elle s'engage en qualité de caution à payer au créancier ce que lui doit le débiteur en cas de défaillance de celui-ci, dans la limite d'un montant en principal et accessoires exprimé en toutes lettres et en chiffres. En cas de différence, le cautionnement vaut pour la somme écrite en toutes lettres. Si la caution est privée des bénéfices de discussion ou de division, elle reconnaît dans cette mention ne pouvoir exiger du créancier qu'il poursuive d'abord le débiteur ou qu'il divise ses poursuites entre les cautions. A défaut, elle conserve le droit de se prévaloir de ces bénéfices. La personne physique qui donne mandat à autrui de se porter caution doit respecter les dispositions du présent article.",1,1,,Oui,Oui,,1,1,1
24/02351__2025-03-26,7,2297,"La mention obligatoire de la signature dans l'acte de cautionnement solidaire étant manquante, l'engagement de la caution est nul. Monsieur [O] [L] sera débouté de ses demandes dirigées à l'encontre de Monsieur [D] [I].","A peine de nullité de son engagement, la caution personne physique appose elle-même la mention qu'elle s'engage en qualité de caution à payer au créancier ce que lui doit le débiteur en cas de défaillance de celui-ci, dans la limite d'un montant en principal et accessoires exprimé en toutes lettres et en chiffres. En cas de différence, le cautionnement vaut pour la somme écrite en toutes lettres. Si la caution est privée des bénéfices de discussion ou de division, elle reconnaît dans cette mention ne pouvoir exiger du créancier qu'il poursuive d'abord le débiteur ou qu'il divise ses poursuites entre les cautions. A défaut, elle conserve le droit de se prévaloir de ces bénéfices. La personne physique qui donne mandat à autrui de se porter caution doit respecter les dispositions du présent article.",1,1,,Oui,Oui,,1,1,0
24/01854__2025-03-13,14,2297,"Le cautionnement doit être exprès et la caution personne physique doit apposer elle-même en toutes lettres la mention qu'elle s'engage en qualité de caution à payer au créancier ce que lui doit le débiteur en cas de défaillance de celui-ci, dans la limite d'un montant en principal et accessoires exprimé en toutes lettres et en chiffres.","A peine de nullité de son engagement, la caution personne physique appose elle-même la mention qu'elle s'engage en qualité de caution à payer au créancier ce que lui doit le débiteur en cas de défaillance de celui-ci, dans la limite d'un montant en principal et accessoires exprimé en toutes lettres et en chiffres. En cas de différence, le cautionnement vaut pour la somme écrite en toutes lettres. Si la caution est privée des bénéfices de discussion ou de division, elle reconnaît dans cette mention ne pouvoir exiger du créancier qu'il poursuive d'abord le débiteur ou qu'il divise ses poursuites entre les cautions. A défaut, elle conserve le droit de se prévaloir de ces bénéfices. La personne physique qui donne mandat à autrui de se porter caution doit respecter les dispositions du présent article.",1,1,,Oui,Oui,,1,1,4
24/00114__2024-10-15,21,2297,"Force est de constater que la présence de cette mention manuscrite est prescrite à peine de nullité compte tenu de la gravité de la portée de tout engagement en qualité de caution, qui plus est solidaire.Par ailleurs, cette mention manuscrite commence par la formulation « bon pour accord » et non par « bon pour caution solidaire » comme spécifié dans le paragraphe à recopier au-dessus sur l’acte de caution.","A peine de nullité de son engagement, la caution personne physique appose elle-même la mention qu'elle s'engage en qualité de caution à payer au créancier ce que lui doit le débiteur en cas de défaillance de celui-ci, dans la limite d'un montant en principal et accessoires exprimé en toutes lettres et en chiffres. En cas de différence, le cautionnement vaut pour la somme écrite en toutes lettres. Si la caution est privée des bénéfices de discussion ou de division, elle reconnaît dans cette mention ne pouvoir exiger du créancier qu'il poursuive d'abord le débiteur ou qu'il divise ses poursuites entre les cautions. A défaut, elle conserve le droit de se prévaloir de ces bénéfices. La personne physique qui donne mandat à autrui de se porter caution doit respecter les dispositions du présent article.",1,1,,Oui,Oui,,1,1,1
19/07817__2024-09-26,15,2298,"DE [Localité 5] peut se prévaloir. Les tiers, parmi lesquels figure la caution, ne peuvent s’en prévaloir. Il en résulte que Monsieur [L] [B] ne peut pas, en sa qualité de caution, opposer cette exception au créancier, et sera débouté de sa demande à ce titre.","La caution peut opposer au créancier toutes les exceptions, personnelles ou inhérentes à la dette, qui appartiennent au débiteur, sous réserve des dispositions du deuxième alinéa de l'article 2293. Toutefois la caution ne peut se prévaloir des mesures légales ou judiciaires dont bénéficie le débiteur en conséquence de sa défaillance, sauf disposition spéciale contraire.",1,1,,Oui,Oui,,1,1,0
21/03614__2025-02-20,60,2298,La caution qui a désintéressé le créancier et qui exerce son recours est assimilée au créancier et la sous-caution est considérée comme la caution.,"La caution peut opposer au créancier toutes les exceptions, personnelles ou inhérentes à la dette, qui appartiennent au débiteur, sous réserve des dispositions du deuxième alinéa de l'article 2293. Toutefois la caution ne peut se prévaloir des mesures légales ou judiciaires dont bénéficie le débiteur en conséquence de sa défaillance, sauf disposition spéciale contraire.",0,0,,Non,Non,,1,0,0
22/03140__2024-04-09,41,2299,"En l’espèce, il a été rappelé ci-dessus que M. [U] [L] et Mme [A] [L] n’ont pas agi dans un cadre professionnel et qu’ils n’exercent pas le commerce de crédit, de sorte qu’ils n’étaient pas débiteurs d’une obligation de mise en garde à l’égard des cautions.","Le créancier professionnel est tenu de mettre en garde la caution personne physique lorsque l'engagement du débiteur principal est inadapté aux capacités financières de ce dernier. A défaut, le créancier est déchu de son droit contre la caution à hauteur du préjudice subi par celle-ci.",1,1,,Oui,Oui,,1,1,1
23/05615__2025-03-04,10,2299,"Il en est de même de sa contestation tirée du fait qu'en sa qualité de caution non avertie, elle aurait dû bénéficier d'une mise en garde qui l'aurait conduite à renoncer à se porter caution, du fait de la disproportion de cet engagement, au regard de sa situation financière.","Le créancier professionnel est tenu de mettre en garde la caution personne physique lorsque l'engagement du débiteur principal est inadapté aux capacités financières de ce dernier. A défaut, le créancier est déchu de son droit contre la caution à hauteur du préjudice subi par celle-ci.",1,1,,Oui,Oui,,1,1,1
22/03499__2024-10-03,23,2300,"Elle ne résulte pas du seul fait que le montant du cautionnement excède la valeur du patrimoine de la caution.Elle ne se ramène pas non plus, en sens inverse, à une simple situation d'insolvabilité.","Si le cautionnement souscrit par une personne physique envers un créancier professionnel était, lors de sa conclusion, manifestement disproportionné aux revenus et au patrimoine de la caution, il est réduit au montant à hauteur duquel elle pouvait s'engager à cette date.",1,1,,Oui,Oui,,1,1,4
22/03499__2024-10-03,25,2300,"Il est considéré qu’il y avait disproportion entre l’engagement de caution de 31.088 euros et des revenus déclarés de Monsieur [J] [I] et Madame [H] [I] à la date de la signature de leur engagement de caution puisque la somme à rembourser mensuellement était de 700 euros soit un endettement de 42% lors de la signature, proportion dépassement le seuil généralement admis.","Si le cautionnement souscrit par une personne physique envers un créancier professionnel était, lors de sa conclusion, manifestement disproportionné aux revenus et au patrimoine de la caution, il est réduit au montant à hauteur duquel elle pouvait s'engager à cette date.",1,1,,Oui,Oui,,1,1,4
21/04918__2024-09-13,15,2300," de son exécution , la caution pouvant revenir à meilleure fortune , la sanction encourue par le créancier professionnel pouvant être écartée si , au moment de l'exécution de l'engagement , la caution dispose de ressources suffisantes pour payer sa dette .","Si le cautionnement souscrit par une personne physique envers un créancier professionnel était, lors de sa conclusion, manifestement disproportionné aux revenus et au patrimoine de la caution, il est réduit au montant à hauteur duquel elle pouvait s'engager à cette date.",1,1,,Oui,Oui,,1,1,3
22/04711__2024-06-06,2,2300,"La disproportion manifeste du cautionnement aux biens et revenus de la caution suppose que cette dernière se trouve, lorsqu'elle s'engage, dans l'impossibilité manifeste de faire face à son obligation avec ses biens et revenus.Elle s'apprécie au regard du montant de l'engagement et des biens et revenus de la caution et en tenant compte de l'endettement global de celle-ci, y compris celui résultant d'engagements de caution.","Si le cautionnement souscrit par une personne physique envers un créancier professionnel était, lors de sa conclusion, manifestement disproportionné aux revenus et au patrimoine de la caution, il est réduit au montant à hauteur duquel elle pouvait s'engager à cette date.",1,1,,Oui,Oui,,1,1,3
22/10700__2024-01-11,27,2302,"Au vu des pièces versées aux débats, il apparait que le décompte est conforme au jugement prononcé le 15 décembre 2012, que la première saisie-attribution pratiquée le 26 février 2012 concerne [F] [B] également tenu à la dette et que le décompte des intérêts conventionnels prend en compte la déchéance d’une partie d’entre eux pour défaut d’information de la caution puisqu’il ne court qu’à compter du 1er octobre 2017.","Le créancier professionnel est tenu, avant le 31 mars de chaque année et à ses frais, de faire connaître à toute caution personne physique le montant du principal de la dette, des intérêts et autres accessoires restant dus au 31 décembre de l'année précédente au titre de l'obligation garantie, sous peine de déchéance de la garantie des intérêts et pénalités échus depuis la date de la précédente information et jusqu'à celle de la communication de la nouvelle information. Dans les rapports entre le créancier et la caution, les paiements effectués par le débiteur pendant cette période sont imputés prioritairement sur le principal de la dette. Le créancier professionnel est tenu, à ses frais et sous la même sanction, de rappeler à la caution personne physique le terme de son engagement ou, si le cautionnement est à durée indéterminée, sa faculté de résiliation à tout moment et les conditions dans lesquelles celle-ci peut être exercée. Le présent article est également applicable au cautionnement souscrit par une personne morale envers un établissement de crédit ou une société de financement en garantie d'un concours financier accordée à une entreprise.",1,0,0.0,Oui,Non,Non,0,0,0
22/07900__2024-03-21,17,2303,"- sur le respect par la banque de l’obligation d'information annuelle Les cautions font valoir que la banque n’apporterait pas la preuve de les avoir informé avant le 1 mars de chaque année du montant du principal et des intérêts au titre de l’obligation de garantie, de plus le créancier serait tenu de les aviser de la défaillance du débiteur principal dès le premier incident de paiement non régularisé dans le mois de l'exigibilité de ce paiement, de sorte qu’elles ne seraient plus","Le créancier professionnel est tenu d'informer toute caution personne physique de la défaillance du débiteur principal dès le premier incident de paiement non régularisé dans le mois de l'exigibilité de ce paiement, à peine de déchéance de la garantie des intérêts et pénalités échus entre la date de cet incident et celle à laquelle elle en a été informée. Dans les rapports entre le créancier et la caution, les paiements effectués par le débiteur pendant cette période sont imputés prioritairement sur le principal de la dette.",0,1,0.0,Non,Oui,"Non, faits ou prétentions des parties uniquement",0,0,1
22/07900__2024-03-21,14,2303,"La banque affirme que la caution qui prétend que son créancier aurait mis en œuvre la clause de déchéance du terme de mauvaise foi d'en rapporter la preuve, ce qu’elle ne ferait pas, en ne justifiant pas de l’avoir informé avant le prononcé de la déchéance des difficultés personnelles invoquées et non démontrées par ailleurs ; la déchéance ne serait intervenue que passé six mois après l’arrêt de paiement des échéances constatée en 2021.","Le créancier professionnel est tenu d'informer toute caution personne physique de la défaillance du débiteur principal dès le premier incident de paiement non régularisé dans le mois de l'exigibilité de ce paiement, à peine de déchéance de la garantie des intérêts et pénalités échus entre la date de cet incident et celle à laquelle elle en a été informée. Dans les rapports entre le créancier et la caution, les paiements effectués par le débiteur pendant cette période sont imputés prioritairement sur le principal de la dette.",0,1,0.0,Non,Oui,"Non, faits ou prétentions des parties uniquement",0,0,1
24/09127__2025-03-05,15,2303,"Lorsque les obligations résultant d'un contrat de location conclu en application du présent titre sont garanties par un cautionnement, le commandement de payer est signifié à la caution dans un délai de quinze jours à compter de sa signification au locataire.A défaut, la caution ne peut être tenue au paiement des pénalités ou des intérêts de retard.","Le créancier professionnel est tenu d'informer toute caution personne physique de la défaillance du débiteur principal dès le premier incident de paiement non régularisé dans le mois de l'exigibilité de ce paiement, à peine de déchéance de la garantie des intérêts et pénalités échus entre la date de cet incident et celle à laquelle elle en a été informée. Dans les rapports entre le créancier et la caution, les paiements effectués par le débiteur pendant cette période sont imputés prioritairement sur le principal de la dette.",0,0,,Non,Non,,1,0,3
22/10700__2024-01-11,27,2303,"Au vu des pièces versées aux débats, il apparait que le décompte est conforme au jugement prononcé le 15 décembre 2012, que la première saisie-attribution pratiquée le 26 février 2012 concerne [F] [B] également tenu à la dette et que le décompte des intérêts conventionnels prend en compte la déchéance d’une partie d’entre eux pour défaut d’information de la caution puisqu’il ne court qu’à compter du 1er octobre 2017.","Le créancier professionnel est tenu d'informer toute caution personne physique de la défaillance du débiteur principal dès le premier incident de paiement non régularisé dans le mois de l'exigibilité de ce paiement, à peine de déchéance de la garantie des intérêts et pénalités échus entre la date de cet incident et celle à laquelle elle en a été informée. Dans les rapports entre le créancier et la caution, les paiements effectués par le débiteur pendant cette période sont imputés prioritairement sur le principal de la dette.",1,0,0.0,Oui,Non,Non,0,0,0
23/03575__2024-02-13,25,2305,"En l’espèce, l’acte de caution solidaire signé par Mme [R] [V] [C] [N] [G] satisfait aux exigences légales.Par conséquent, Mme [R] [V] [C] [N] [G] sera condamnée au paiement du montant des arriérées de loyers et réparations locatives telles que fixées au présent jugement, et ce solidairement avec le locataire.","Le bénéfice de discussion permet à la caution d'obliger le créancier à poursuivre d'abord le débiteur principal. Ne peut se prévaloir de ce bénéfice ni la caution tenue solidairement avec le débiteur, ni celle qui a renoncé à ce bénéfice, non plus que la caution judiciaire.",0,1,0.0,Non,Oui,Non,0,0,1
21/04769__2024-02-21,82,2305,"En l'espèce, suivant un acte de caution en date du 30 octobre 2015, Monsieur [Y] [R], s'est porté caution solidaire de la société AVENIR IMMOBILIER, sans bénéfice de discussion et de division, ""pour le paiement des loyers (...) ainsi que des indemnités d'occupation, charges récupérables, réparations locatives et frais éventuels de procédure, ces obligations résultant du bail dont j'ai reçu","Le bénéfice de discussion permet à la caution d'obliger le créancier à poursuivre d'abord le débiteur principal. Ne peut se prévaloir de ce bénéfice ni la caution tenue solidairement avec le débiteur, ni celle qui a renoncé à ce bénéfice, non plus que la caution judiciaire.",1,1,,Oui,Oui,,1,1,1
24/00369__2024-12-20,18,2305,"» En l’espèce, par acte en date du 3 juin 2021, Monsieur [W] [O] s’est porté caution solidaire des engagements de la SCCV [Localité 4] Gentry Fox envers la banque BNP Paribas pour un montant maximum de 600.000 euros et ce, jusqu’au 2 juin 2025.Il a également renoncé au bénéfice de discussion.","Le bénéfice de discussion permet à la caution d'obliger le créancier à poursuivre d'abord le débiteur principal. Ne peut se prévaloir de ce bénéfice ni la caution tenue solidairement avec le débiteur, ni celle qui a renoncé à ce bénéfice, non plus que la caution judiciaire.",1,1,,Oui,Oui,,1,1,4
24/00757__2024-06-04,17,2305,"Sur la condamnation de la caution : Monsieur [W] [R], qui a été informé de la défaillance de la locataire, sera tenu, en vertu de son engagement de caution, dont la validité n’est pas contestée, au paiement de la sommes précitée, à titre provisionnel et solidairement avec la co-défenderesse.","Le bénéfice de discussion permet à la caution d'obliger le créancier à poursuivre d'abord le débiteur principal. Ne peut se prévaloir de ce bénéfice ni la caution tenue solidairement avec le débiteur, ni celle qui a renoncé à ce bénéfice, non plus que la caution judiciaire.",1,1,,Oui,Oui,,1,1,0
23/04719__2025-03-18,1,2305," intérêt déterminé.” En l’espèce, il est constant que Monsieur [K] [U] est caution solidaire de la SARL TRANSPORTS GUERRE, de sorte que la société FINANCO a intérêt à l’inclure dans la procédure.","Le bénéfice de discussion permet à la caution d'obliger le créancier à poursuivre d'abord le débiteur principal. Ne peut se prévaloir de ce bénéfice ni la caution tenue solidairement avec le débiteur, ni celle qui a renoncé à ce bénéfice, non plus que la caution judiciaire.",1,1,,Oui,Oui,,1,1,4
22/05821__2025-03-04,50,2305,"De surcroît il revient au créancier le choix des poursuites parmi lequel celui d’actionner le débiteur principal avant la caution étant rappelé que le cautionnement est toujours un contrat accessoire au contrat principal. Dès lors, ce moyen de défense ne saurait davantage prospérer. 1.2.2.Sur la créance de la banque : La banque produit les tableaux d’amortissement ainsi qu’un décompte détaillé pour chacun des prêts permettant de s’assurer du bien-fondé de sa demande.","Le bénéfice de discussion permet à la caution d'obliger le créancier à poursuivre d'abord le débiteur principal. Ne peut se prévaloir de ce bénéfice ni la caution tenue solidairement avec le débiteur, ni celle qui a renoncé à ce bénéfice, non plus que la caution judiciaire.",0,0,,Non,Non,,1,0,3
24/01778__2024-11-08,19,2305,"Ainsi, Monsieur [E] [V] est valablement engagé en tant que caution solidaire de la société ADEXPORT pour les sommes réclamées à cette dernière.Par ailleurs, Monsieur [E] [V] ne contestant pas sa qualité de caution ni son engagement, il y a lieu de faire droit à la demande de condamnation solidaire au paiement des sommes dues par la société ADEXPORT.","Le bénéfice de discussion permet à la caution d'obliger le créancier à poursuivre d'abord le débiteur principal. Ne peut se prévaloir de ce bénéfice ni la caution tenue solidairement avec le débiteur, ni celle qui a renoncé à ce bénéfice, non plus que la caution judiciaire.",1,1,,Oui,Oui,,1,1,0
24/03131__2025-05-20,32,2306,"Monsieur [Y] [Z], ainsi que ses deux cautions, Monsieur [Y] [M] et Madame [Y] [O] seront ainsi solidairement condamnés au paiement de cette somme.","Lorsque plusieurs personnes se sont portées cautions de la même dette, elles sont chacune tenues pour le tout. Néanmoins, celle qui est poursuivie peut opposer au créancier le bénéfice de division. Le créancier est alors tenu de diviser ses poursuites et ne peut lui réclamer que sa part de la dette. Ne peuvent se prévaloir du bénéfice de division les cautions solidaires entre elles, ni les cautions qui ont renoncé à ce bénéfice.",1,1,,Oui,Oui,,1,1,1
22/00118__2024-06-10,68,2306,"» Les parties s'accordent à reconnaître que l'engagement de caution des consorts [P] est limité à une année de loyers et charges soit 5 400 euros.Il résulte de ces dispositions que les consorts [P] se sont portés caution solidaire de l'ensemble des sommes dues par le preneur, de sorte qu'il n'y a pas lieu d'écarter les pénalités.","Lorsque plusieurs personnes se sont portées cautions de la même dette, elles sont chacune tenues pour le tout. Néanmoins, celle qui est poursuivie peut opposer au créancier le bénéfice de division. Le créancier est alors tenu de diviser ses poursuites et ne peut lui réclamer que sa part de la dette. Ne peuvent se prévaloir du bénéfice de division les cautions solidaires entre elles, ni les cautions qui ont renoncé à ce bénéfice.",0,1,0.0,Non,Oui,Non,0,0,3
24/00781__2024-11-20,15,2306,"Sur la demande de condamnation des cautions solidaires  La partie demanderesse produit les actes de cautionnement solidaire en date du 17 août 2021, aux termes desquels il ressort que M. [B] [X] et Mme [H] [X] s’engagent respectivement pour toutes les sommes dues à la résidence en vertu du contrat de séjour signé le 17 août 2021 par leur mère, pour une durée de 5 ans et pour un montant maximal de 27 433,40 euros,","Lorsque plusieurs personnes se sont portées cautions de la même dette, elles sont chacune tenues pour le tout. Néanmoins, celle qui est poursuivie peut opposer au créancier le bénéfice de division. Le créancier est alors tenu de diviser ses poursuites et ne peut lui réclamer que sa part de la dette. Ne peuvent se prévaloir du bénéfice de division les cautions solidaires entre elles, ni les cautions qui ont renoncé à ce bénéfice.",1,1,,Oui,Oui,,1,1,0
24/06118__2024-12-16,7,2306,"Madame [U] [P] [V], comparante, n’apporte aucun élément de nature à contester le montant de la créance ainsi établie, qu’elle reconnaît par ailleurs à l’audience.De plus, le caractère solidaire de la caution étant expressément précisé dans l’acte de cautionnement, les débitrices seront condamnées solidairement.","Lorsque plusieurs personnes se sont portées cautions de la même dette, elles sont chacune tenues pour le tout. Néanmoins, celle qui est poursuivie peut opposer au créancier le bénéfice de division. Le créancier est alors tenu de diviser ses poursuites et ne peut lui réclamer que sa part de la dette. Ne peuvent se prévaloir du bénéfice de division les cautions solidaires entre elles, ni les cautions qui ont renoncé à ce bénéfice.",1,1,,Oui,Oui,,1,1,3
21/01081__2024-07-25,5,2306,"En l’espèce, il ressort des contrats de cautionnement que les cautions sont des cautions solidaires et qu’elles ont renoncé au bénéfice de discussion.Ainsi, le CIC est en droit de réclamer à chacun l’ensemble des sommes dues par le débiteur principal, la RENT ESTATE, dans la limite de leur engagement, à savoir 52.800 euros chacun.","Lorsque plusieurs personnes se sont portées cautions de la même dette, elles sont chacune tenues pour le tout. Néanmoins, celle qui est poursuivie peut opposer au créancier le bénéfice de division. Le créancier est alors tenu de diviser ses poursuites et ne peut lui réclamer que sa part de la dette. Ne peuvent se prévaloir du bénéfice de division les cautions solidaires entre elles, ni les cautions qui ont renoncé à ce bénéfice.",1,1,,Oui,Oui,,1,1,2
21/01459__2024-05-03,183,2306,"Cependant, il sera rappelé que le créancier, bénéficiaire de plusieurs cautionnements garantissant le paiement de la même dette, est libre de poursuivre simultanément ou successivement tous les cofidéjusseurs, un seul d’entre eux ou certains seulement.","Lorsque plusieurs personnes se sont portées cautions de la même dette, elles sont chacune tenues pour le tout. Néanmoins, celle qui est poursuivie peut opposer au créancier le bénéfice de division. Le créancier est alors tenu de diviser ses poursuites et ne peut lui réclamer que sa part de la dette. Ne peuvent se prévaloir du bénéfice de division les cautions solidaires entre elles, ni les cautions qui ont renoncé à ce bénéfice.",1,0,0.0,Oui,Non,Non,0,0,4
21/01459__2024-05-03,182,2306-1,"Toute clause contraire est réputée non écrite.» Plus précisément, ils font reproche à la banque BCP de n’avoir engagé de poursuites qu’à leur encontre alors que celle-ci dispose de quatre cautions solidaires, cet établissement s’étant au demeurant montré peu disert sur les paiements éventuellement effectués par Monsieur [B] alors que Monsieur [I] se trouve à la tête d’un patrimoine financier important.","Le bénéfice de division doit être invoqué par la caution dès les premières poursuites dirigées contre elle. Il ne peut être mis en œuvre qu'entre cautions solvables. L'insolvabilité d'une caution au jour où la division est invoquée est supportée par celles qui sont solvables. La caution qui a demandé la division ne peut plus être recherchée à raison de l'insolvabilité d'une autre, survenue postérieurement.",0,0,,Non,Non,,1,0,4
23/06852__2024-08-19,1,2309,"En l’espèce le contrat régularisé entre, d’une part, la bailleresse et, d’autre part, la demanderesse prévoit en son paragraphe « Paiement par la caution et subrogation » que « … La caution sera subrogée au bailleur dans tous ses droites et actions…Elle permettra à la caution d’agir en recouvrement des sommes versées, en contestation de l’acquisition de la clause résolutoire, et ou en résiliation judiciaire du bail… » En",La caution qui a payé tout ou partie de la dette est subrogée dans les droits qu'avait le créancier contre le débiteur.,0,0,,Non,Non,,1,0,2
23/05930__2023-12-22,7,2309,"En l’espèce, la société SEYNA verse aux débats : l’acte de cautionnement signé entre la société SEYNA et Monsieur [J] [X], qui stipule notamment que la société SEYNA « après paiement, sera subrogé dans l’ensemble des droits, actions, sûretés du bailleur ou de son mandataire, à l’encontre du locataire, afin de recouvrir l’ensemble des sommes dues »",La caution qui a payé tout ou partie de la dette est subrogée dans les droits qu'avait le créancier contre le débiteur.,0,0,,Non,Non,,1,0,4
24/01029__2024-06-10,2,2309,"Selon contrat de cautionnement du 28 avril 2022 entre Action Logement Services et la SCI [Localité 9] SEINE : - le contrat de cautionnement couvre les impayés de loyer, - la caution sera subrogée au bailleur dans tous ses droits et actions sur les sommes versées par elle, la subrogation permettra à la caution d’agir en recouvrement des sommes versées, en constatation de l’acquisition de la clause résolutoire et/ou",La caution qui a payé tout ou partie de la dette est subrogée dans les droits qu'avait le créancier contre le débiteur.,0,0,,Non,Non,,1,0,3
23/00343__2024-11-12,5,2309,"Dès lors si le crédit-bailleur s’abstient de revendiquer les biens loués, la caution, privée de la faculté d’être subrogée dans un droit pouvant lui profiter, se trouve déchargée de tout ou partie de son obligation à concurrence de la valeur des droits pouvant lui être transmis par subrogation et dont elle a été privée par le fait du créancier. En l’espèce, suivant lettre recommandée avec accusé de réception datée du 14 mai 2019, la SELARL M",La caution qui a payé tout ou partie de la dette est subrogée dans les droits qu'avait le créancier contre le débiteur.,0,0,,Non,Non,,1,0,3
17/07014__2024-09-25,19,2311,CRÉDIT LOGEMENT aux trois règlements litigieux n'est donc démontré par aucun élément probant ; S’agissant de l'existence de moyens pour le débiteur de faire déclarer la dette éteinte au moment du paiement du créancier par la caution : - les “moyens de faire déclarer sa dette éteinte” sont les exceptions que le débiteur lui-même aurait pu opposer au créancier ; - dans les rapports entre Madame [H] [,"La caution n'a pas de recours si elle a payé la dette sans en avertir le débiteur et si celui-ci l'a acquittée ultérieurement ou disposait, au moment du paiement, des moyens de la faire déclarer éteinte. Toutefois, elle peut agir en restitution contre le créancier.",1,1,,Oui,Oui,,1,1,3
21/00775__2024-02-29,14,2313,"Ils ajoutent que l'incompétence du juge de la mise en état au profit de la formation de jugement de ce tribunal est mal fondée en ce qu'elle est motivée par la nécessité d'analyser tant la prétendue indétermination du terme des cautions, que la portée de la résiliation sur les engagements pris préalablement à la résiliation, qui, en l'espèce, imposent aux cautions de rembourser les sommes réclamées, et que compte tenu de la résiliation des cautionnements, ils ne sont plus tenus d'aucun engagements",L'obligation de la caution s'éteint par les mêmes causes que les autres obligations. Elle s'éteint aussi par suite de l'extinction de l'obligation garantie.,0,1,0.0,Non,Oui,"Non, faits ou prétentions des parties uniquement",0,0,2
22/08552__2024-05-14,33,2313,"- Sur les demandes formées contre le Fonds commun de titrisation Ornus représenté par la société MCS et associés Par la présente action, M. [W] entend contester par voie d’action le principe de son engagement de caution solidaire de la SCI L’acacia de Tanyères du 23 décembre 2008 en arguant à titre principal de l’extinction de la dette de la SCI L",L'obligation de la caution s'éteint par les mêmes causes que les autres obligations. Elle s'éteint aussi par suite de l'extinction de l'obligation garantie.,0,1,0.0,Non,Oui,"Non, faits ou prétentions des parties uniquement",0,0,2
24/00935__2025-02-14,53,2316,"La solidarité du locataire victime des violences et celle de la personne qui s'est portée caution pour lui prennent fin le lendemain du jour de la première présentation du courrier mentionné au premier alinéa au domicile du bailleur, pour les dettes nées à compter de cette date.","Lorsqu'un cautionnement de dettes futures prend fin, la caution reste tenue des dettes nées antérieurement, sauf clause contraire.",0,1,0.0,Non,Oui,"Non, application d’un régime spécial",0,0,0
23/02169__2025-04-17,18,2316,Aucune clause exprès ne prévoit que l'engagement de la caution ne perdure pendant la période d'occupation suivant la résiliation du bail. La condamnation solidaire de la caution sera donc limitée à l'arriéré de loyer et charges arrêté au 19 juin 2023.,"Lorsqu'un cautionnement de dettes futures prend fin, la caution reste tenue des dettes nées antérieurement, sauf clause contraire.",0,1,0.0,Non,Oui,Non,0,0,1
23/02825__2024-09-06,28,2329,"'un bien immobilier appartenant à M. [C] [J] situé à Colombes pour la même créance, évaluée à 73.000 euros, que celle ayant donné lieu au nantissement conservatoire des parts qu'il possède dans la SCI IMND.",Les sûretés sur les meubles sont : 1° Les privilèges mobiliers ; 2° Le gage de meubles corporels ; 3° Le nantissement de meubles incorporels ; 4° La propriété retenue ou cédée à titre de garantie.,1,1,,Oui,Oui,,1,1,3
24/05808__2025-01-07,9,2362,"Elle justifie que cette cession de créances n'a été notifiée à cette dernière qu'en même temps que la saisie litigieuse lui a été dénoncée, soit par acte du 11 juin 2024.Par conséquent, au moment où la saisie-attribution a été pratiquée, la cession de créance n'était pas opposable à Madame [C], de sorte que la société défenderesse ne remplissait pas les conditions légales susvisées.","Pour être opposable au débiteur de la créance nantie, le nantissement de créance doit lui être notifié ou ce dernier doit intervenir à l'acte. A défaut, seul le constituant reçoit valablement paiement de la créance.",0,0,,Non,Non,,1,0,4
23/00028__2025-02-06,6,2362,"Si le créancier saisissant agit en vertu d'une transmission, à quelque titre que ce soit, de la créance contenue dans le titre exécutoire fondant les poursuites, le commandement vise l'acte de transmission à moins que le débiteur n'en ait été régulièrement avisé au préalable.","Pour être opposable au débiteur de la créance nantie, le nantissement de créance doit lui être notifié ou ce dernier doit intervenir à l'acte. A défaut, seul le constituant reçoit valablement paiement de la créance.",0,0,,Non,Non,,1,0,2
24/00032__2024-10-21,24,2362,"Cette cession de créance, non critiquée dans la présente instance, a été signifiée à Madame [R] le 28 mars 2018.","Pour être opposable au débiteur de la créance nantie, le nantissement de créance doit lui être notifié ou ce dernier doit intervenir à l'acte. A défaut, seul le constituant reçoit valablement paiement de la créance.",0,0,,Non,Non,,1,0,3
22/03842__2025-03-06,14,2363-1,"» Les exceptions inhérentes à la dette visées par le texte correspondent à des moyens de défense qui suivent la créance quel que soit son titulaire et sont toujours opposables au cessionnaire, même si elles sont apparues postérieurement à la notification de la cession.",Le débiteur de la créance nantie peut opposer au créancier nanti les exceptions inhérentes à la dette. Il peut également opposer les exceptions nées de ses rapports avec le constituant avant que le nantissement ne lui soit devenu opposable.,0,0,,Non,Non,,1,0,2
24/03617__2024-07-02,26,2367,"En l'espèce, il ressort de la quittance non datée produite aux débats que le vendeur du véhicule a reçu paiement de la part du prêteur. Par ailleurs, 23 février 2021, le vendeur a constitué à son profit une réserve de propriété jusqu'au paiement complet du véhicule et subrogé le prêteur dans les droits et actions nés de la clause de réserve de propriété.",La propriété d'un bien peut être retenue en garantie par l'effet d'une clause de réserve de propriété qui suspend l'effet translatif d'un contrat jusqu'au complet paiement de l'obligation qui en constitue la contrepartie. La propriété ainsi réservée est l'accessoire de la créance dont elle garantit le paiement.,1,1,,Oui,Oui,,1,1,3
23/06046__2024-07-05,16,2367,"Il résulte par ailleurs des conditions particulières du contrat de crédit litigieux que la vente faite au profit de l’emprunteur est assortie, à titre de garantie, d’une clause de réserve de propriété au profit du vendeur, dans laquelle le prêteur est subrogé à l’instant même du paiement.En vertu de cette clause de réserve de propriété, La société CA Consumer Finance est bien fondée en sa demande de restitution du véhicule objet de contrat.",La propriété d'un bien peut être retenue en garantie par l'effet d'une clause de réserve de propriété qui suspend l'effet translatif d'un contrat jusqu'au complet paiement de l'obligation qui en constitue la contrepartie. La propriété ainsi réservée est l'accessoire de la créance dont elle garantit le paiement.,1,1,,Oui,Oui,,1,1,3
24/00520__2024-09-09,29,2371,"Il ne dispose d’aucun patrimoine mobilier ou immobilier susceptible d’être vendu et ainsi désintéresser les créanciers.La capacité de remboursement retenue dans le plan, soit 277, 58 € ne couvrant pas la seule échéance de LOA, 299,62 €, la commission de surendettement a préconisé de restituer le véhicule pris en location avec option d’achat.","A défaut de complet paiement à l'échéance, le créancier peut demander la restitution du bien afin de recouvrer le droit d'en disposer. La valeur du bien repris est imputée, à titre de paiement, sur le solde de la créance garantie. Lorsque la valeur du bien repris excède le montant de la dette garantie encore exigible, le créancier doit au débiteur une somme égale à la différence.",0,0,,Non,Non,,1,0,0
24/04789__2025-02-13,17,2371,"Il convient de dire que la valeur vénale à dire d'expert du véhicule financé lors de sa restitution viendra en déduction des sommes dues par l’emprunteur. En outre, il n’y a pas lieu à autoriser la demanderesse à faire appréhender le véhicule dès lors que le créancier demeure libre de recourir aux voies d’exécution qu'il souhaite pour faire exécuter un titre exécutoire.","A défaut de complet paiement à l'échéance, le créancier peut demander la restitution du bien afin de recouvrer le droit d'en disposer. La valeur du bien repris est imputée, à titre de paiement, sur le solde de la créance garantie. Lorsque la valeur du bien repris excède le montant de la dette garantie encore exigible, le créancier doit au débiteur une somme égale à la différence.",1,1,,Oui,Oui,,1,1,4
24/03067__2025-03-11,27,2371,"Monsieur [M] [X] sera toutefois autorisé à disposer du véhicule s’il n’a pas été récupéré dans le délai d’un mois et devra : - en cas de revente de celui-ci, déduire le montant du prix de vente de la somme dont la Sarl ZFY AUTOMOBILES lui est redevable, - et en l’absence de revente, déduire la somme de 2.999 euros de la","A défaut de complet paiement à l'échéance, le créancier peut demander la restitution du bien afin de recouvrer le droit d'en disposer. La valeur du bien repris est imputée, à titre de paiement, sur le solde de la créance garantie. Lorsque la valeur du bien repris excède le montant de la dette garantie encore exigible, le créancier doit au débiteur une somme égale à la différence.",0,0,,Non,Non,,1,0,2
22/10298__2024-12-13,13,2373-1,"La désignation ou l'individualisation des créances cédées ou données en nantissement ou des éléments susceptibles d'effectuer cette désignation ou cette individualisation, notamment par l'indication du débiteur, du lieu de paiement, du montant des créances ou de leur évaluation et, s'il y a lieu, de leur échéance.","Les créances garanties et les créances cédées sont désignées dans l'acte. Si elles sont futures, l'acte doit permettre leur individualisation ou contenir des éléments permettant celle-ci tels que l'indication du débiteur, le lieu de paiement, le montant des créances ou leur évaluation et, s'il y a lieu, leur échéance.",0,1,0.0,Non,Oui,"Non, application d’un régime spécial",0,0,0
24/03751__2024-07-15,17,2373-2,"Si elle est « activée », la cession à titre de garantie limite les droits du cessionnaire au montant de sa créance vis-à-vis du bailleur et revêt les mêmes effets qu’une cession en vue de paiement.","Les sommes payées au cessionnaire au titre de la créance cédée s'imputent sur la créance garantie lorsqu'elle est échue. Dans le cas contraire, le cessionnaire les conserve dans les conditions prévues aux articles 2374-3 à 2374-6.",0,1,0.0,Non,Oui,Non,0,0,1
23/06180__2024-01-08,2,2374-1,La créance cédée doit pouvoir être identifiée.Il est constant que la stipulation du prix n'est pas une condition de validité de la cession de créance.,"A peine de nullité, la cession doit être conclue par écrit. Cet écrit comporte la désignation des créances garanties. Si elles sont futures, l'acte doit permettre leur individualisation ou contenir des éléments permettant celle-ci tels que l'indication du débiteur, le lieu de paiement, le montant des créances ou leur évaluation et, s'il y a lieu, leur échéance.",0,1,0.0,Non,Oui,"Non, application d’un régime spécial",0,0,3
23/09755__2024-12-18,15,2374-1,"Alors pourtant que M. [C] [P] soulève expressément dans ses écritures le fait que l'acte de cession ne permet aucune identification du contrat de prêt, du montant restant dû concernant la créance relative au prêt, ni même le numéro de compte ou le solde débiteur concernant le découvert, la société EOS FRANCE ne produit pas l'annexe de l'acte de cession, mais se contente d'en reproduire, dans ses écritures, ce qu","A peine de nullité, la cession doit être conclue par écrit. Cet écrit comporte la désignation des créances garanties. Si elles sont futures, l'acte doit permettre leur individualisation ou contenir des éléments permettant celle-ci tels que l'indication du débiteur, le lieu de paiement, le montant des créances ou leur évaluation et, s'il y a lieu, leur échéance.",0,1,0.0,Non,Oui,"Non, faits ou prétentions des parties uniquement",0,0,2
24/00080__2025-03-07,22,2374-1,"Encore, si la Cour d’appel d’Angers (CA Angers, chambre A, commerciale, 24 septembre 2024, RG 22/01807) a pu décider qu’une telle attestation établie dans les mêmes conditions permettait de rattacher la créance alors « identifiée » à l’acte de cession régularisé, elle avait préalablement relevé que « l’extrait de l’annexe à l’acte de cession (…) mentionn[","A peine de nullité, la cession doit être conclue par écrit. Cet écrit comporte la désignation des créances garanties. Si elles sont futures, l'acte doit permettre leur individualisation ou contenir des éléments permettant celle-ci tels que l'indication du débiteur, le lieu de paiement, le montant des créances ou leur évaluation et, s'il y a lieu, leur échéance.",0,0,,Non,Non,,1,0,0
23/09915__2025-02-25,3,2374-1,"Cet acte ne mentionne pas le montant de la créance cédée, mais précise uniquement un numéro de contrat (le 0118400020064840).","A peine de nullité, la cession doit être conclue par écrit. Cet écrit comporte la désignation des créances garanties. Si elles sont futures, l'acte doit permettre leur individualisation ou contenir des éléments permettant celle-ci tels que l'indication du débiteur, le lieu de paiement, le montant des créances ou leur évaluation et, s'il y a lieu, leur échéance.",1,1,,Oui,Oui,,1,1,3
19/02099__2025-02-03,0,238,"MOTIFS Vu l’ordonnance de non-conciliation, Il convient de rabattre la clôture au 19 novembre 2024.Le divorce est prononcé sur le fondement de l’altération définitive du lien conjugal. Il y a lieu d’ordonner la publication des mentions légales.","L'altération définitive du lien conjugal résulte de la cessation de la communauté de vie entre les époux, lorsqu'ils vivent séparés depuis un an lors de la demande en divorce. Si le demandeur a introduit l'instance sans indiquer les motifs de sa demande, le délai caractérisant l'altération définitive du lien conjugal est apprécié au prononcé du divorce. Toutefois, sans préjudice des dispositions de l'article 246 , dès lors qu'une demande sur ce fondement et une autre demande en divorce sont concurremment présentées, le divorce est prononcé pour altération définitive du lien conjugal sans que le délai d'un an ne soit exigé.",1,1,,Oui,Oui,,1,1,3
19/09846__2024-09-12,2,238,"Une autre enfant, [R], est née le 9 avril 2021, postérieurement à l’ordonnance de non-conciliation.Le divorce est prononcé pour altération définitive du lien conjugal. Il y a lieu d’ordonner la publication des mentions légales.","L'altération définitive du lien conjugal résulte de la cessation de la communauté de vie entre les époux, lorsqu'ils vivent séparés depuis un an lors de la demande en divorce. Si le demandeur a introduit l'instance sans indiquer les motifs de sa demande, le délai caractérisant l'altération définitive du lien conjugal est apprécié au prononcé du divorce. Toutefois, sans préjudice des dispositions de l'article 246 , dès lors qu'une demande sur ce fondement et une autre demande en divorce sont concurremment présentées, le divorce est prononcé pour altération définitive du lien conjugal sans que le délai d'un an ne soit exigé.",1,1,,Oui,Oui,,1,1,2
24/05914__2025-02-04,1,238,Le fondement du divorce est connu.Il s’agit de l’altération définitive du lien conjugal. Il y a lieu d’ordonner la publication des mentions légales.,"L'altération définitive du lien conjugal résulte de la cessation de la communauté de vie entre les époux, lorsqu'ils vivent séparés depuis un an lors de la demande en divorce. Si le demandeur a introduit l'instance sans indiquer les motifs de sa demande, le délai caractérisant l'altération définitive du lien conjugal est apprécié au prononcé du divorce. Toutefois, sans préjudice des dispositions de l'article 246 , dès lors qu'une demande sur ce fondement et une autre demande en divorce sont concurremment présentées, le divorce est prononcé pour altération définitive du lien conjugal sans que le délai d'un an ne soit exigé.",1,1,,Oui,Oui,,1,1,3
23/01208__2025-01-07,18,2383,"Pour s’opposer à la demande de restitution, elle allègue que M.[S] [H] est débiteur de la somme de 357 euros au titre du loyer résiduel impayé de janvier 2023 à mars 2023.",Le débiteur ne peut réclamer la restitution de l'immeuble avant l'entier acquittement de sa dette.,0,0,,Non,Non,,1,0,3
24/52109__2024-06-28,17,2383,"Il ressort du décompte produit par la société SOCIETE CIVILE IMMOBILIERE LA COCHERAIE que les causes de ce commandement n'ont pas été acquittées dans le mois de sa délivrance, nonobstant un paiement partiel de 9151,40 euros effectué le 26 janvier 2024.",Le débiteur ne peut réclamer la restitution de l'immeuble avant l'entier acquittement de sa dette.,0,0,,Non,Non,,1,0,3
23/06118__2024-12-16,7,2384,"Par ailleurs, aucun élément ne permet d’affirmer que la société CMNR a effectivement été désintéressée au moment de la vente du bien immobilier, alors même qu’elle disposait d’une hypothèque valable sur le bien vendu, garantissant sa créance.",Les droits du créancier titulaire d'un droit de gage immobilier s'éteignent notamment : 1° Par l'extinction de l'obligation principale ; 2° Par la restitution anticipée de l'immeuble à son propriétaire.,0,0,,Non,Non,,1,0,2
24/00142__2025-02-06,16,2391,"S’il est exact que sa créance, relative à des impositions sur le revenu, est sans lien avec la conservation ou de la gestion des biens indivis et qu’elle est née postérieurement la constitution de l’indivision sur le bien en cause, il convient néanmoins de relever que le comptable du pôle de recouvrement spécialisé dispose d’une créance hypothécaire contre tous les indivisaires (M. et Mme [K]), qui sont ses débiteurs solidaires, ce qui permet de l’assimiler à un créancier","L'hypothèque est indivisible, nonobstant la division de la dette : le codébiteur propriétaire de l'immeuble hypothéqué est, sur cet immeuble, tenu pour le tout ; chacun des créanciers a l'entier immeuble pour sûreté de sa part dans la créance. L'hypothèque est encore indivisible, nonobstant la division de l'immeuble ou la pluralité d'immeubles : chaque partie de l'immeuble divisé, chacun des immeubles est affecté à la sûreté de la totalité de la dette.",0,1,0.0,Non,Oui,Non,0,0,3
23/02825__2024-09-06,33,2408,"Cette garantie provisoire que le créancier a choisi de prendre en plus de la prise d'hypothèque conservatoire sur un bien grevé de diverses sûretés, est donc proportionnée et constitue bien une mesure nécessaire permettant à la CRCAM DES COTES D'ARMOR de se prémunir contre la défaillance de M. [C] [J] et la fragilité de sa situation.","L'hypothèque judiciaire, qui est constituée à titre conservatoire, est régie par le code des procédures civiles d'exécution.",1,1,,Oui,Oui,,1,1,3
24/01023__2024-11-28,19,2408,"Cette facture porte sur les prestations suivantes : procédure tribunal judiciaire de Metz, mises en demeure débiteurs, requête aux fins d'inscription d’hypothèque judiciaire provisoire et assignation TJ METZ.Il convient de souligner que la réalisation d'une procédure aux fins d'inscription d'hypothèque judiciaire est en outre démontrée par la communication de l'ordonnance du 26 mars 2024 autorisant la demanderesse à régulariser une inscription d'hypothèque provisoire (pièce n°13).","L'hypothèque judiciaire, qui est constituée à titre conservatoire, est régie par le code des procédures civiles d'exécution.",1,0,0.0,Oui,Non,"Non, faits ou prétentions des parties uniquement",0,0,0
23/01547__2024-09-06,6,2435,Il ordonne alors la radiation des inscriptions d'hypothèque prises du chef du débiteur. Le jugement ainsi rendu n'est pas susceptible d'appel. Le service de la publicité foncière qui procède à la publication du jugement en fait mention en marge de la publication de la copie du commandement et procède aux radiations des inscriptions correspondantes.,"Les inscriptions sont rayées du consentement des parties intéressées et ayant capacité à cet effet, ou en vertu d'un jugement en dernier ressort ou passé en force de chose jugée. La radiation s'impose au créancier qui n'a pas procédé à la publication, sous forme de mention en marge, prévue au quatrième alinéa de l'article 2416 .",1,1,,Oui,Oui,,1,1,2
23/00129__2024-08-28,4,2435,Il ordonne alors la radiation des inscriptions d'hypothèque et de privilège prises du chef du débiteur. Le jugement ainsi rendu n'est pas susceptible d'appel. Le service de la publicité foncière qui procède à la publication du jugement en fait mention en marge de la publication de la copie du commandement et procède aux radiations des inscriptions correspondantes.,"Les inscriptions sont rayées du consentement des parties intéressées et ayant capacité à cet effet, ou en vertu d'un jugement en dernier ressort ou passé en force de chose jugée. La radiation s'impose au créancier qui n'a pas procédé à la publication, sous forme de mention en marge, prévue au quatrième alinéa de l'article 2416 .",1,1,,Oui,Oui,,1,1,2
24/00203__2025-02-26,26,2450,Le produit de la vente devant désintéresser en priorité les créanciers bénéficiant de privilèges et/ou sûretés sur le bien ; les autres dettes du dossier seront réglées selon l'ordre prévu par les mesures.,"Le créancier hypothécaire impayé peut poursuivre la vente du bien hypothéqué selon les modalités prévues par le code des procédures civiles d'exécution, auxquelles la convention d'hypothèque ne peut déroger. Sur le prix de vente, il est payé par préférence aux créanciers chirographaires. S'il est en concours avec d'autres créanciers hypothécaires, il est payé au rang que lui assignent les articles 2418 à 2420.",1,1,,Oui,Oui,,1,1,4
21/05484__2024-11-27,23,2450,"Il s'agira donc d'une créance qui devra faire l'objet d'un acquit dès la mise en place de l'action avec en cas de besoins les poursuites sur le bien hypothéqué pour l'acquit de la somme due.Un justificatif de valeur du bien sis à [Localité 3] sera établi et fourni à la partie acquéreur, il fera l'objet d'une annexe aux présentes.","Le créancier hypothécaire impayé peut poursuivre la vente du bien hypothéqué selon les modalités prévues par le code des procédures civiles d'exécution, auxquelles la convention d'hypothèque ne peut déroger. Sur le prix de vente, il est payé par préférence aux créanciers chirographaires. S'il est en concours avec d'autres créanciers hypothécaires, il est payé au rang que lui assignent les articles 2418 à 2420.",1,0,0.0,Oui,Non,"Non, faits ou prétentions des parties uniquement",0,0,4
22/05077__2024-06-25,20,2453,"Il n’est pas produit d’évaluation du montant du bien mais celui-ci a été affecté en garantie d’un prêt de 550.000 euros et atteint donc une valeur au moins équivalente à cette somme et en tout état de cause suffisante pour garantir la créance détenue par le défendeur. Toutefois, la multiplicité des créanciers à désintéresser pour lesquels Madame [M] ne produit aucun détail précis reste un péril potentiel pour le recouvrement de la créance du défendeur. En","Dans les cas prévus aux deux articles précédents, l'immeuble doit être estimé par expert désigné à l'amiable ou judiciairement. Si sa valeur excède le montant de la dette garantie, le créancier doit au débiteur une somme égale à la différence ; s'il existe d'autres créanciers hypothécaires, il la consigne.",0,1,0.0,Non,Oui,Non,0,0,0
22/05077__2024-06-25,14,2454,"Toutefois, il est également constant que celui-ci n’a pu être désintéressé, le relevé de compte des paiements intervenus suite à la vente du bien établissant l’absence de paiement au défendeur ou à son auteur. Si le principe selon lequel l’hypothèque suit le bien enter les mains de l’acquéreur s’applique, le recouvrement des potentielles sommes dues à ce titre sera nécessairement plus complexe que l’appréhension d’une somme entre les mains du notaire.","En cas d'aliénation de l'immeuble, l'hypothèque le suit entre les mains du tiers acquéreur. Le tiers acquéreur est ainsi obligé, dans la limite des inscriptions, à toute la dette garantie, en capital et intérêts, quel qu'en soit le montant. S'il reste impayé, le créancier hypothécaire peut poursuivre en justice la vente de l'immeuble hypothéqué dans les conditions prévues par le livre III du code des procédures civiles d'exécution .",1,1,,Oui,Oui,,1,1,0
21/02712__2024-09-19,5,2463,"Le créancier hypothécaire a, par courrier du 27 avril 2017, accepté la vente amiable, le versement du prix à son profit et la mainlevée des inscriptions prises à son profit.","Lorsque, à l'occasion de la vente d'un immeuble hypothéqué, tous les créanciers inscrits conviennent avec le débiteur que le prix en sera affecté au paiement total ou partiel de leurs créances ou de certaines d'entre elles, ils exercent leur droit de préférence sur le prix et ils peuvent l'opposer à tout cessionnaire comme à tout créancier saisissant de la créance de prix. Par l'effet de ce paiement, l'immeuble est purgé du droit de suite attaché à l'hypothèque.",1,1,,Oui,Oui,,1,1,0
24/20298__2025-03-04,3,2467,"Dans un premier temps, Madame [Y] soulève d’abord une contestation tirée du défaut d’extinction de son privilège à l’issue du délai décennal prévu, au motif que ce renouvellement ne serait obligatoire que jusqu'au paiement du prix ou à sa consignation et qu’en l’espèce le prix a été consigné.","Si aucun créancier ne requiert la mise aux enchères dans le délai et les formes prescrites, la valeur de l'immeuble est définitivement fixée au prix stipulé ou à la valeur déclarée. L'immeuble est, en conséquence, libéré de toute hypothèque par le paiement de cette somme aux créanciers inscrits, ou par sa consignation.",0,0,,Non,Non,,1,0,2
18/00007__2025-03-10,1,2468,La vente n’ayant pas été requise par la société Hoist Finance AB il y a lieu de constater la caducité du commandement de payer valant saisie immobilière.,"La vente aux enchères, s'il y a lieu, se fait selon les formes établies par le code de procédure civile, à la diligence soit du créancier qui l'a requise, soit du tiers acquéreur.",1,0,0.0,Oui,Non,"Non, application d’un régime spécial",0,0,1
23/07777__2024-05-31,2,2469,"STI, au nom de son mandant, en ordonne leur lecture et dit qu’elles feront partie intégrante du cahier des conditions de vente ; Ordonne la lecture du cahier des conditions de vente déposé le 08 novembre 2023 ; Ordonne également l'annonce des frais exposés jusqu'à ce jour pour parvenir à la présente vente et qui s'élèvent à la somme de 7 240.59 € dûment taxés, payable par l'adjudicataire définitif en sus du prix d","L'adjudicataire est tenu, au-delà du prix de son adjudication, de restituer au tiers acquéreur les coûts de son contrat, y compris de sa publication, ainsi que ceux de la notification et tous les autres frais exposés en vue de la purge.",1,1,,Oui,Oui,,1,1,3
23/00090__2024-01-30,10,2469,"Au vu de l’état des frais produit par le TRESOR PUBLIC - PRS DU RHONE, il convient de taxer les frais de poursuite qui seront à la charge de l'acquéreur en sus du prix de vente à la somme de 3.119,66 euros.","L'adjudicataire est tenu, au-delà du prix de son adjudication, de restituer au tiers acquéreur les coûts de son contrat, y compris de sa publication, ainsi que ceux de la notification et tous les autres frais exposés en vue de la purge.",1,0,0.0,Oui,Non,Non,0,0,4
24/04874__2024-12-17,19,250-1,"En l'espèce, le jugement du 12 septembre 2017 du juge aux affaires familiales du tribunal judiciaire de LYON fondant la saisie a notamment prononcé le divorce par consentement mutuel de [B] [H] et [R] [T] et homologué la convention réglant les conséquences du divorce de ces derniers.Ce jugement, pour homologuer l'accord des parties, a force exécutoire.","Lorsque les conditions prévues à l'article 232 sont réunies, le juge homologue la convention réglant les conséquences du divorce et, par la même décision, prononce celui-ci.",1,1,,Oui,Oui,,1,1,0
23/01855__2024-03-18,7,2522,"Leur action ne saurait se confondre avec une action en résolution, nullité, rescision, ou révocation d’une vente immobilière.Partant, le juge de la mise en état rejettera la demande en nullité de l’assignation et la fin de non-recevoir tirées du défaut de publication de l’assignation.","Sont inscrites sur le livre foncier, à peine d'irrecevabilité, lorsqu'elles portent sur les droits mentionnés aux 1° et 2° de l'article 2521 , les demandes en justice tendant à obtenir la résolution, la révocation, l'annulation ou la rescision d'une convention ou d'une disposition à cause de mort.",0,1,0.0,Non,Oui,Non,0,0,0
23/02860__2025-05-21,0,2532,"MOTIFS DE LA DÉCISION - sur le fond La Caisse de Crédit Mutuel d’[Localité 5] Bannier a consenti à Monsieur [Z] [L] et Madame [R] [V], selon acte authentique en date du 16 juillet 2014, dans le cadre d’un rachat de deux prêts destinés au financement d",L'hypothèque conventionnelle ne peut être consentie que par un acte passé en forme authentique. La transmission et la mainlevée de l'hypothèque ont lieu dans la même forme. Les contrats passés hors de Mayotte ne peuvent valablement avoir pour objet de constituer une hypothèque sur des immeubles situés à Mayotte qu'à la condition d'être conformes aux dispositions du présent titre.,0,0,,Non,Non,,1,0,2
23/02985__2025-02-26,9,255,"Décision du 26 Février 2025 2ème chambre N° RG 23/02985 - N° Portalis 352J-W-B7H-CZH34  Dès lors que l’ouverture des opérations de partage des intérêts patrimoniaux des époux [V] a déjà été ordonnée par le juge aux affaires familiales du tribunal de grande instance de Valence le 7 juillet 2009, il appartient au notaire commis à l’effet","Le juge peut notamment : 1° Proposer aux époux une mesure de médiation, sauf si des violences sont alléguées par l'un des époux sur l'autre époux ou sur l'enfant, ou sauf emprise manifeste de l'un des époux sur son conjoint, et, après avoir recueilli leur accord, désigner un médiateur familial pour y procéder ; 2° Enjoindre aux époux, sauf si des violences sont alléguées par l'un des époux sur l'autre époux ou sur l'enfant, ou sauf emprise manifeste de l'un des époux sur son conjoint, de rencontrer un médiateur familial qui les informera sur l'objet et le déroulement de la médiation ; 3° Statuer sur les modalités de la résidence séparée des époux ; 4° Attribuer à l'un d'eux la jouissance du logement et du mobilier du ménage ou partager entre eux cette jouissance, en précisant son caractère gratuit ou non et, le cas échéant, en constatant l'accord des époux sur le montant d'une indemnité d'occupation ; 5° Ordonner la remise des vêtements et objets personnels ; 6° Fixer la pension alimentaire et la provision pour frais d'instance que l'un des époux devra verser à son conjoint, désigner celui ou ceux des époux qui devront assurer le règlement provisoire de tout ou partie des dettes ; 7° Accorder à l'un des époux des provisions à valoir sur ses droits dans la liquidation du régime matrimonial si la situation le rend nécessaire ; 8° Statuer sur l'attribution de la jouissance ou de la gestion des biens communs ou indivis autres que ceux visés au 4°, sous réserve des droits de chacun des époux dans la liquidation du régime matrimonial ; 9° Désigner tout professionnel qualifié en vue de dresser un inventaire estimatif ou de faire des propositions quant au règlement des intérêts pécuniaires des époux ; 10° Désigner un notaire en vue d'élaborer un projet de liquidation du régime matrimonial et de formation des lots à partager.",1,0,0.0,Oui,Non,"Non, faits ou prétentions des parties uniquement",0,0,4
24/04963__2025-04-08,9,255,"Sur l'appel en garantie formé par Mme [D] à l'encontre de son époux, il résulte des termes de l'ordonnance du juge aux affaires familiales, éclairés par ses motifs en page 10, que M. [U] s'est engagé à prendre en charge les crédits immobiliers en cours et afférents au domicile conjugal sis [Adresse 2] à [Localité 9], sous réserve de compte lors des opérations de liquidation du régime matrimonial. A","Le juge peut notamment : 1° Proposer aux époux une mesure de médiation, sauf si des violences sont alléguées par l'un des époux sur l'autre époux ou sur l'enfant, ou sauf emprise manifeste de l'un des époux sur son conjoint, et, après avoir recueilli leur accord, désigner un médiateur familial pour y procéder ; 2° Enjoindre aux époux, sauf si des violences sont alléguées par l'un des époux sur l'autre époux ou sur l'enfant, ou sauf emprise manifeste de l'un des époux sur son conjoint, de rencontrer un médiateur familial qui les informera sur l'objet et le déroulement de la médiation ; 3° Statuer sur les modalités de la résidence séparée des époux ; 4° Attribuer à l'un d'eux la jouissance du logement et du mobilier du ménage ou partager entre eux cette jouissance, en précisant son caractère gratuit ou non et, le cas échéant, en constatant l'accord des époux sur le montant d'une indemnité d'occupation ; 5° Ordonner la remise des vêtements et objets personnels ; 6° Fixer la pension alimentaire et la provision pour frais d'instance que l'un des époux devra verser à son conjoint, désigner celui ou ceux des époux qui devront assurer le règlement provisoire de tout ou partie des dettes ; 7° Accorder à l'un des époux des provisions à valoir sur ses droits dans la liquidation du régime matrimonial si la situation le rend nécessaire ; 8° Statuer sur l'attribution de la jouissance ou de la gestion des biens communs ou indivis autres que ceux visés au 4°, sous réserve des droits de chacun des époux dans la liquidation du régime matrimonial ; 9° Désigner tout professionnel qualifié en vue de dresser un inventaire estimatif ou de faire des propositions quant au règlement des intérêts pécuniaires des époux ; 10° Désigner un notaire en vue d'élaborer un projet de liquidation du régime matrimonial et de formation des lots à partager.",1,1,,Oui,Oui,,1,1,3
21/02163__2025-03-14,7,262,"Le divorce des époux a été prononcé par jugement du 28 avril 2023.La SA [Adresse 8] produit une copie intégrale de l’acte de mariage délivrée le 9 septembre 2024 qui atteste de ce qu’à cette date, le jugement de divorce n’avait pas été transcrit.","La convention ou le jugement de divorce est opposable aux tiers, en ce qui concerne les biens des époux, à partir du jour où les formalités de mention en marge prescrites par les règles de l'état civil ont été accomplies.",1,1,,Oui,Oui,,1,1,1
24/01840__2024-12-04,19,262-1,"En l’espèce, [R] [E] déclare avoir réalisé après le 25 janvier 2025 (soit après la fin des effets du mariage entre les époux en ce qui concerne leurs biens, que les parties dans leurs conclusions confondent avec la date de jouissance divise) l’essentiel des travaux de la piscine de la maison indivise des époux.Il estime à 30 841 euros la plus value apportée à la maison.","La convention ou le jugement de divorce prend effet dans les rapports entre les époux, en ce qui concerne leurs biens : -lorsqu'il est constaté par consentement mutuel par acte sous signature privée contresigné par avocats déposé au rang des minutes d'un notaire, à la date à laquelle la convention réglant l'ensemble des conséquences du divorce acquiert force exécutoire, à moins que cette convention n'en stipule autrement ; -lorsqu'il est prononcé par consentement mutuel dans le cas prévu au 1° de l'article 229-2 , à la date de l'homologation de la convention réglant l'ensemble des conséquences du divorce, à moins que celle-ci n'en dispose autrement ; -lorsqu'il est prononcé pour acceptation du principe de la rupture du mariage, pour altération définitive du lien conjugal ou pour faute, à la date de la demande en divorce. A la demande de l'un des époux, le juge peut fixer les effets du jugement à la date à laquelle ils ont cessé de cohabiter et de collaborer. Cette demande ne peut être formée qu'à l'occasion de l'action en divorce. La jouissance du logement conjugal par un seul des époux conserve un caractère gratuit jusqu'à la demande en divorce, sauf décision contraire du juge.",0,0,,Non,Non,,1,0,3
24/09302__2025-05-27,2,262-1,Il convient de dire que la date des effets du divorce est fixée à la date du dépôt de la requête conjointe.Il convient de dire que chaque époux supporte par moitié les dépens de l’instance.,"La convention ou le jugement de divorce prend effet dans les rapports entre les époux, en ce qui concerne leurs biens : -lorsqu'il est constaté par consentement mutuel par acte sous signature privée contresigné par avocats déposé au rang des minutes d'un notaire, à la date à laquelle la convention réglant l'ensemble des conséquences du divorce acquiert force exécutoire, à moins que cette convention n'en stipule autrement ; -lorsqu'il est prononcé par consentement mutuel dans le cas prévu au 1° de l'article 229-2 , à la date de l'homologation de la convention réglant l'ensemble des conséquences du divorce, à moins que celle-ci n'en dispose autrement ; -lorsqu'il est prononcé pour acceptation du principe de la rupture du mariage, pour altération définitive du lien conjugal ou pour faute, à la date de la demande en divorce. A la demande de l'un des époux, le juge peut fixer les effets du jugement à la date à laquelle ils ont cessé de cohabiter et de collaborer. Cette demande ne peut être formée qu'à l'occasion de l'action en divorce. La jouissance du logement conjugal par un seul des époux conserve un caractère gratuit jusqu'à la demande en divorce, sauf décision contraire du juge.",1,1,,Oui,Oui,,1,1,2
23/02668__2024-11-19,4,265,"Le jugement emporte de plein droit révocation de tous avantages matrimoniaux éventuellement consentis.La date des effets du divorce est fixée au jour de la séparation, à savoir le 1er juin 2022.","Le divorce est sans incidence sur les avantages matrimoniaux qui prennent effet au cours du mariage et sur les donations de biens présents quelle que soit leur forme. Le divorce emporte révocation de plein droit des avantages matrimoniaux qui ne prennent effet qu'à la dissolution du régime matrimonial ou au décès de l'un des époux et des dispositions à cause de mort, accordés par un époux envers son conjoint par contrat de mariage ou pendant l'union, sauf volonté contraire de l'époux qui les a consentis. Cette volonté est exprimée dans la convention matrimoniale ou constatée dans la convention signée par les époux et contresignée par les avocats ou par le juge au moment du prononcé du divorce et rend irrévocables l'avantage ou la disposition maintenus. Toutefois, si le contrat de mariage le prévoit, les époux pourront toujours reprendre les biens qu'ils auront apportés à la communauté.",1,1,,Oui,Oui,,1,1,1
23/03260__2024-09-10,4,267,"Toutefois, aucun accord amiable n'a pu intervenir entre les parties relativement au partage.L'assignation délivrée par Mme [P] [R] comporte le descriptif sommaire du patrimoine à partager, ses intentions quant à la répartition des biens des époux ainsi que les diligences entreprises afin de parvenir à un partage amiable.","A défaut d'un règlement conventionnel par les époux, le juge statue sur leurs demandes de maintien dans l'indivision, d'attribution préférentielle et d'avance sur part de communauté ou de biens indivis. Il statue sur les demandes de liquidation et de partage des intérêts patrimoniaux, dans les conditions fixées aux articles 1361 à 1378 du code de procédure civile, s'il est justifié par tous moyens des désaccords subsistant entre les parties, notamment en produisant : -une déclaration commune d'acceptation d'un partage judiciaire, indiquant les points de désaccord entre les époux ; -le projet établi par le notaire désigné sur le fondement du 10° de l'article 255 . Il peut, même d'office, statuer sur la détermination du régime matrimonial applicable aux époux.",1,1,,Oui,Oui,,1,1,4
23/03260__2024-09-10,12,267,"Il convient en conséquence de renvoyer les parties devant le notaire désigné pour l’établissement d’un projet d’acte liquidatif, le juge de la liquidation pouvant ensuite être saisi pour trancher les difficultés persistantes.","A défaut d'un règlement conventionnel par les époux, le juge statue sur leurs demandes de maintien dans l'indivision, d'attribution préférentielle et d'avance sur part de communauté ou de biens indivis. Il statue sur les demandes de liquidation et de partage des intérêts patrimoniaux, dans les conditions fixées aux articles 1361 à 1378 du code de procédure civile, s'il est justifié par tous moyens des désaccords subsistant entre les parties, notamment en produisant : -une déclaration commune d'acceptation d'un partage judiciaire, indiquant les points de désaccord entre les époux ; -le projet établi par le notaire désigné sur le fondement du 10° de l'article 255 . Il peut, même d'office, statuer sur la détermination du régime matrimonial applicable aux époux.",1,1,,Oui,Oui,,1,1,4
24/01404__2024-12-16,1,267," amiable, préalablement à la saisine du juge aux fins de partage judiciaire ;  Attendu qu’il résulte des débats que n’ont pu en effet aboutir les démarches amiables entreprises aux fins de partage des intérêts patrimoniaux des époux en suite du divorce, notamment par l’intermédiaire du notaire qu’ils avaient initialement chargé de la liquidation, des désaccords persistant manifestement ; que l’action initiée par [E] [R] tend donc au partage judiciaire après échec des pourparlers amiables ;  ","A défaut d'un règlement conventionnel par les époux, le juge statue sur leurs demandes de maintien dans l'indivision, d'attribution préférentielle et d'avance sur part de communauté ou de biens indivis. Il statue sur les demandes de liquidation et de partage des intérêts patrimoniaux, dans les conditions fixées aux articles 1361 à 1378 du code de procédure civile, s'il est justifié par tous moyens des désaccords subsistant entre les parties, notamment en produisant : -une déclaration commune d'acceptation d'un partage judiciaire, indiquant les points de désaccord entre les époux ; -le projet établi par le notaire désigné sur le fondement du 10° de l'article 255 . Il peut, même d'office, statuer sur la détermination du régime matrimonial applicable aux époux.",1,1,,Oui,Oui,,1,1,3
22/04383__2024-06-28,14,267,"Il statue sur toutes les demandes concernant l'instruction des opérations de partage judiciaire, mais ne peut trancher au fond ;  - si un acte de partage amiable est établi, le notaire en informe le juge commis qui constate la clôture de la procédure ;  - en cas de désaccord persistant entre les copartageants, le juge du fond disposera du procès-verbal reprenant les dires respectifs des parties et d'un projet d'état liquidatif adressés par le notaire.","A défaut d'un règlement conventionnel par les époux, le juge statue sur leurs demandes de maintien dans l'indivision, d'attribution préférentielle et d'avance sur part de communauté ou de biens indivis. Il statue sur les demandes de liquidation et de partage des intérêts patrimoniaux, dans les conditions fixées aux articles 1361 à 1378 du code de procédure civile, s'il est justifié par tous moyens des désaccords subsistant entre les parties, notamment en produisant : -une déclaration commune d'acceptation d'un partage judiciaire, indiquant les points de désaccord entre les époux ; -le projet établi par le notaire désigné sur le fondement du 10° de l'article 255 . Il peut, même d'office, statuer sur la détermination du régime matrimonial applicable aux époux.",1,1,,Oui,Oui,,1,1,2
24/03951__2024-09-12,0,268,"MOTIFS  Les parties ont convenu par convention liquidative dressée le 20 novembre 2023 des modalités de partage de leur régime matrimonial. Ils en sollicitent l’homologation judiciaire.Cet état liquidatif respectant les intérêts et les intentions de chacune des parties, il convient de l’homologuer.","Les époux peuvent, pendant l'instance, soumettre à l'homologation du juge des conventions réglant tout ou partie des conséquences du divorce. Le juge, après avoir vérifié que les intérêts de chacun des époux et des enfants sont préservés, homologue les conventions en prononçant le divorce.",0,1,1.0,Non,Oui,Oui,0,1,2
24/06882__2025-04-17,5,270,Il n’y a pas lieu à versement de prestation compensatoire.Chacun des époux prend en charge ses propres dépens.,"Le divorce met fin au devoir de secours entre époux. L'un des époux peut être tenu de verser à l'autre une prestation destinée à compenser, autant qu'il est possible, la disparité que la rupture du mariage crée dans les conditions de vie respectives. Cette prestation a un caractère forfaitaire. Elle prend la forme d'un capital dont le montant est fixé par le juge. Toutefois, le juge peut refuser d'accorder une telle prestation si l'équité le commande, soit en considération des critères prévus à l'article 271 , soit lorsque le divorce est prononcé aux torts exclusifs de l'époux qui demande le bénéfice de cette prestation, au regard des circonstances particulières de la rupture.",1,1,,Oui,Oui,,1,1,3
24/04874__2024-12-17,26,275,"D'une part, c'est à tort que [B] [H] soutient que le décompte figurant dans l'acte de saisie-attribution ne détaille ni l'origine ni l'assiette de calcul de créance et que le montant des mensualités dues au titre de la prestation compensatoire "" ne correspondent pas au montant de 1.745,23 € visé dans la convention de divorce "", sans indiquer une quelconque indexation.","Lorsque le débiteur n'est pas en mesure de verser le capital dans les conditions prévues par l'article 274 , le juge fixe les modalités de paiement du capital, dans la limite de huit années, sous forme de versements périodiques indexés selon les règles applicables aux pensions alimentaires. Le débiteur peut demander la révision de ces modalités de paiement en cas de changement important de sa situation. A titre exceptionnel, le juge peut alors, par décision spéciale et motivée, autoriser le versement du capital sur une durée totale supérieure à huit ans. Le débiteur peut se libérer à tout moment du solde du capital indexé. Après la liquidation du régime matrimonial, le créancier de la prestation compensatoire peut saisir le juge d'une demande en paiement du solde du capital indexé.",1,0,0.0,Oui,Non,"Non, faits ou prétentions des parties uniquement",0,0,0
24/02227__2024-09-26,8,30,"Le tribunal décide qu'il y a lieu de procéder à la délivrance d'un certificat de nationalité française si le demandeur justifie de sa qualité de Français.” En l'espèce, le requêt ne tend pas à contester un refus de délivrance et la délivrance d'un certificat de nationalité française, mais à introduire une action déclaratoire de nationalité française, le requérant sollicitant de « constater que [H] [J] est française ».","La charge de la preuve, en matière de nationalité française, incombe à celui dont la nationalité est en cause. Toutefois, cette charge incombe à celui qui conteste la qualité de Français à un individu titulaire d'un certificat de nationalité française délivré conformément aux articles 31 et suivants .",1,0,0.0,Oui,Non,Non,0,0,3
23/06684__2024-01-26,6,309,"» En l’espèce, les deux époux résident dans les YVELINES.Dès lors, la juridiction française est compétente.","Le divorce et la séparation de corps sont régis par la loi française : - lorsque l'un et l'autre époux sont de nationalité française ; - lorsque les époux ont, l'un et l'autre, leur domicile sur le territoire français ; - lorsque aucune loi étrangère ne se reconnaît compétence, alors que les tribunaux français sont compétents pour connaître du divorce ou de la séparation de corps.",1,1,,Oui,Oui,,1,1,4
22/06990__2024-12-05,4,309,"b) de la nationalité des deux époux ou, dans le cas du Royaume-Uni et de l'Irlande, du ""domicile"" commun.En l'espèce, les époux résidant habituellement en France, le juge français sera compétent.","Le divorce et la séparation de corps sont régis par la loi française : - lorsque l'un et l'autre époux sont de nationalité française ; - lorsque les époux ont, l'un et l'autre, leur domicile sur le territoire français ; - lorsque aucune loi étrangère ne se reconnaît compétence, alors que les tribunaux français sont compétents pour connaître du divorce ou de la séparation de corps.",1,1,,Oui,Oui,,1,1,2
24/02661__2024-10-24,4,309,"En l’espèce, le juge français est donc compétent puisque la résidence habituelle des époux se situait en France où du reste tous deux résident encore.","Le divorce et la séparation de corps sont régis par la loi française : - lorsque l'un et l'autre époux sont de nationalité française ; - lorsque les époux ont, l'un et l'autre, leur domicile sur le territoire français ; - lorsque aucune loi étrangère ne se reconnaît compétence, alors que les tribunaux français sont compétents pour connaître du divorce ou de la séparation de corps.",1,1,,Oui,Oui,,1,1,4
21/04500__2024-06-18,27,311-2,"Ainsi l’avis du cabinet d’expertise EXBA précité est corroboré par des éléments factuels convergents - l’ancienneté d’âge de la construction, sa situation particulière par rapport à la propriété des consorts [X]-[P], et par l’absence d’éléments de contradiction pertinents de la part des défendeurs.Il en résulte que les époux [V] justifient d’une possession trentenaire continue et non interrompue, paisible, publique, non équivoque.","La possession d'état doit être continue, paisible, publique et non équivoque.",0,0,,Non,Non,,1,0,4
21/04500__2024-06-18,38,311-2,"Il résulte des développements qui précèdent que les époux [V] justifient d’une possession trentenaire continue et non interrompue, paisible, publique, non équivoque.En conséquence, les consorts [X]-[P] seront déboutés de leur demande tendant à la condamnation des époux [V] à supprimer l’ouverture existante sur la façade arrière de leur habitation.","La possession d'état doit être continue, paisible, publique et non équivoque.",0,0,,Non,Non,,1,0,4
23/51998__2024-02-27,29,311-2,"Il appartient donc à la SCI Maldieu pour voir valablement prospérer ce moyen de rapporter la preuve d’une possession continue, non interrompue, paisible et non équivoque à titre de propriétaire, établie de manière ininterrompue pendant trente années.","La possession d'état doit être continue, paisible, publique et non équivoque.",0,0,,Non,Non,,1,0,4
22/00810__2024-03-19,4,331,"En l’espèce, les modalités de la résidence habituelle de son fils [I] [W] [Z] n’ont été réglementées judiciairement qu’à compter du jugement du juge aux affaires familiales de Saint-Pierre du 9 novembre 2017.Cette décision a fixé la résidence habituelle de l’enfant au domicile du père et accordé à la mère un droit de visite et d’hébergement les fins de semaines paires du vendredi 18 heures au dimanche 18 heures.","Lorsqu'une action est exercée en application de la présente section, le tribunal statue, s'il y a lieu, sur l'exercice de l'autorité parentale, la contribution à l'entretien et à l'éducation de l'enfant et l'attribution du nom.",0,0,,Non,Non,,1,0,2
21/07281__2024-02-29,31,336,"Dès lors, nonobstant les griefs soulevés par le ministère public sur le caractère probant de l'acte de reconnaissance, il est justifié d'un lien de filiation légalement établi de M. [Z] [L] à l'égard de M. [D] [P] [L], au moment de sa minorité.",La filiation légalement établie peut être contestée par le ministère public si des indices tirés des actes eux-mêmes la rendent invraisemblable ou en cas de fraude à la loi.,1,1,,Oui,Oui,,1,1,2
21/07281__2024-02-29,30,336-1,"Comme indiqué à juste titre par le demandeur, l'acte de reconnaissance effectuée par [H] [L] le 6 janvier 1984 est ainsi superfétatoire et ne remet pas en cause l'établissement de la filiation paternelle lors de la déclaration de naissance, conformément au droit en vigueur au Sénégal (pièce n°3 du demandeur).","Lorsqu'il détient une reconnaissance paternelle prénatale dont les énonciations relatives à son auteur sont contredites par les informations concernant le père que lui communique le déclarant, l'officier de l'état civil compétent en application de l'article 55 établit l'acte de naissance au vu des informations communiquées par le déclarant. Il en avise sans délai le procureur de la République qui élève le conflit de paternité sur le fondement de l'article 336 .",0,1,0.0,Non,Oui,Non,0,0,2
24/02714__2024-07-16,11,342-2,"Il résulte des termes du jugement que la créance de pension alimentaire pour l’enfant majeur n'est due que s'il est établi qu'il est toujours à charge ou poursuit des études, la charge de la preuve reposant sur le créancier de la pension la réclamant.","Les subsides se règlent, en forme de pension, d'après les besoins de l'enfant, les ressources du débiteur, la situation familiale de celui-ci. La pension peut être due au-delà de la majorité de l'enfant, s'il est encore dans le besoin, à moins que cet état ne lui soit imputable à faute.",1,1,,Oui,Oui,,1,1,0
23/08557__2024-01-10,5,348-3,"Le tribunal a relevé que la mère biologique de l'enfant est décédée, que son père biologique a consenti à l'adoption simple de sa fille, consentement recueilli par Maître [E] [Z] [Y] [R], notaire, demeurant et domiciliée à [Localité 6], que les requérants ont versé notamment un arrêté portant agrément en vue de l'adoption d'un enfant, et que le rapport d’enuqête sur le consentement de la famille à l","Le consentement à l'adoption doit être libre, obtenu sans aucune contrepartie après la naissance de l'enfant et éclairé sur les conséquences de l'adoption, en particulier s'il est donné en vue d'une adoption plénière, sur le caractère complet et irrévocable de la rupture du lien de filiation préexistant. Le consentement à l'adoption est donné devant un notaire français ou étranger, ou devant les agents diplomatiques ou consulaires français. Il peut également être reçu par le service de l'aide sociale à l'enfance lorsque l'enfant lui a été remis.",1,1,,Oui,Oui,,1,1,2
23/01077__2024-03-14,17,354,Or l'acte de transcription n°276 ne fait pas mention de la date de naissance des parents de monsieur [M].L'authenticité de cette pièce est donc douteuse dès lors qu'elle ne reprend pas fidèlement les mentions de l'acte qui est censé avoir servi à son établissement.,"Le jugement prononçant l'adoption est mentionné ou transcrit sur les registres de l'état civil dans les conditions prévues par décret en Conseil d'Etat. La transcription tient lieu d'acte de naissance à l'adopté. Elle énonce le jour, l'heure et le lieu de la naissance, le sexe de l'enfant ainsi que ses nom de famille et prénoms, tels qu'ils résultent du jugement d'adoption, les prénoms, noms, date et lieu de naissance, profession et domicile du ou des adoptants. Elle ne contient aucune indication relative à la filiation d'origine de l'enfant.",0,0,,Non,Non,,1,0,0
23/01077__2024-03-14,12,354,"Ce jugement, dès lors qu'il a été transcrit sur les registres de l'état civil pour tenir lieu d'acte de naissance, fait corps avec lui.Dès lors qu'il n'a pas été régulièrement légalisé, ni ce jugement ni l'acte de transcription ne font foi de l'état civil de monsieur [M].","Le jugement prononçant l'adoption est mentionné ou transcrit sur les registres de l'état civil dans les conditions prévues par décret en Conseil d'Etat. La transcription tient lieu d'acte de naissance à l'adopté. Elle énonce le jour, l'heure et le lieu de la naissance, le sexe de l'enfant ainsi que ses nom de famille et prénoms, tels qu'ils résultent du jugement d'adoption, les prénoms, noms, date et lieu de naissance, profession et domicile du ou des adoptants. Elle ne contient aucune indication relative à la filiation d'origine de l'enfant.",1,0,0.0,Oui,Non,Non,0,0,0
23/02272__2025-02-14,20,371-1,"La question de l’exercice de l’autorité parentale par un seul des parents ne nécessite pas la démonstration d’un motif grave mais seulement la recherche de l’intérêt des enfants.En l’espèce, il a déjà été observé que les addictions de Monsieur [M] [I] et les comportements associés avaient gravement perturbé la vie familiale.","L'autorité parentale est un ensemble de droits et de devoirs ayant pour finalité l'intérêt de l'enfant. Elle appartient aux parents jusqu'à la majorité ou l'émancipation de l'enfant pour le protéger dans sa sécurité, sa santé, sa vie privée et sa moralité, pour assurer son éducation et permettre son développement, dans le respect dû à sa personne. L'autorité parentale s'exerce sans violences physiques ou psychologiques. Les parents associent l'enfant aux décisions qui le concernent, selon son âge et son degré de maturité.",1,1,,Oui,Oui,,1,1,3
23/02272__2025-02-14,28,371-2,La contribution du père à l’entretien et à l’éducation des enfants sera maintenue à son montant actuel en l’état de l’accord des parties sur ce point.Chaque partie conservera la charge de ses propres dépens.,"Chacun des parents contribue à l'entretien et à l'éducation des enfants à proportion de ses ressources, de celles de l'autre parent, ainsi que des besoins de l'enfant. Cette obligation ne cesse de plein droit ni lorsque l'autorité parentale ou son exercice est retiré, ni lorsque l'enfant est majeur.",1,1,,Oui,Oui,,1,1,3
19/09846__2024-09-12,11,371-2,Il n’y a pas lieu à versement de part contributive pour l’entretien et pour l’éducation des enfants.Chaque partie règle ses propres dépens.,"Chacun des parents contribue à l'entretien et à l'éducation des enfants à proportion de ses ressources, de celles de l'autre parent, ainsi que des besoins de l'enfant. Cette obligation ne cesse de plein droit ni lorsque l'autorité parentale ou son exercice est retiré, ni lorsque l'enfant est majeur.",1,1,,Oui,Oui,,1,1,2
23/09449__2024-09-12,7,372,L’autorité parentale s’exerce conjointement.La résidence des enfants est fixée au domicile de la mère.,"Les père et mère exercent en commun l'autorité parentale. L'autorité parentale est exercée conjointement dans le cas prévu à l'article 342-11. Toutefois, lorsque la filiation est établie à l'égard de l'un d'entre eux plus d'un an après la naissance d'un enfant dont la filiation est déjà établie à l'égard de l'autre, celui-ci reste seul investi de l'exercice de l'autorité parentale. Il en est de même lorsque la filiation est judiciairement déclarée à l'égard du second parent de l'enfant ou, dans le cas d'un établissement de la filiation dans les conditions prévues au chapitre V du titre VII du présent livre, lorsque la mention de la reconnaissance conjointe est apposée à la demande du procureur de la République. L'autorité parentale pourra néanmoins être exercée en commun en cas de déclaration conjointe des père et mère adressée au directeur des services de greffe judiciaires du tribunal judiciaire ou sur décision du juge aux affaires familiales.",1,1,,Oui,Oui,,1,1,1
22/01808__2024-01-15,0,372,"MOTIFS : Sur la demande d'alternance Il est de principe que : 1°) En cas de divorce, de séparation de droit ou de fait des époux ou de cessation de la vie commune des concubins et lorsque les parents exercent conjointement l'autorité parentale et bénéficient d'un droit de résidence alternée sur leur enfant qui est mis en œuvre de manière effective et équivalente, l'un et l'autre des parents doivent être considérés comme assumant la charge","Les père et mère exercent en commun l'autorité parentale. L'autorité parentale est exercée conjointement dans le cas prévu à l'article 342-11. Toutefois, lorsque la filiation est établie à l'égard de l'un d'entre eux plus d'un an après la naissance d'un enfant dont la filiation est déjà établie à l'égard de l'autre, celui-ci reste seul investi de l'exercice de l'autorité parentale. Il en est de même lorsque la filiation est judiciairement déclarée à l'égard du second parent de l'enfant ou, dans le cas d'un établissement de la filiation dans les conditions prévues au chapitre V du titre VII du présent livre, lorsque la mention de la reconnaissance conjointe est apposée à la demande du procureur de la République. L'autorité parentale pourra néanmoins être exercée en commun en cas de déclaration conjointe des père et mère adressée au directeur des services de greffe judiciaires du tribunal judiciaire ou sur décision du juge aux affaires familiales.",0,1,0.0,Non,Oui,"Non, application d’un régime spécial",0,0,0
19/09846__2024-09-12,5,372,Rien ne vient justifier désormais en quoi l’intérêt supérieur des enfants commanderait une attribution exclusive de l’autorité parentale à la mère.L’exercice de l’autorité parentale est confié aux deux parents.,"Les père et mère exercent en commun l'autorité parentale. L'autorité parentale est exercée conjointement dans le cas prévu à l'article 342-11. Toutefois, lorsque la filiation est établie à l'égard de l'un d'entre eux plus d'un an après la naissance d'un enfant dont la filiation est déjà établie à l'égard de l'autre, celui-ci reste seul investi de l'exercice de l'autorité parentale. Il en est de même lorsque la filiation est judiciairement déclarée à l'égard du second parent de l'enfant ou, dans le cas d'un établissement de la filiation dans les conditions prévues au chapitre V du titre VII du présent livre, lorsque la mention de la reconnaissance conjointe est apposée à la demande du procureur de la République. L'autorité parentale pourra néanmoins être exercée en commun en cas de déclaration conjointe des père et mère adressée au directeur des services de greffe judiciaires du tribunal judiciaire ou sur décision du juge aux affaires familiales.",1,1,,Oui,Oui,,1,1,2
23/02368__2024-01-22,13,372," d’une part, que bien qu’en l’absence de demande, il sera rappelé, dans l’intérêt de l’enfant mineur, que l’autorité parentale est exercée conjointement par les parents et, d’autre part, que les dispositions relatives au partage des fêtes des pères et des mères et de la présomption de renonciation ne seront pas reprises, faute de demande expresses.","Les père et mère exercent en commun l'autorité parentale. L'autorité parentale est exercée conjointement dans le cas prévu à l'article 342-11. Toutefois, lorsque la filiation est établie à l'égard de l'un d'entre eux plus d'un an après la naissance d'un enfant dont la filiation est déjà établie à l'égard de l'autre, celui-ci reste seul investi de l'exercice de l'autorité parentale. Il en est de même lorsque la filiation est judiciairement déclarée à l'égard du second parent de l'enfant ou, dans le cas d'un établissement de la filiation dans les conditions prévues au chapitre V du titre VII du présent livre, lorsque la mention de la reconnaissance conjointe est apposée à la demande du procureur de la République. L'autorité parentale pourra néanmoins être exercée en commun en cas de déclaration conjointe des père et mère adressée au directeur des services de greffe judiciaires du tribunal judiciaire ou sur décision du juge aux affaires familiales.",1,1,,Oui,Oui,,1,1,2
23/02272__2025-02-14,23,373,"Il doit donc être constaté que Monsieur [M] [I] est totalement désinvesti de la prise en charge éducative et affective de ses enfants depuis plus de 18 mois ; ce faisant, il se place dans l’impossibilité de prendre des décisions éclairées pour des enfants dont il ignore la vie et il est ainsi de l’intérêt de ceux-ci que l’autorité parentale soit exercée par la mère seule.","Est privé de l'exercice de l'autorité parentale le père ou la mère qui est hors d'état de manifester sa volonté, en raison de son incapacité, de son absence ou de toute autre cause.",1,1,,Oui,Oui,,1,1,3
22/07729__2025-02-20,23,373-2,"Au demeurant si une situation de danger persistant est pointée pour les enfants, il appartient à l’un ou l’autre des parents de saisir la juridiction idoine mais cela ne relève pas de la compétence du juge aux affaires familiales.L’autorité parentale est maintenue conjointe.","La séparation des parents est sans incidence sur les règles de dévolution de l'exercice de l'autorité parentale. Chacun des père et mère doit maintenir des relations personnelles avec l'enfant et respecter les liens de celui-ci avec l'autre parent. A cette fin, à titre exceptionnel, à la demande de la personne directement intéressée ou du juge aux affaires familiales, le procureur de la République peut requérir le concours de la force publique pour faire exécuter une décision du juge aux affaires familiales, une convention de divorce par consentement mutuel prenant la forme d'un acte sous signature privée contresigné par avocats déposé au rang des minutes d'un notaire ou une convention homologuée fixant les modalités d'exercice de l'autorité parentale. Tout changement de résidence de l'un des parents, dès lors qu'il modifie les modalités d'exercice de l'autorité parentale, doit faire l'objet d'une information préalable et en temps utile de l'autre parent. En cas de désaccord, le parent le plus diligent saisit le juge aux affaires familiales qui statue selon ce qu'exige l'intérêt de l'enfant. Le juge répartit les frais de déplacement et ajuste en conséquence le montant de la contribution à l'entretien et à l'éducation de l'enfant. Le présent alinéa ne s'applique pas au parent bénéficiaire d'une autorisation de dissimuler son domicile ou sa résidence prévue au 6° bis de l'article 515-11 si l'ordonnance de protection a été requise à l'encontre de l'autre parent.",0,1,0.0,Non,Oui,Non,0,0,0
22/00810__2024-03-19,4,373-2,"En l’espèce, les modalités de la résidence habituelle de son fils [I] [W] [Z] n’ont été réglementées judiciairement qu’à compter du jugement du juge aux affaires familiales de Saint-Pierre du 9 novembre 2017.Cette décision a fixé la résidence habituelle de l’enfant au domicile du père et accordé à la mère un droit de visite et d’hébergement les fins de semaines paires du vendredi 18 heures au dimanche 18 heures.","La séparation des parents est sans incidence sur les règles de dévolution de l'exercice de l'autorité parentale. Chacun des père et mère doit maintenir des relations personnelles avec l'enfant et respecter les liens de celui-ci avec l'autre parent. A cette fin, à titre exceptionnel, à la demande de la personne directement intéressée ou du juge aux affaires familiales, le procureur de la République peut requérir le concours de la force publique pour faire exécuter une décision du juge aux affaires familiales, une convention de divorce par consentement mutuel prenant la forme d'un acte sous signature privée contresigné par avocats déposé au rang des minutes d'un notaire ou une convention homologuée fixant les modalités d'exercice de l'autorité parentale. Tout changement de résidence de l'un des parents, dès lors qu'il modifie les modalités d'exercice de l'autorité parentale, doit faire l'objet d'une information préalable et en temps utile de l'autre parent. En cas de désaccord, le parent le plus diligent saisit le juge aux affaires familiales qui statue selon ce qu'exige l'intérêt de l'enfant. Le juge répartit les frais de déplacement et ajuste en conséquence le montant de la contribution à l'entretien et à l'éducation de l'enfant. Le présent alinéa ne s'applique pas au parent bénéficiaire d'une autorisation de dissimuler son domicile ou sa résidence prévue au 6° bis de l'article 515-11 si l'ordonnance de protection a été requise à l'encontre de l'autre parent.",0,0,,Non,Non,,1,0,2
21/05648__2024-09-27,36,375-3,"La mesure de placement a été renouvelée à compter du 15 novembre 2016 au 6 septembre 2017 par le juge des enfants.Enfin, le 6 septembre 2017, le juge aux affaires familiales a déféré la tutelle du jeune à Mme la Présidente du Conseil départemental de Val d'Oise.","Si la protection de l'enfant l'exige, le juge des enfants peut décider de le confier : 1° A l'autre parent ; 2° A un autre membre de la famille ou à un tiers digne de confiance ; 3° A un service départemental de l'aide sociale à l'enfance ; 4° A un service ou à un établissement habilité pour l'accueil de mineurs à la journée ou suivant toute autre modalité de prise en charge ; 5° A un service ou à un établissement sanitaire ou d'éducation, ordinaire ou spécialisé. Sauf urgence, le juge ne peut confier l'enfant en application des 3° à 5° qu'après évaluation, par le service compétent, des conditions d'éducation et de développement physique, affectif, intellectuel et social de l'enfant dans le cadre d'un accueil par un membre de la famille ou par un tiers digne de confiance, en cohérence avec le projet pour l'enfant prévu à l'article L. 223-1-1 du code de l'action sociale et des familles, et après audition de l'enfant lorsque ce dernier est capable de discernement. Toutefois, lorsqu'une demande en divorce a été présentée ou un jugement de divorce rendu entre les père et mère ou lorsqu'une demande en vue de statuer sur la résidence et les droits de visite afférents à un enfant a été présentée ou une décision rendue entre les père et mère, ces mesures ne peuvent être prises que si un fait nouveau de nature à entraîner un danger pour le mineur s'est révélé postérieurement à la décision statuant sur les modalités de l'exercice de l'autorité parentale ou confiant l'enfant à un tiers. Elles ne peuvent faire obstacle à la faculté qu'aura le juge aux affaires familiales de décider, par application de l'article 373-3 du présent code, à qui l'enfant devra être confié. Les mêmes règles sont applicables à la séparation de corps. Le procureur de la République peut requérir directement le concours de la force publique pour faire exécuter les décisions de placement rendues en assistance éducative.",1,0,0.0,Oui,Non,"Non, faits ou prétentions des parties uniquement",0,0,4
24/01366__2025-02-03,17,375-7,"Sur les mesures concernant les enfants  Compte tenu de l’accord des parties sur ce point, et dans l’intérêt des enfants, il convient de maintenir les mesures provisoires déjà prises par le juge aux affaires familiales en ce qui concerne : - l’exercice conjoint de l’autorité parentale, - la fixation de la résidence habituelle des enfants en alternance chez chacun des parents, selon les modalités mentionnées au dispositif,   - le partage des frais des enfants à hauteur des 2/3 pour","Les père et mère de l'enfant bénéficiant d'une mesure d'assistance éducative continuent à exercer tous les attributs de l'autorité parentale qui ne sont pas inconciliables avec cette mesure. Ils ne peuvent, pendant la durée de cette mesure, émanciper l'enfant sans autorisation du juge des enfants. Sans préjudice de l'article 373-4 et des dispositions particulières autorisant un tiers à accomplir un acte non usuel sans l'accord des détenteurs de l'autorité parentale, le juge des enfants peut exceptionnellement, dans tous les cas où l'intérêt de l'enfant le justifie, autoriser la personne, le service ou l'établissement à qui est confié l'enfant à exercer un ou plusieurs actes déterminés relevant de l'autorité parentale en cas de refus abusif ou injustifié ou en cas de négligence des détenteurs de l'autorité parentale ou lorsque ceux-ci sont poursuivis ou condamnés, même non définitivement, pour des crimes ou délits commis sur la personne de l'enfant, à charge pour le demandeur de rapporter la preuve de la nécessité de cette mesure. Le lieu d'accueil de l'enfant doit être recherché dans l'intérêt de celui-ci et afin de faciliter l'exercice du droit de visite et d'hébergement par le ou les parents et le maintien de ses liens avec ses frères et sœurs. L'enfant est accueilli avec ses frères et sœurs en application de l'article 371-5 , sauf si son intérêt commande une autre solution. S'il a été nécessaire de confier l'enfant à une personne ou un établissement, ses parents conservent un droit de correspondance ainsi qu'un droit de visite et d'hébergement. Le juge en fixe les modalités et peut, si l'intérêt de l'enfant l'exige, décider que l'exercice de ces droits, ou de l'un d'eux, est provisoirement suspendu. Il peut également, par décision spécialement motivée, imposer que le droit de visite du ou des parents ne peut être exercé qu'en présence d'un tiers qu'il désigne lorsque l'enfant est confié à une personne ou qui est désigné par l'établissement ou le service à qui l'enfant est confié. Lorsque le juge des enfants ordonne que le droit de visite du ou des parents de l'enfant confié dans le cas prévu au 2° de l'article 375-3 s'exerce en présence d'un tiers, il peut charger le service de l'aide sociale à l'enfance ou le service chargé de la mesure mentionnée à l'article 375-2 d'accompagner l'exercice de ce droit de visite. Les modalités d'organisation de la visite en présence d'un tiers sont précisées par décret en Conseil d'Etat. Si la situation de l'enfant le permet, le juge fixe la nature et la fréquence des droits de visite et d'hébergement et peut décider que leurs conditions d'exercice sont déterminées conjointement entre les titulaires de l'autorité parentale et la personne, le service ou l'établissement à qui l'enfant est confié, dans un document qui lui est alors transmis. Il est saisi en cas de désaccord. Le juge peut décider des modalités de l'accueil de l'enfant en considération de l'intérêt de celui-ci. Si l'intérêt de l'enfant le nécessite ou en cas de danger, le juge décide de l'anonymat du lieu d'accueil. Lorsqu'il fait application de l'article 1183 du code de procédure civile, des articles 375-2,375-3 ou 375-5 du présent code, le juge peut également ordonner l'interdiction de sortie du territoire de l'enfant. La décision fixe la durée de cette interdiction qui ne saurait excéder deux ans. Cette interdiction de sortie du territoire est inscrite au fichier des personnes recherchées par le procureur de la République.",0,0,,Non,Non,,1,0,3
24/01748__2025-02-03,14,375-7,"Sur les mesures concernant l’enfant  Compte tenu de l’accord des parties sur ce point, et dans l’intérêt de [C], il convient de maintenir les mesures provisoires déjà prises par le juge aux affaires familiales en ce qui concerne : - l’exercice conjoint de l’autorité parentale, - la fixation de la résidence habituelle de l’enfant en alternance chez chacun des parents, selon les modalités mentionnées ci-dessous (sans qu’il soit nécessaire de préciser un horaire pour","Les père et mère de l'enfant bénéficiant d'une mesure d'assistance éducative continuent à exercer tous les attributs de l'autorité parentale qui ne sont pas inconciliables avec cette mesure. Ils ne peuvent, pendant la durée de cette mesure, émanciper l'enfant sans autorisation du juge des enfants. Sans préjudice de l'article 373-4 et des dispositions particulières autorisant un tiers à accomplir un acte non usuel sans l'accord des détenteurs de l'autorité parentale, le juge des enfants peut exceptionnellement, dans tous les cas où l'intérêt de l'enfant le justifie, autoriser la personne, le service ou l'établissement à qui est confié l'enfant à exercer un ou plusieurs actes déterminés relevant de l'autorité parentale en cas de refus abusif ou injustifié ou en cas de négligence des détenteurs de l'autorité parentale ou lorsque ceux-ci sont poursuivis ou condamnés, même non définitivement, pour des crimes ou délits commis sur la personne de l'enfant, à charge pour le demandeur de rapporter la preuve de la nécessité de cette mesure. Le lieu d'accueil de l'enfant doit être recherché dans l'intérêt de celui-ci et afin de faciliter l'exercice du droit de visite et d'hébergement par le ou les parents et le maintien de ses liens avec ses frères et sœurs. L'enfant est accueilli avec ses frères et sœurs en application de l'article 371-5 , sauf si son intérêt commande une autre solution. S'il a été nécessaire de confier l'enfant à une personne ou un établissement, ses parents conservent un droit de correspondance ainsi qu'un droit de visite et d'hébergement. Le juge en fixe les modalités et peut, si l'intérêt de l'enfant l'exige, décider que l'exercice de ces droits, ou de l'un d'eux, est provisoirement suspendu. Il peut également, par décision spécialement motivée, imposer que le droit de visite du ou des parents ne peut être exercé qu'en présence d'un tiers qu'il désigne lorsque l'enfant est confié à une personne ou qui est désigné par l'établissement ou le service à qui l'enfant est confié. Lorsque le juge des enfants ordonne que le droit de visite du ou des parents de l'enfant confié dans le cas prévu au 2° de l'article 375-3 s'exerce en présence d'un tiers, il peut charger le service de l'aide sociale à l'enfance ou le service chargé de la mesure mentionnée à l'article 375-2 d'accompagner l'exercice de ce droit de visite. Les modalités d'organisation de la visite en présence d'un tiers sont précisées par décret en Conseil d'Etat. Si la situation de l'enfant le permet, le juge fixe la nature et la fréquence des droits de visite et d'hébergement et peut décider que leurs conditions d'exercice sont déterminées conjointement entre les titulaires de l'autorité parentale et la personne, le service ou l'établissement à qui l'enfant est confié, dans un document qui lui est alors transmis. Il est saisi en cas de désaccord. Le juge peut décider des modalités de l'accueil de l'enfant en considération de l'intérêt de celui-ci. Si l'intérêt de l'enfant le nécessite ou en cas de danger, le juge décide de l'anonymat du lieu d'accueil. Lorsqu'il fait application de l'article 1183 du code de procédure civile, des articles 375-2,375-3 ou 375-5 du présent code, le juge peut également ordonner l'interdiction de sortie du territoire de l'enfant. La décision fixe la durée de cette interdiction qui ne saurait excéder deux ans. Cette interdiction de sortie du territoire est inscrite au fichier des personnes recherchées par le procureur de la République.",0,0,,Non,Non,,1,0,3
23/01185__2025-03-25,19,376-1,"Les parents sont d’accord pour voir reconduire le montant de la contribution à l’entretien et l’éducation de l’enfant à la charge du père, et l’absence d’intermédiation financière des pensions alimentaires de la CAF.Il convient de reconduire purement et simplement les dispositions de l’ordonnance de mesures provisoires relatives à ces mesures.","Un juge aux affaires familiales peut, quand il est appelé à statuer sur les modalités de l'exercice de l'autorité parentale ou sur l'éducation d'un enfant mineur ou quand il décide de confier l'enfant à un tiers, avoir égard aux pactes que les père et mère ont pu librement conclure entre eux à ce sujet, à moins que l'un d'eux ne justifie de motifs graves qui l'autoriseraient à révoquer son consentement.",1,1,,Oui,Oui,,1,1,1
24/82001__2025-01-16,22,376-1,"Cet accord prévoit une résidence alternée pour l’enfant, l’absence de versement d’une contribution à l’entretien et à l’éducation de l’enfant par l’un ou l’autre des parents et une prise en charge des parents de 50 % des frais de scolarité et extra-scolaires et exceptionnels de l’enfant dès lors qu’un accord préalable aura été acté entre eux et une prise d’effet de la convention dès sa signature soit le 8 mai 20","Un juge aux affaires familiales peut, quand il est appelé à statuer sur les modalités de l'exercice de l'autorité parentale ou sur l'éducation d'un enfant mineur ou quand il décide de confier l'enfant à un tiers, avoir égard aux pactes que les père et mère ont pu librement conclure entre eux à ce sujet, à moins que l'un d'eux ne justifie de motifs graves qui l'autoriseraient à révoquer son consentement.",1,0,0.0,Oui,Non,"Non, faits ou prétentions des parties uniquement",0,0,0
24/03878__2025-02-07,15,376-1,"Sur les mesures concernant les enfants : L’accord trouvé entre les parents sera réputé être de l’intérêt des enfants et sera homologué ainsi qu’il suit, avec les précisions mentionnées au dispositif pour éviter toute difficulté d’interprétation : - exercice conjoint de l’autorité parentale, - fixation de la résidence habituelle des enfants en alternance chez chacun des parents, selon les modalités mentionnées au dispositif, - partage par moitié des frais des enfants, avec accord des parents pour que la mère perçoive les prestations familiales","Un juge aux affaires familiales peut, quand il est appelé à statuer sur les modalités de l'exercice de l'autorité parentale ou sur l'éducation d'un enfant mineur ou quand il décide de confier l'enfant à un tiers, avoir égard aux pactes que les père et mère ont pu librement conclure entre eux à ce sujet, à moins que l'un d'eux ne justifie de motifs graves qui l'autoriseraient à révoquer son consentement.",1,1,,Oui,Oui,,1,1,0
24/01267__2025-01-14,4,402,"Le point de départ de la prescription doit être fixé à la date de l’acte dont la nullité est demandée, ou lorsque la délibération a été dissimulée à celui qui exerce l’action en nullité, l’empêchant ainsi d’agir, au jour où la délibération entachée d’irrégularité lui a été révélée.","Les délibérations du conseil de famille sont nulles lorsqu'elles ont été surprises par dol ou fraude ou que des formalités substantielles ont été omises. La nullité est couverte par une nouvelle délibération valant confirmation selon l'article 1182 . L'action en nullité peut être exercée par le tuteur, le subrogé tuteur, les autres membres du conseil de famille et le procureur de la République dans les deux années de la délibération ainsi que par le mineur devenu majeur ou émancipé dans les deux années de sa majorité ou de son émancipation. La prescription ne court pas s'il y a eu dol ou fraude tant que le fait qui en est à l'origine n'est pas découvert. Les actes accomplis en vertu d'une délibération annulée sont annulables de la même manière. Le délai court toutefois de l'acte et non de la délibération.",0,0,,Non,Non,,1,0,2
21/05248__2024-06-04,7,414-1," sur la répartition des biens du testateur et la rature avec son approbation en marge d'un mot annulé qui démontrent la cohérence de la pensée de son auteur. Par ailleurs il ne saurait être tiré aucune conclusion que [H] [U] ait souffert de difficultés respiratoires en 2016 conduisant à son placement sous oxygène, soit quatre ans après la rédaction du testament, étant rappelée que l'insanité d'esprit alléguée doit exister au moment de la rédaction de cet acte pour être susceptible d'entraîner son","Pour faire un acte valable, il faut être sain d'esprit. C'est à ceux qui agissent en nullité pour cette cause de prouver l'existence d'un trouble mental au moment de l'acte.",1,1,,Oui,Oui,,1,1,1
24/02979__2024-04-23,11,425,"Par courriel en date du 22 avril 2024, [F] [B] indiquait que son frère avait besoin de soins et d’être accompagné et sollicite le maintien de la mesure « dans son unique intérêt et pour sa sécurité tant physique que mentale ».","Toute personne dans l'impossibilité de pourvoir seule à ses intérêts en raison d'une altération, médicalement constatée, soit de ses facultés mentales, soit de ses facultés corporelles de nature à empêcher l'expression de sa volonté peut bénéficier d'une mesure de protection juridique prévue au présent chapitre. S'il n'en est disposé autrement, la mesure est destinée à la protection tant de la personne que des intérêts patrimoniaux de celle-ci. Elle peut toutefois être limitée expressément à l'une de ces deux missions.",0,0,,Non,"Non, faits ou prétentions des parties uniquement",,1,0,0
25/00506__2025-04-04,9,428,"Le corps médical rapporte par ailleurs que le patient présente des troubles du jugement, une altération de la pensée des idées délirantes et enfin que le risque de passage à l’acte auto ou hétéro agressif est important.IL ressort en effet des certificats médicaux produits établis par les différents médecins, que l’atteinte portée aux libertés du patient est proportionnée aux objectifs poursuivis, l’intéressé se trouvant dans l’impossibilité de consentir pleinement aux soins en raison des troubles décrits.","La mesure de protection judiciaire ne peut être ordonnée par le juge qu'en cas de nécessité et lorsqu'il ne peut être suffisamment pourvu aux intérêts de la personne par la mise en œuvre du mandat de protection future conclu par l'intéressé, par l'application des règles du droit commun de la représentation, de celles relatives aux droits et devoirs respectifs des époux et des règles des régimes matrimoniaux, en particulier celles prévues aux articles 217 , 219 , 1426 et 1429 ou, par une autre mesure de protection moins contraignante. La mesure est proportionnée et individualisée en fonction du degré d'altération des facultés personnelles de l'intéressé.",0,0,,Non,Non,,1,0,2
25/00617__2025-01-28,5,431,Le moyen sera donc rejeté.2/ Sur la rédaction de l’avis médical de non comparution Le conseil de Monsieur [T] [M] soutient en second lieu que la procédure est irrégulière en ce que le certificat de situation mentionnant que l’état mental du patient n’est pas compatible avec son audition a été rédigé par un médecin participant à la prise en charge du patient.,"La demande est accompagnée, à peine d'irrecevabilité, d'un certificat circonstancié rédigé par un médecin choisi sur une liste établie par le procureur de la République. Ce médecin peut solliciter l'avis du médecin traitant de la personne qu'il y a lieu de protéger. Le coût de ce certificat est fixé par décret en Conseil d'Etat. Lorsque le procureur de la République est saisi par une personne autre que l'une de celles de l'entourage du majeur énumérées au premier alinéa de l'article 430, la requête transmise au juge des tutelles comporte en outre, à peine d'irrecevabilité, les informations dont cette personne dispose sur la situation sociale et pécuniaire de la personne qu'il y a lieu de protéger et l'évaluation de son autonomie ainsi que, le cas échéant, un bilan des actions personnalisées menées auprès d'elle. La nature et les modalités de recueil des informations sont définies par voie réglementaire. Le procureur de la République peut solliciter du tiers qui l'a saisi des informations complémentaires.",0,0,,Non,Non,,1,0,1
24/06196__2024-12-23,57,431,"» En toute hypothèse, il appartient au juge de rechercher si les pièces justificatives utiles sont jointes à la requête même en l’absence de contestation (voir en ce sens Civ. 1ère, 14 mars 2018, n° 17-17.328).Ainsi, il appartient au magistrat du siège de contrôler d’office la recevabilité de la requête (voir en ce sens, Civ. 1ère, 8 octobre 2008, n° 07-12.151).","La demande est accompagnée, à peine d'irrecevabilité, d'un certificat circonstancié rédigé par un médecin choisi sur une liste établie par le procureur de la République. Ce médecin peut solliciter l'avis du médecin traitant de la personne qu'il y a lieu de protéger. Le coût de ce certificat est fixé par décret en Conseil d'Etat. Lorsque le procureur de la République est saisi par une personne autre que l'une de celles de l'entourage du majeur énumérées au premier alinéa de l'article 430, la requête transmise au juge des tutelles comporte en outre, à peine d'irrecevabilité, les informations dont cette personne dispose sur la situation sociale et pécuniaire de la personne qu'il y a lieu de protéger et l'évaluation de son autonomie ainsi que, le cas échéant, un bilan des actions personnalisées menées auprès d'elle. La nature et les modalités de recueil des informations sont définies par voie réglementaire. Le procureur de la République peut solliciter du tiers qui l'a saisi des informations complémentaires.",0,0,,Non,Non,,1,0,0
24/01917__2024-10-29,3,432,"Il est indiqué dans le formulaire de recueil de l'avis du patient que celui-ci est dans l'incapacité d'exprimer son souhait relativement à son audition par le juge des libertés et de la détention de même qu'à son assistance ou sa représentation par un avocat.Par ailleurs, il existe un obstacle médical à son audition.","Le juge statue, la personne entendue ou appelée. L'intéressé peut être accompagné par un avocat ou, sous réserve de l'accord du juge, par toute autre personne de son choix. Le juge peut toutefois, par décision spécialement motivée et sur avis  d'un médecin inscrit sur la liste mentionnée à l'article 431 , décider qu'il n'y a pas lieu de procéder à l'audition de l'intéressé si celle-ci est de nature à porter atteinte à sa santé ou s'il est hors d'état d'exprimer sa volonté.",0,0,,Non,Non,,1,0,0
24/01969__2024-08-08,3,432,"Il s'ensuit qu'il peut être statué hors la présence du patient que dès lors qu'est établi un motif médical constaté dans l'avis motivé d'un médecin ou caractérisée une circonstance insurmontable empêchant l'audition de la personne admise en soins sans consentement (Civ1.15 janvier 2020, n°13-13541).","Le juge statue, la personne entendue ou appelée. L'intéressé peut être accompagné par un avocat ou, sous réserve de l'accord du juge, par toute autre personne de son choix. Le juge peut toutefois, par décision spécialement motivée et sur avis  d'un médecin inscrit sur la liste mentionnée à l'article 431 , décider qu'il n'y a pas lieu de procéder à l'audition de l'intéressé si celle-ci est de nature à porter atteinte à sa santé ou s'il est hors d'état d'exprimer sa volonté.",0,0,,Non,Non,,1,0,0
23/04497__2025-02-06,26,432,"Si ce choix n'apparaît pas conforme à l'intérêt du mineur, le juge peut procéder à la désignation d'une autre personne.En l’espèce, [G] n’étant pas en âge de discernement, il n’y a pas lieu à audition, ni à vérification de l’information relative au droit à être entendu.","Le juge statue, la personne entendue ou appelée. L'intéressé peut être accompagné par un avocat ou, sous réserve de l'accord du juge, par toute autre personne de son choix. Le juge peut toutefois, par décision spécialement motivée et sur avis  d'un médecin inscrit sur la liste mentionnée à l'article 431 , décider qu'il n'y a pas lieu de procéder à l'audition de l'intéressé si celle-ci est de nature à porter atteinte à sa santé ou s'il est hors d'état d'exprimer sa volonté.",0,0,,Non,Non,,1,0,3
25/00267__2025-02-14,4,432,"Aucune audition n’a été réalisée en ce qu’il est indiqué dans le formulaire de recueil de l'avis du patient que celui-ci est dans l'incapacité d'exprimer son souhait relativement à son audition par le juge, de même qu'à son assistance ou sa représentation par un avocat, et en ce qu’il présente un obstacle médical à son audition.","Le juge statue, la personne entendue ou appelée. L'intéressé peut être accompagné par un avocat ou, sous réserve de l'accord du juge, par toute autre personne de son choix. Le juge peut toutefois, par décision spécialement motivée et sur avis  d'un médecin inscrit sur la liste mentionnée à l'article 431 , décider qu'il n'y a pas lieu de procéder à l'audition de l'intéressé si celle-ci est de nature à porter atteinte à sa santé ou s'il est hors d'état d'exprimer sa volonté.",0,0,,Non,Non,,1,0,4
24/02070__2024-11-22,4,432,Il ressort du recueil de l'avis du patient que celui-ci a refusé d'exprimer son souhait s'agissant de son audition par le juge des libertés et de la détention ainsi que de son assistance ou sa représentation par un avocat.,"Le juge statue, la personne entendue ou appelée. L'intéressé peut être accompagné par un avocat ou, sous réserve de l'accord du juge, par toute autre personne de son choix. Le juge peut toutefois, par décision spécialement motivée et sur avis  d'un médecin inscrit sur la liste mentionnée à l'article 431 , décider qu'il n'y a pas lieu de procéder à l'audition de l'intéressé si celle-ci est de nature à porter atteinte à sa santé ou s'il est hors d'état d'exprimer sa volonté.",0,0,,Non,Non,,1,0,1
23/00673__2024-12-12,36,432,"Lorsque le mineur refuse d'être entendu, le juge apprécie le bien-fondé de ce refus.Il peut être entendu seul, avec un avocat ou une personne de son choix.","Le juge statue, la personne entendue ou appelée. L'intéressé peut être accompagné par un avocat ou, sous réserve de l'accord du juge, par toute autre personne de son choix. Le juge peut toutefois, par décision spécialement motivée et sur avis  d'un médecin inscrit sur la liste mentionnée à l'article 431 , décider qu'il n'y a pas lieu de procéder à l'audition de l'intéressé si celle-ci est de nature à porter atteinte à sa santé ou s'il est hors d'état d'exprimer sa volonté.",0,0,,Non,Non,,1,0,0
24/06407__2024-08-09,1,432,"Si, au vu d’un avis médical motivé, des motifs médicaux font obstacle, dans son intérêt, à son audition, la personne est représentée par un avocat dans les conditions prévues au présent alinéa”  En l’espèce l’avis motivé joint à la saisine et daté du 7 août 2024 indique qu’aucun motif médical ne fait obstacle à l’audition de la patiente.Cette dernière ne s’est cependant pas présentée à l’audience.","Le juge statue, la personne entendue ou appelée. L'intéressé peut être accompagné par un avocat ou, sous réserve de l'accord du juge, par toute autre personne de son choix. Le juge peut toutefois, par décision spécialement motivée et sur avis  d'un médecin inscrit sur la liste mentionnée à l'article 431 , décider qu'il n'y a pas lieu de procéder à l'audition de l'intéressé si celle-ci est de nature à porter atteinte à sa santé ou s'il est hors d'état d'exprimer sa volonté.",0,0,,Non,Non,,1,0,2
23/07593__2025-01-07,0,440,"MOTIFS Au soutien de sa demande de sursis à statuer, [M] [F] [I] [E] fait valoir notamment qu'elle a tout intérêt à retrouver ses pleines capacités de gestion, et à ne plus être sous curatelle renforcée qui ne se trouve selon elle plus justifiée eu égard aux derniers avis médicaux, avant de percevoir la part d’héritage dont elle doit bénéficier. [B] [X] s'oppose à la demande de sursis à statuer","La personne qui, sans être hors d'état d'agir elle-même, a besoin, pour l'une des causes prévues à l'article 425 , d'être assistée ou contrôlée d'une manière continue dans les actes importants de la vie civile peut être placée en curatelle. La curatelle n'est prononcée que s'il est établi que la sauvegarde de justice ne peut assurer une protection suffisante. La personne qui, pour l'une des causes prévues à l'article 425, doit être représentée d'une manière continue dans les actes de la vie civile, peut être placée en tutelle. La tutelle n'est prononcée que s'il est établi que ni la sauvegarde de justice, ni la curatelle ne peuvent assurer une protection suffisante.",0,1,0.0,Non,Oui,"Non, faits ou prétentions des parties uniquement",0,0,1
23/00652__2024-03-15,41,441,"Aux termes de ce même jugement, et au regard de l'absence de perspective d'évolution de son état de santé, la mesure a été maintenue pour une durée de dix ans.Il bénéficie en outre de l'allocation adulte handicapé sans limitation de durée compte tenu d'un taux d'incapacité supérieur ou égal à 80%, tel que cela ressort de la décision de la maison départementale des personnes handicapées du 3 février 2022.","Le juge fixe la durée de la mesure sans que celle-ci puisse excéder cinq ans. Le juge qui prononce une mesure de tutelle peut, par décision spécialement motivée et sur avis conforme d'un médecin inscrit sur la liste mentionnée à l'article 431 constatant que l'altération des facultés personnelles de l'intéressé décrites à l'article 425 n'apparaît manifestement pas susceptible de connaître une amélioration selon les données acquises de la science, fixer une durée plus longue, n'excédant pas dix ans.",1,0,0.0,Oui,Non,"Non, faits ou prétentions des parties uniquement",0,0,3
25/00030__2025-01-17,8,441,Madame [L] [C] bénéficie d’une mesure de curatelle renforcée ordonné par jugement du 18 février 2021 pour une durée de 60 MOIS dont l’exercice est confié à L’UDAF de MAINE ET LOIRE.,"Le juge fixe la durée de la mesure sans que celle-ci puisse excéder cinq ans. Le juge qui prononce une mesure de tutelle peut, par décision spécialement motivée et sur avis conforme d'un médecin inscrit sur la liste mentionnée à l'article 431 constatant que l'altération des facultés personnelles de l'intéressé décrites à l'article 425 n'apparaît manifestement pas susceptible de connaître une amélioration selon les données acquises de la science, fixer une durée plus longue, n'excédant pas dix ans.",1,1,,Oui,Oui,,1,1,0
24/00914__2024-11-21,10,442,"La mesure doit donc être maintenue à temps complet.” ; Lors de l’audience, Madame [G] [E] s’est exprimée.Il résulte des éléments médicaux versés au soutien de la requête, que les troubles mentaux décrits aux certificats médicaux rappelés ci-dessus sont persistants à ce jour et rendent impossible son consentement sur la durée.","Le juge peut renouveler la mesure pour une même durée. Toutefois, lorsque l'altération des facultés personnelles de l'intéressé décrite à l'article 425 n'apparaît manifestement pas susceptible de connaître une amélioration selon les données acquises de la science, le juge peut, par décision spécialement motivée et sur avis conforme  d'un médecin inscrit sur la liste mentionnée à l'article 431 , renouveler la mesure pour une durée plus longue qu'il détermine, n'excédant pas vingt ans. Le juge peut, à tout moment, mettre fin à la mesure, la modifier ou lui substituer une autre mesure prévue au présent titre, après avoir recueilli l'avis de la personne chargée de la mesure de protection. Il statue d'office ou à la requête d'une des personnes mentionnées à l'article 430 , au vu d'un certificat médical et dans les conditions prévues à l'article 432 . Il ne peut toutefois renforcer le régime de protection de l'intéressé que s'il est saisi d'une requête en ce sens satisfaisant aux articles 430 et 431.",0,0,,Non,Non,,1,0,1
24/01437__2024-10-16,9,442,"Il ressort du dernier certificat, que le patient reconnait s’être auto-médiqué toute sa vie avec des antipsychotiques et minimise la décompensation délirante et sa pathologie.A l’audience, le patient a réitéré sa demande de mainlevée de la mesure.","Le juge peut renouveler la mesure pour une même durée. Toutefois, lorsque l'altération des facultés personnelles de l'intéressé décrite à l'article 425 n'apparaît manifestement pas susceptible de connaître une amélioration selon les données acquises de la science, le juge peut, par décision spécialement motivée et sur avis conforme  d'un médecin inscrit sur la liste mentionnée à l'article 431 , renouveler la mesure pour une durée plus longue qu'il détermine, n'excédant pas vingt ans. Le juge peut, à tout moment, mettre fin à la mesure, la modifier ou lui substituer une autre mesure prévue au présent titre, après avoir recueilli l'avis de la personne chargée de la mesure de protection. Il statue d'office ou à la requête d'une des personnes mentionnées à l'article 430 , au vu d'un certificat médical et dans les conditions prévues à l'article 432 . Il ne peut toutefois renforcer le régime de protection de l'intéressé que s'il est saisi d'une requête en ce sens satisfaisant aux articles 430 et 431.",0,0,,Non,Non,,1,0,2
24/00905__2024-11-22,14,442,"Aux termes de sa plaidoirie, elle a relevé que la procédure était régulière, l'ensemble des certificats médicaux exigés étant produits, [P] [V] ayant été mis en mesure de recevoir les différents avis, et les délais ayant été respectés.Elle souligne que les conditions au renouvellement de la mesure sont remplies et que la procédure est régulière.","Le juge peut renouveler la mesure pour une même durée. Toutefois, lorsque l'altération des facultés personnelles de l'intéressé décrite à l'article 425 n'apparaît manifestement pas susceptible de connaître une amélioration selon les données acquises de la science, le juge peut, par décision spécialement motivée et sur avis conforme  d'un médecin inscrit sur la liste mentionnée à l'article 431 , renouveler la mesure pour une durée plus longue qu'il détermine, n'excédant pas vingt ans. Le juge peut, à tout moment, mettre fin à la mesure, la modifier ou lui substituer une autre mesure prévue au présent titre, après avoir recueilli l'avis de la personne chargée de la mesure de protection. Il statue d'office ou à la requête d'une des personnes mentionnées à l'article 430 , au vu d'un certificat médical et dans les conditions prévues à l'article 432 . Il ne peut toutefois renforcer le régime de protection de l'intéressé que s'il est saisi d'une requête en ce sens satisfaisant aux articles 430 et 431.",0,0,,Non,Non,,1,0,2
24/05942__2024-12-11,15,443,"En conséquence, il y a lieu de prononcer la mainlevée immédiate de la mesure de rétention administrative dont fait l’objet Monsieur [R] [S], sans qu’il nécessaire d’examiner la requête en contestation, laquelle est au surplus hors délai pour avoir été enregistré au greffe le 10 décembre 2024 à 19h33.","La mesure prend fin, en l'absence de renouvellement, à l'expiration du délai fixé, en cas de jugement de mainlevée passé en force de chose jugée ou en cas de décès de l'intéressé. Sans préjudice des articles 3 et 15 , le juge peut également y mettre fin lorsque la personne protégée réside hors du territoire national, si cet éloignement empêche le suivi et le contrôle de la mesure.",0,0,,Non,Non,,1,0,2
24/00747__2024-03-07,0,443,Attendu que la requête du préfet en date du 05 mars 2024 à 16h25 est hors délai ; qu’en conséquence il sera mis fin à la rétention administrative de l’intéressé ;,"La mesure prend fin, en l'absence de renouvellement, à l'expiration du délai fixé, en cas de jugement de mainlevée passé en force de chose jugée ou en cas de décès de l'intéressé. Sans préjudice des articles 3 et 15 , le juge peut également y mettre fin lorsque la personne protégée réside hors du territoire national, si cet éloignement empêche le suivi et le contrôle de la mesure.",0,0,,Non,Non,,1,0,1
24/00674__2024-11-13,5,447,"Suivant ordonnance du 30 juin 2021, le juge des tutelles d’[Localité 6] a déchargé Mme [R] de ses fonctions de tutrice et a désigné en remplacement l’association tutélaire de la Somme (ATS).","Le curateur ou le tuteur est désigné par le juge. Celui-ci peut, en considération de la situation de la personne protégée, des aptitudes des intéressés et de la consistance du patrimoine à administrer, désigner plusieurs curateurs ou plusieurs tuteurs pour exercer en commun la mesure de protection. Chaque curateur ou tuteur est réputé, à l'égard des tiers, avoir reçu des autres le pouvoir de faire seul les actes pour lesquels un tuteur n'aurait besoin d'aucune autorisation. Le juge peut diviser la mesure de protection entre un curateur ou un tuteur chargé de la protection de la personne et un curateur ou un tuteur chargé de la gestion patrimoniale. Il peut confier la gestion de certains biens à un curateur ou à un tuteur adjoint. A moins que le juge en ait décidé autrement, les personnes désignées en application de l'alinéa précédent sont indépendantes et ne sont pas responsables l'une envers l'autre. Elles s'informent toutefois des décisions qu'elles prennent.",1,1,,Oui,Oui,,1,1,4
24/03905__2025-02-26,14,459,"Lorsque les parents ou le représentant légal de l'enfant ou de l'adolescent handicapé ou l'adulte handicapé ou, s'il s'agit d'un majeur faisant l'objet d'une mesure de protection juridique avec représentation relative à la personne qui n'est pas apte à exprimer sa volonté, la personne chargée de cette mesure, en tenant compte de l'avis de la personne protégée, font connaître leur préférence pour un établissement ou un service entrant dans la catégorie","Hors les cas prévus à l'article 458 , la personne protégée prend seule les décisions relatives à sa personne dans la mesure où son état le permet. Lorsque l'état de la personne protégée ne lui permet pas de prendre seule une décision personnelle éclairée, le juge ou le conseil de famille s'il a été constitué peut prévoir qu'elle bénéficiera, pour l'ensemble des actes relatifs à sa personne ou ceux d'entre eux qu'il énumère, de l'assistance de la personne chargée de sa protection. Au cas où cette assistance ne suffirait pas, il peut, le cas échéant après le prononcé d'une habilitation familiale ou l'ouverture d'une mesure de tutelle, autoriser la personne chargée de cette habilitation ou de cette mesure à représenter l'intéressé, y compris pour les actes ayant pour effet de porter gravement atteinte à son intégrité corporelle. Sauf urgence, en cas de désaccord entre le majeur protégé et la personne chargée de sa protection, le juge autorise l'un ou l'autre à prendre la décision, à leur demande ou d'office. Toutefois, sauf urgence, la personne chargée de la protection du majeur ne peut, sans l'autorisation du juge ou du conseil de famille s'il a été constitué, prendre une décision ayant pour effet de porter gravement atteinte à l'intimité de la vie privée de la personne protégée. La personne chargée de la protection du majeur peut prendre à l'égard de celui-ci les mesures de protection strictement nécessaires pour mettre fin au danger que son propre comportement ferait courir à l'intéressé. Elle en informe sans délai le juge ou le conseil de famille s'il a été constitué.",0,0,,Non,Non,,1,0,3
21/04381__2024-02-29,23,459,"Elle doit être seulement assistée ou contrôlée dans les actes patrimoniaux et à caractère personnel de la vie civile, et doit bénéficier d’une mesure de curatelle renforcée.","Hors les cas prévus à l'article 458 , la personne protégée prend seule les décisions relatives à sa personne dans la mesure où son état le permet. Lorsque l'état de la personne protégée ne lui permet pas de prendre seule une décision personnelle éclairée, le juge ou le conseil de famille s'il a été constitué peut prévoir qu'elle bénéficiera, pour l'ensemble des actes relatifs à sa personne ou ceux d'entre eux qu'il énumère, de l'assistance de la personne chargée de sa protection. Au cas où cette assistance ne suffirait pas, il peut, le cas échéant après le prononcé d'une habilitation familiale ou l'ouverture d'une mesure de tutelle, autoriser la personne chargée de cette habilitation ou de cette mesure à représenter l'intéressé, y compris pour les actes ayant pour effet de porter gravement atteinte à son intégrité corporelle. Sauf urgence, en cas de désaccord entre le majeur protégé et la personne chargée de sa protection, le juge autorise l'un ou l'autre à prendre la décision, à leur demande ou d'office. Toutefois, sauf urgence, la personne chargée de la protection du majeur ne peut, sans l'autorisation du juge ou du conseil de famille s'il a été constitué, prendre une décision ayant pour effet de porter gravement atteinte à l'intimité de la vie privée de la personne protégée. La personne chargée de la protection du majeur peut prendre à l'égard de celui-ci les mesures de protection strictement nécessaires pour mettre fin au danger que son propre comportement ferait courir à l'intéressé. Elle en informe sans délai le juge ou le conseil de famille s'il a été constitué.",1,0,0.0,Oui,Non,"Non, faits ou prétentions des parties uniquement",0,0,0
24/01576__2024-06-28,2,467,"Sur le moyen tiré de l'absence d'information du curateur et l'absence de production du jugement de curatelle Il convient de constater que la curatrice, l'UDAF, a été informée de la procédure puisque c'est elle qui a sollicité la mesure d'hospitalisation.","La personne en curatelle ne peut, sans l'assistance du curateur, faire aucun acte qui, en cas de tutelle, requerrait une autorisation du juge ou du conseil de famille. Lors de la conclusion d'un acte écrit, l'assistance du curateur se manifeste par l'apposition de sa signature à côté de celle de la personne protégée. A peine de nullité, toute signification faite à cette dernière l'est également au curateur.",0,1,0.0,Non,Oui,"Non, faits ou prétentions des parties uniquement",0,0,1
23/00842__2024-05-24,25,472,"Monsieur [G] a bénéficié d'une mesure de curatelle renforcée entre le 28 mai 2021 et le 21 octobre 2022 et les défendeurs soutiennent que le non-paiement des loyers résulte d'une carence du curateur. Or, le décompte versé aux débats par la société GIRONDE HABITAT révèle qu'antérieurement à cette mesure de protection Monsieur [W] [G] et Madame [V","Le juge peut également, à tout moment, ordonner une curatelle renforcée. Dans ce cas, le curateur perçoit seul les revenus de la personne en curatelle sur un compte ouvert au nom de cette dernière. Il assure lui-même le règlement des dépenses auprès des tiers et dépose l'excédent sur un compte laissé à la disposition de l'intéressé ou le verse entre ses mains. Sans préjudice des dispositions de l'article 459-2 , le juge peut autoriser le curateur à conclure seul un bail d'habitation ou une convention d'hébergement assurant le logement de la personne protégée. La curatelle renforcée est soumise aux dispositions des articles 503 et 510 à 515 .",0,1,0.0,Non,Oui,"Non, faits ou prétentions des parties uniquement",0,0,1
24/03851__2024-11-22,16,472,"En outre, Monsieur [Z] [O] fait état, d'une part, d'un le certificat établi par le docteur [C], médecin généraliste, relevant une altération des fonctions supérieures qui nécessiterait la mise en place d'une curatelle renforcée aux biens et à la personne, et, d'autre part, de la décision d'orientation vers un établissement d'accueil non médicalisé prise par la CDAPH le 12 mars 2024, faisant suite","Le juge peut également, à tout moment, ordonner une curatelle renforcée. Dans ce cas, le curateur perçoit seul les revenus de la personne en curatelle sur un compte ouvert au nom de cette dernière. Il assure lui-même le règlement des dépenses auprès des tiers et dépose l'excédent sur un compte laissé à la disposition de l'intéressé ou le verse entre ses mains. Sans préjudice des dispositions de l'article 459-2 , le juge peut autoriser le curateur à conclure seul un bail d'habitation ou une convention d'hébergement assurant le logement de la personne protégée. La curatelle renforcée est soumise aux dispositions des articles 503 et 510 à 515 .",0,1,0.0,Non,Oui,"Non, faits ou prétentions des parties uniquement",0,0,2
20/06263__2024-10-24,103,477,"ATTITUDE le relève, madame [D] [I] qui n'a pas bénéficié d'une mesure de curatelle ou de tutelle, a encore le 22 mai 2020, établi par-devant Me [N], notaire à [Localité 7] un mandat de protection future, ce qui implique qu'à cette date, elle était encore en mesure de faire dresser un tel acte par un notaire ; enfin le mandat n'a pris effet que","Toute personne majeure ou mineure émancipée ne faisant pas l'objet d'une mesure de tutelle ou d'une habilitation familiale peut charger une ou plusieurs personnes, par un même mandat, de la représenter pour le cas où, pour l'une des causes prévues à l'article 425 , elle ne pourrait plus pourvoir seule à ses intérêts. La personne en curatelle ne peut conclure un mandat de protection future qu'avec l'assistance de son curateur. Les parents ou le dernier vivant des père et mère, ne faisant pas l'objet d'une mesure de curatelle ou de tutelle ou d'une habilitation familiale, qui exercent l'autorité parentale sur leur enfant mineur ou assument la charge matérielle et affective de leur enfant majeur peuvent, pour le cas où cet enfant ne pourrait plus pourvoir seul à ses intérêts pour l'une des causes prévues à l'article 425, désigner un ou plusieurs mandataires chargés de le représenter. Cette désignation prend effet à compter du jour où le mandant décède ou ne peut plus prendre soin de l'intéressé. Le mandat est conclu par acte notarié ou par acte sous seing privé. Toutefois, le mandat prévu au troisième alinéa ne peut être conclu que par acte notarié.",1,1,,Oui,Oui,,1,1,3
21/01110__2025-05-27,19,492,"En l’espèce, il ressort des éléments du dossier que : Suivant courriel du 12 mars 2020, la SARL [G] [O] adresse à Monsieur [R] un mandat de vente tenant compte de la baisse du prix demandée par le mandant,Par courriel des 13 et 15 mars 2020, celui-ci renvoie à sa mandataire ledit contrat non paraphé ni signé, dans un premier temps, puis rectifie cet impair dans","Le mandat établi sous seing privé est daté et signé de la main du mandant. Il est soit contresigné par un avocat, soit établi selon un modèle défini par décret en Conseil d'Etat. Le mandataire accepte le mandat en y apposant sa signature. Tant que le mandat n'a pas reçu exécution, le mandant peut le modifier ou le révoquer dans les mêmes formes et le mandataire peut y renoncer en notifiant sa renonciation au mandant.",0,0,,Non,Non,,1,0,4
23/00159__2024-06-24,2,494-11,"La demande de bénéfice d’une procédure de surendettement est une action personnelle qui n’est pas transmissible aux héritiers.Par ailleurs, le décès de la personne protégée met fin à la mission de la personne chargée de la protection.","Outre le décès de la personne à l'égard de qui l'habilitation familiale a été délivrée, celle-ci prend fin : 1° Par le placement de l'intéressé sous sauvegarde de justice, sous curatelle ou sous tutelle ; 2° En cas de jugement de mainlevée passé en force de chose jugée prononcé par le juge à la demande de la personne protégée, de l'une des personnes mentionnées à l'article 494-1 ou du procureur de la République, lorsqu'il s'avère que les conditions prévues à cet article ne sont plus réunies ou lorsque l'exécution de l'habilitation familiale est de nature à porter atteinte aux intérêts de la personne protégée ; 3° De plein droit en l'absence de renouvellement à l'expiration du délai fixé ; 4° Après l'accomplissement des actes pour lesquels l'habilitation avait été délivrée.",0,0,,Non,Non,,1,0,1
23/01043__2024-06-27,8,494-12,La perte de chiffre d'affaires requise pour bénéficier des mesures du présent I prend notamment en compte la saisonnalité importante de certains secteurs d'activité mentionnés aux a et b du 1°.Les conditions de la mise en œuvre des 1° et 2° ainsi que la liste des secteurs d'activité mentionnés au présent I sont fixées par décret.,Les modalités d'application de la présente section sont précisées par décret en Conseil d'Etat.,0,0,,Non,Non,,1,0,3
22/00231__2024-06-04,0,494-3,MOTIFS Sur la recevabilité du recours  Madame [T] a produit l’extrait de la décision prise le 13 janvier 2022 par le juge des contentieux de la protection statuant en matière de juge des tutelles du tribunal de proximité d’Aubagne habilitant Madame [W] [T] à représenter de manière générale Madame [X] [Y] veuve [U] à compter du 13 janvier 2022 jusqu’au,"La demande aux fins de désignation d'une personne habilitée peut être présentée au juge par la personne qu'il y a lieu de protéger, par l'une des personnes mentionnées à l'article 494-1 ou par le procureur de la République à la demande de l'une d'elles. La demande est introduite, instruite et jugée conformément aux règles du code de procédure civile et dans le respect des dispositions des articles 429 et 431 . La désignation d'une personne habilitée est également possible à l'issue de l'instruction d'une requête aux fins d'ouverture d'une mesure de protection judiciaire ou lorsque, en application du troisième alinéa de l'article 442 , le juge des tutelles substitue une habilitation familiale à une mesure de curatelle ou de tutelle.",1,0,0.0,Oui,Non,"Non, faits ou prétentions des parties uniquement",0,0,0
25/00221__2025-02-11,10,494-4,"En effet, il ressort des pièces du dossier que M. [V] [Y] [W] est un patient autiste non communiquant, hospitalisé au long cours, qui n’a pas accès au langage, qui n’est pas apte à exprimer sa volonté et se trouve sous mesure de tutelle depuis de nombreuses années.","La personne à l'égard de qui l'habilitation est demandée est entendue ou appelée selon les modalités prévues au premier alinéa de l'article 432 . Toutefois, le juge peut, par décision spécialement motivée et sur avis du médecin mentionné à l'article 431 , décider qu'il n'y a pas lieu de procéder à son audition si celle-ci est de nature à porter atteinte à sa santé ou si la personne est hors d'état de s'exprimer. Le juge s'assure de l'adhésion ou, à défaut, de l'absence d'opposition légitime à la mesure d'habilitation et au choix de la personne habilitée des proches mentionnés à l'article 494-1 qui entretiennent des liens étroits et stables avec la personne ou qui manifestent de l'intérêt à son égard et dont il connaît l'existence au moment où il statue.",0,0,,Non,Non,,1,0,0
25/00342__2025-02-14,12,495-4,"S'il est exact que le juge ne contrôle que la procédure et ne peut en aucun cas se substituer à l'avis médical, le patient peut à tout moment saisir le juge pour demander à ce que ce dernier ordonne une expertise médicale, ce que ce dernier peut également faire d'office, expertise pouvant suivant les conclusions de l'expert aboutir à la mainlevée de la mesure.","La mesure d'accompagnement judiciaire porte sur la gestion des prestations sociales choisies par le juge, lors du prononcé de celle-ci, dans une liste fixée par décret. Le juge statue sur les difficultés qui pourraient survenir dans la mise en oeuvre de la mesure. A tout moment, il peut, d'office ou à la demande de la personne protégée, du mandataire judiciaire à la protection des majeurs ou du procureur de la République, en modifier l'étendue ou y mettre fin, après avoir entendu ou appelé la personne.",0,0,,Non,Non,,1,0,3
21/06817__2024-05-24,27,496,"Toutefois, l’autorisation du placement des capitaux par le juge des tutelles n’est pas exclusive d’une qualification de prime exagérée, le juge des tutelles n’ayant pour office que de s’assurer d’une gestion du patrimoine de la personne protégée dans son intérêt.Il n’est pas justifié de la consistance du patrimoine de [Z] [D] au moment de la souscription.","Le tuteur représente la personne protégée dans les actes nécessaires à la gestion de son patrimoine. Il est tenu d'apporter, dans celle-ci, des soins prudents, diligents et avisés, dans le seul intérêt de la personne protégée. La liste des actes qui sont regardés, pour l'application du présent titre, comme des actes d'administration relatifs à la gestion courante du patrimoine et comme des actes de disposition qui engagent celui-ci de manière durable et substantielle est fixée par décret en Conseil d'Etat.",1,1,,Oui,Oui,,1,1,1
24/01453__2025-03-14,10,532,"» Il est admis que les travaux incorporant des matériaux nouveaux à l’ouvrage, s’agissant d’une réfection complète d’une toiture constituent un élément constitutif de l’ouvrage.","Les matériaux provenant de la démolition d'un édifice, ceux assemblés pour en construire un nouveau, sont meubles jusqu'à ce qu'ils soient employés par l'ouvrier dans une construction.",0,0,,Non,Non,,1,0,3
21/02143__2025-04-29,84,543,"Il précise que cette interprétation de la section IV du règlement de copropriété, s’agissant de ces « dispositions particulières », est la seule possible au regard des droits de construire et de surélever, définitivement dévolus aux propriétaires des lots 201, 101 et 301, qui supposent la possibilité de consommer définitivement ces droits à construire et de surélever, conférant à leur titulaire un droit réel de propriété sur ces parties communes et non un simple droit de jouissance, fut-il exclusif.","On peut avoir sur les biens, ou un droit de propriété, ou un simple droit de jouissance, ou seulement des services fonciers à prétendre.",0,1,0.0,Non,Oui,"Non, faits ou prétentions des parties uniquement",0,0,3
24/07289__2025-03-19,10,544,"La propriété est le droit de jouir et disposer des choses de la manière la plus absolue, pourvu qu'on n'en fasse pas un usage prohibé par les lois ou par les règlements.La SCI LE MERCURE propriétaire de la parcelle non bâtie, sur laquelle monsieur [Z] [D] a engagé des travaux de forage, n’a pas donné son accord à de tels travaux.","La propriété est le droit de jouir et disposer des choses de la manière la plus absolue, pourvu qu'on n'en fasse pas un usage prohibé par les lois ou par les règlements.",1,1,,Oui,Oui,,1,1,4
22/09312__2024-06-11,13,606,"Le bail commercial précise au titre de l'entretien et des réparations que « le bailleur aura à sa charge les réparations afférentes aux gros murs et voûtes, le rétablissement des poutres et des couvertures entières, celui des digues et des murs de soutènement et de clôture aussi en entier. Toutes les autres réparations, grosses ou menues, seront à la seule charge du preneur, notamment les réfections, et remplacements des devantures, vitrines, glaces et vitres, volets ou rideaux de fermeture","Les grosses réparations sont celles des gros murs et des voûtes, le rétablissement des poutres et des couvertures entières. Celui des digues et des murs de soutènement et de clôture aussi en entier. Toutes les autres réparations sont d'entretien.",0,0,,Non,"Non, faits ou prétentions des parties uniquement",,1,0,1
23/00538__2024-01-02,1,606,"En effet le bail met à la charge du preneur les réparations autres que les grosses réparations afférentes aux gros murs et voûtes, le rétablissement des voûtes et des couvertures entières.","Les grosses réparations sont celles des gros murs et des voûtes, le rétablissement des poutres et des couvertures entières. Celui des digues et des murs de soutènement et de clôture aussi en entier. Toutes les autres réparations sont d'entretien.",1,1,,Oui,Oui,,1,1,1
22/02217__2024-05-21,42,631,"Cependant, s'il est exact que la partie commune à jouissance privative litigieuse ne peut être vendue ou louée à un tiers séparément du lot n°1, il apparaît que le bail liant la société Foncière France Commerce et sa locataire ne vise que le lot n°49 au titre du local loué de sorte que la jouissance du jardin litigieux s'analyse non comme une location mais une tolérance du bailleur. Dès lors, le contrat de bail",L'usager ne peut céder ni louer son droit à un autre.,0,0,,Non,Non,,1,0,1
21/05368__2025-04-10,3,637,"En l’espèce, il se prévaut d’une servitude légale en soutenant que : son fonds (parcelle BH [Cadastre 4]) était enclavé avant 2006, date de réalisation de travaux ayant pour objet la réunion de deux immeubles bâtis ; son fonds bénéficiait d’une servitude de passage sur le fonds appartenant aujourd’hui à M. [L] (BH [Cadastre 6]).",Une servitude est une charge imposée sur un héritage pour l'usage et l'utilité d'un héritage appartenant à un autre propriétaire.,0,1,0.0,Non,Oui,"Non, faits ou prétentions des parties uniquement",0,0,1
21/06041__2024-02-22,7,637,"L’acte de constitution de servitudes, en date du 18 mars 2009, indique expressément que “les époux [A], propriétaires du fonds servant [AC n° [Cadastre 5]], confèrent aux bénéfices des fonds dominants une servitude réelle et perpétuelle de passage et de réseaux qui grèvera l’immeuble cadastré section AC n° [Cadastre 5] et bénéficiera aux immeubles cadastrés section AC n° [Cadastre 2] et AC n° [",Une servitude est une charge imposée sur un héritage pour l'usage et l'utilité d'un héritage appartenant à un autre propriétaire.,1,1,,Oui,Oui,,1,1,2
24/00190__2024-09-02,5,637,"Les frais de création et d’entretien de ce passage seront à la charge des différents utilisateurs"" - l’acte prévoit en outre une servitude de tréfonds comme suit : ""Pour permettre à Monsieur [U] [P] la viabilisation éventuelle de la parcelle lui appartenant (...) Monsieur [J] [P] lui concède une servitude de tréfonds (...) pour permettre le passage des canalisations d’égout, téléphone, électricité et eau.",Une servitude est une charge imposée sur un héritage pour l'usage et l'utilité d'un héritage appartenant à un autre propriétaire.,1,0,0.0,Oui,"Non, faits ou prétentions des parties uniquement","Non, faits ou prétentions des parties uniquement",0,0,0
23/00357__2024-01-15,6,652,Le syndicat des copropriétaires de la résidence [9] sera donc condamné à laisser libre l’accès à son parking via le portillon installé sur la clôture séparative des deux fonds voisins appartenant respectivement aux parties opposées par le présent litige.Il sera précisé que le Juge des Référés dans le dispositif de son ordonnance a pris soin de reproduire la formulation retenue par les consorts [M] dans le dispositif de leurs conclusions.,"Partie de ces obligations est réglée par les lois sur la police rurale ; Les autres sont relatives au mur et au fossé mitoyens, au cas où il y a lieu à contre-mur, aux vues sur la propriété du voisin, à l'égout des toits, au droit de passage.",0,0,,Non,Non,,1,0,2
24/03328__2025-03-21,5,653,"En la présente espèce, les demandeurs se prévalent de ce que le mur en cause serait incontestablement leur propriété en ce qu’un constat de commissaire de justice démontrerait qu’il est édifié sur leur fonds.A l’inverse, les défendeurs se prévalent de la présomption de mitoyenneté du mur séparant les deux fonds.","Dans les villes et les campagnes, tout mur servant de séparation entre bâtiments jusqu'à l'héberge, ou entre cours et jardins, et même entre enclos dans les champs, est présumé mitoyen s'il n'y a titre ou marque du contraire.",0,1,0.0,Non,Oui,"Non, faits ou prétentions des parties uniquement",0,0,4
24/01457__2025-01-21,17,653,"Concernant les murs séparatifs, M. [U] [X] et Mme [T] [D] font valoir que les documents produits par les demandeurs attestent que les murs entre les propriétés ne sont pas des murs mitoyens, contrairement à ce qu’ils allèguent.Les défendeurs indiquent que les travaux du premier étage, qui seraient constitutifs d’un empiétement, remontent à 1957 et que, s’il existe un empiétement, il serait désormais couvert par la prescription trentenaire.","Dans les villes et les campagnes, tout mur servant de séparation entre bâtiments jusqu'à l'héberge, ou entre cours et jardins, et même entre enclos dans les champs, est présumé mitoyen s'il n'y a titre ou marque du contraire.",0,1,0.0,Non,Oui,"Non, faits ou prétentions des parties uniquement",0,0,1
24/01143__2025-01-06,10,657,"Plus précisément, ils allèguent que la surélévation appartenant à la défenderesse s’appuie intégralement sur le mur mitoyen et que son bardage déborde de ce mur, en empiétant sur leur fonds, ce qui les empêchent de procéder à la réalisation de leur propre surélévation.","Tout copropriétaire peut faire bâtir contre un mur mitoyen, et y faire placer des poutres ou solives dans toute l'épaisseur du mur, à cinquante-quatre millimètres près, sans préjudice du droit qu'a le voisin de faire réduire à l'ébauchoir la poutre jusqu'à la moitié du mur, dans le cas où il voudrait lui-même asseoir des poutres dans le même lieu, ou y adosser une cheminée.",0,1,0.0,Non,Oui,"Non, faits ou prétentions des parties uniquement",0,0,1
24/01457__2025-01-21,17,666,"Concernant les murs séparatifs, M. [U] [X] et Mme [T] [D] font valoir que les documents produits par les demandeurs attestent que les murs entre les propriétés ne sont pas des murs mitoyens, contrairement à ce qu’ils allèguent.Les défendeurs indiquent que les travaux du premier étage, qui seraient constitutifs d’un empiétement, remontent à 1957 et que, s’il existe un empiétement, il serait désormais couvert par la prescription trentenaire.","Toute clôture qui sépare des héritages est réputée mitoyenne, à moins qu'il n'y ait qu'un seul des héritages en état de clôture, ou s'il n'y a titre, prescription ou marque contraire. Pour les fossés, il y a marque de non-mitoyenneté lorsque la levée ou le rejet de la terre se trouve d'un côté seulement du fossé. Le fossé est censé appartenir exclusivement à celui du côté duquel le rejet se trouve.",0,0,,Non,Non,,1,0,1
20/08935__2024-11-21,13,666,"En l’état de ces éléments, le tribunal qui ne dispose d’aucune pièce permettant d’apprécier de l’état antérieur de la clôture, qui constate qu’en 2017 il est indiqué que des travaux ont été effectués pour la consolider, puis qu’un merlon de terre a été déposé pour compenser le décaissement, considère qu’il ne peut être fait droit à la demande, la clôture implantée dans le fonds des demandeurs et qui ne présente pas le caractère de clôture mitoyenne doit être entretenue","Toute clôture qui sépare des héritages est réputée mitoyenne, à moins qu'il n'y ait qu'un seul des héritages en état de clôture, ou s'il n'y a titre, prescription ou marque contraire. Pour les fossés, il y a marque de non-mitoyenneté lorsque la levée ou le rejet de la terre se trouve d'un côté seulement du fossé. Le fossé est censé appartenir exclusivement à celui du côté duquel le rejet se trouve.",1,1,,Oui,Oui,,1,1,3
22/05990__2024-11-14,4,666,"M. et Mme [H] produisent un shéma dont ils allèguent qu’il était partie du permis de construire modificatif, mais contrairement à ce qu’ils prétendent, ce schéma n’est pas de nature à établir que le muret a été établi sur leur terrain.Au regard de ces éléments il ne saurait être fait droit à leur demande de juger que le mur de clôture n’est pas un mur mitoyen.","Toute clôture qui sépare des héritages est réputée mitoyenne, à moins qu'il n'y ait qu'un seul des héritages en état de clôture, ou s'il n'y a titre, prescription ou marque contraire. Pour les fossés, il y a marque de non-mitoyenneté lorsque la levée ou le rejet de la terre se trouve d'un côté seulement du fossé. Le fossé est censé appartenir exclusivement à celui du côté duquel le rejet se trouve.",1,1,,Oui,Oui,,1,1,1
24/03328__2025-03-21,5,666,"En la présente espèce, les demandeurs se prévalent de ce que le mur en cause serait incontestablement leur propriété en ce qu’un constat de commissaire de justice démontrerait qu’il est édifié sur leur fonds.A l’inverse, les défendeurs se prévalent de la présomption de mitoyenneté du mur séparant les deux fonds.","Toute clôture qui sépare des héritages est réputée mitoyenne, à moins qu'il n'y ait qu'un seul des héritages en état de clôture, ou s'il n'y a titre, prescription ou marque contraire. Pour les fossés, il y a marque de non-mitoyenneté lorsque la levée ou le rejet de la terre se trouve d'un côté seulement du fossé. Le fossé est censé appartenir exclusivement à celui du côté duquel le rejet se trouve.",0,1,0.0,Non,Oui,"Non, faits ou prétentions des parties uniquement",0,0,4
24/00338__2025-03-14,15,682,"Il fait valoir qu'il a toujours emprunté la parcelle [Cadastre 13] pour accéder à la [Adresse 20], tout comme le précédent propriétaire de la parcelle [Cadastre 10] n°[Cadastre 9] avant lui.Il indique que la largeur de la bande de terrain rattachée à sa parcelle ne permet pas le passage de ses engins de sorte que ces derniers seraient destinés à rester enclavés sur sa parcelle.","Le propriétaire dont les fonds sont enclavés et qui n'a sur la voie publique aucune issue, ou qu'une issue insuffisante, soit pour l'exploitation agricole, industrielle ou commerciale de sa propriété, soit pour la réalisation d'opérations de construction ou de lotissement, est fondé à réclamer sur les fonds de ses voisins un passage suffisant pour assurer la desserte complète de ses fonds, à charge d'une indemnité proportionnée au dommage qu'il peut occasionner.",0,1,0.0,Non,Oui,"Non, faits ou prétentions des parties uniquement",0,0,2
24/00979__2024-05-22,12,682,"Il n’est cependant pas contestable que la parcelle H[Cadastre 8] , propriété de la SCI LA TUILERANE DUBOURG , sur laquelle est exploitée la jardinerie VILLA VERDE ne dispose pas d’autre accès pour sa clientèle commerciale puisque la [Adresse 28] existante avec desserte sur la voie publique n’est pas envisageable selon","Le propriétaire dont les fonds sont enclavés et qui n'a sur la voie publique aucune issue, ou qu'une issue insuffisante, soit pour l'exploitation agricole, industrielle ou commerciale de sa propriété, soit pour la réalisation d'opérations de construction ou de lotissement, est fondé à réclamer sur les fonds de ses voisins un passage suffisant pour assurer la desserte complète de ses fonds, à charge d'une indemnité proportionnée au dommage qu'il peut occasionner.",1,1,,Oui,Oui,,1,1,2
23/01651__2025-03-21,16,682," à la voie publique, de sorte que, dans l’hypothèse où un accès direct de la parcelle n° [Cadastre 5] à la voie publique serait refusé pour des raisons administratives, une servitude de passage sera nécessairement établie à son profit sur la parcelle n° [Cadastre 4].","Le propriétaire dont les fonds sont enclavés et qui n'a sur la voie publique aucune issue, ou qu'une issue insuffisante, soit pour l'exploitation agricole, industrielle ou commerciale de sa propriété, soit pour la réalisation d'opérations de construction ou de lotissement, est fondé à réclamer sur les fonds de ses voisins un passage suffisant pour assurer la desserte complète de ses fonds, à charge d'une indemnité proportionnée au dommage qu'il peut occasionner.",1,1,,Oui,Oui,,1,1,0
24/01170__2025-02-04,19,682,"Bien que Monsieur [Z] reconnaisse emprunter le chemin carossable privé situé sur le fonds du demandeur au motif que sa propriété est enclavée tout en faisant valoir que M.[P] ne doit plus emprunter le chemin se poursuivant sur ses parcelles pour accéder à sa maison, en arguant de l’absence de titre formalisant une servitude de passage, d’accord écrit et d’indemnité fixée, force est de relever que sa position apparaît contradictoire puisque de son côté, il","Le propriétaire dont les fonds sont enclavés et qui n'a sur la voie publique aucune issue, ou qu'une issue insuffisante, soit pour l'exploitation agricole, industrielle ou commerciale de sa propriété, soit pour la réalisation d'opérations de construction ou de lotissement, est fondé à réclamer sur les fonds de ses voisins un passage suffisant pour assurer la desserte complète de ses fonds, à charge d'une indemnité proportionnée au dommage qu'il peut occasionner.",0,1,0.0,Non,Oui,"Non, faits ou prétentions des parties uniquement",0,0,3
24/01323__2024-08-20,6,730-1,"» En l’espèce, il résulte des pièces de la procédure que Monsieur [Y] [K], qui, au vu de l’acte de notoriété dressé le 15 avril 2024, a la qualité d’héritier de Madame [S] [M] veuve [P] puisqu’il est l’un de ses petits-enfants, a été condamné le 25 novembre 2020 par la Cour d’Assises du Pas-","La preuve de la qualité d'héritier peut résulter d'un acte de notoriété dressé par un notaire, à la demande d'un ou plusieurs ayants droit. L'acte de notoriété doit viser l'acte de décès de la personne dont la succession est ouverte et faire mention des pièces justificatives qui ont pu être produites, tels les actes de l'état civil et, éventuellement, les documents qui concernent l'existence de libéralités à cause de mort pouvant avoir une incidence sur la dévolution successorale. Il contient l'affirmation, signée du ou des ayants droit auteurs de la demande, qu'ils ont vocation, seuls ou avec d'autres qu'ils désignent, à recueillir tout ou partie de la succession du défunt. Toute personne dont les dires paraîtraient utiles peut être appelée à l'acte. Il est fait mention de l'existence de l'acte de notoriété en marge de l'acte de décès.",1,1,,Oui,Oui,,1,1,3
19/02387__2024-04-10,7,732,"Il est établi également, et non contesté par la caisse, que Madame [J] [I] vivait en concubinage avec le défunt.Elle n'avait donc pas la qualité de "" conjoint survivant non séparé de droit ou de fait "", qui suppose d'avoir été uni au défunt par les liens du mariage.",Est conjoint successible le conjoint survivant non divorcé.,1,1,,Oui,Oui,,1,1,2
23/03330__2024-02-09,8,752,"Enfin, il n’est ni produit d’actes de renonciation ni même de notoriété pour l’ensemble des autres frères et sœurs des demandeurs, de sorte qu’il n’est pas non plus établi que l’ensemble des héritiers de [E] [U], étant soit ses descendants au premier degré soit au deuxième voire troisième degré par représentation de [F] [A] soient tous dans la cause.","La représentation a lieu à l'infini dans la ligne directe descendante. Elle est admise dans tous les cas, soit que les enfants du défunt concourent avec les descendants d'un enfant prédécédé, soit que tous les enfants du défunt étant morts avant lui, les descendants desdits enfants se trouvent entre eux en degrés égaux ou inégaux.",1,1,,Oui,Oui,,1,1,0
23/08732__2024-09-27,3,752,"En l’espèce, il y a lieu de relever que Madame [K] [U] et Monsieur [R] [U] interviennent pour le moment, comme Monsieur [S] [U] et Monsieur [X] [U], en représentation des droits de [M] [U] dans la succession de leur grand-mère paternelle, [N] [P].","La représentation a lieu à l'infini dans la ligne directe descendante. Elle est admise dans tous les cas, soit que les enfants du défunt concourent avec les descendants d'un enfant prédécédé, soit que tous les enfants du défunt étant morts avant lui, les descendants desdits enfants se trouvent entre eux en degrés égaux ou inégaux.",1,1,,Oui,Oui,,1,1,1
24/01323__2024-08-20,6,752,"» En l’espèce, il résulte des pièces de la procédure que Monsieur [Y] [K], qui, au vu de l’acte de notoriété dressé le 15 avril 2024, a la qualité d’héritier de Madame [S] [M] veuve [P] puisqu’il est l’un de ses petits-enfants, a été condamné le 25 novembre 2020 par la Cour d’Assises du Pas-","La représentation a lieu à l'infini dans la ligne directe descendante. Elle est admise dans tous les cas, soit que les enfants du défunt concourent avec les descendants d'un enfant prédécédé, soit que tous les enfants du défunt étant morts avant lui, les descendants desdits enfants se trouvent entre eux en degrés égaux ou inégaux.",0,0,,Non,Non,,1,0,3
23/03330__2024-02-09,8,752-2,"Enfin, il n’est ni produit d’actes de renonciation ni même de notoriété pour l’ensemble des autres frères et sœurs des demandeurs, de sorte qu’il n’est pas non plus établi que l’ensemble des héritiers de [E] [U], étant soit ses descendants au premier degré soit au deuxième voire troisième degré par représentation de [F] [A] soient tous dans la cause.","En ligne collatérale, la représentation est admise en faveur des enfants et descendants de frères ou soeurs du défunt, soit qu'ils viennent à sa succession concurremment avec des oncles ou tantes, soit que tous les frères et soeurs du défunt étant prédécédés, la succession se trouve dévolue à leurs descendants en degrés égaux ou inégaux.",0,1,0.0,Non,Oui,Non,0,0,0
21/01154__2024-01-11,10,768,"L’acte de notoriété permet aux héritiers de justifier de leur qualité et Mme [F] [C] ne la conteste pas.En sa qualité d’héritière, elle dispose de trois options : accepter, accepter à concurrence de l’actif ou bien renoncer à la succession et il lui appartient de prendre position sur ce point.",L'héritier peut accepter la succession purement et simplement ou y renoncer. Il peut également accepter la succession à concurrence de l'actif net lorsqu'il a une vocation universelle ou à titre universel. Est nulle l'option conditionnelle ou à terme.,1,1,,Oui,Oui,,1,1,3
24/51962__2024-06-13,8,803,Les dépens seront employés en frais de partage et mis à la charge des deux successions administrées.,"Les frais de scellés, d'inventaire et de compte sont à la charge de la succession. Ils sont payés en frais privilégiés de partage.",0,0,,Non,Non,,1,0,4
22/00993__2024-03-26,34,803,Les défenderesses seront donc déboutées de leurs demandes de rapport à la succession par M. [Y] [L] des redevances invoquées qui sont à titre surabondant non chiffrées.3-SUR LES DEMANDES ANNEXES Les dépens seront employés en frais privilégiés de partage.,"Les frais de scellés, d'inventaire et de compte sont à la charge de la succession. Ils sont payés en frais privilégiés de partage.",1,0,0.0,Oui,Non,Non,0,0,3
23/09064__2024-05-30,18,803,Sur les mesures accessoires Les dépens seront employés en frais privilégiés de partage et supportés par les parties à proportion de leur part dans l’indivision.,"Les frais de scellés, d'inventaire et de compte sont à la charge de la succession. Ils sont payés en frais privilégiés de partage.",1,0,0.0,Oui,Non,Non,0,0,0
23/02047__2025-03-18,13,803,"IX : les dépens Conformément à la demande concordante des parties, les dépens seront employés en frais privilégiés de partage.","Les frais de scellés, d'inventaire et de compte sont à la charge de la succession. Ils sont payés en frais privilégiés de partage.",0,0,,Non,Non,,1,0,1
21/01154__2024-01-11,10,807,"L’acte de notoriété permet aux héritiers de justifier de leur qualité et Mme [F] [C] ne la conteste pas.En sa qualité d’héritière, elle dispose de trois options : accepter, accepter à concurrence de l’actif ou bien renoncer à la succession et il lui appartient de prendre position sur ce point.","Tant que la prescription du droit d'accepter n'est pas acquise contre lui, l'héritier peut révoquer sa renonciation en acceptant la succession purement et simplement, si elle n'a pas été déjà acceptée par un autre héritier ou si l'Etat n'a pas déjà été envoyé en possession. Cette acceptation rétroagit au jour de l'ouverture de la succession, sans toutefois remettre en cause les droits qui peuvent être acquis à des tiers sur les biens de la succession par prescription ou par actes valablement faits avec le curateur à la succession vacante.",0,0,,Non,Non,,1,0,3
24/00696__2024-10-24,0,809-1,"MOTIFS Sur la demande en paiement des charges de copropriété La DNID, représentée par son directeur, a été nommée curateur à la succession déclarée vacante de Monsieur [D] [C] et Madame [X] [C] née [P] par une ordon-nance rendue le 20 mai 2021 complétée par celle du 15 juin 2021.","Le juge, saisi sur requête de tout créancier, de toute personne qui assurait, pour le compte de la personne décédée, l'administration de tout ou partie de son patrimoine, d'un notaire, de toute autre personne intéressée ou du ministère public, confie la curatelle de la succession vacante, dont le régime est défini à la présente section, à l'autorité administrative chargée du domaine. L'ordonnance de curatelle fait l'objet d'une publicité.",1,1,,Oui,Oui,,1,1,3
24/06295__2025-02-13,3,809-1,"ur, Directrice départementale des Bouches-du-Rhône, autorité administrative de la division France Domaine, pôle gestion des Patrimoines Privés, a été désignée en qualité de curateur de la succession ; Le syndicat des copropriétaires de l'immeuble dénommé CONSOLAT TOUR C sis [Adresse 2], justifie en outre que, par ordonnance du 22 juin","Le juge, saisi sur requête de tout créancier, de toute personne qui assurait, pour le compte de la personne décédée, l'administration de tout ou partie de son patrimoine, d'un notaire, de toute autre personne intéressée ou du ministère public, confie la curatelle de la succession vacante, dont le régime est défini à la présente section, à l'autorité administrative chargée du domaine. L'ordonnance de curatelle fait l'objet d'une publicité.",1,1,,Oui,Oui,,1,1,4
18/06267__2024-03-26,1,815-11,"En l’espèce, le notaire commis a produit un projet de partage fixant le pourcentage des droits de chacun sur l’actif de l’indivision, cet actif restant toujours en indivision entre les parties en l’absence de licitation des biens et d’accord sur la valorisation du fonds de commerce et les bénéfices de son exploitation.","Tout indivisaire peut demander sa part annuelle dans les bénéfices, déduction faite des dépenses entraînées par les actes auxquels il a consenti ou qui lui sont opposables. A défaut d'autre titre, l'étendue des droits de chacun dans l'indivision résulte de l'acte de notoriété ou de l'intitulé d'inventaire établi par le notaire. En cas de contestation, le président du tribunal judiciaire peut ordonner une répartition provisionnelle des bénéfices sous réserve d'un compte à établir lors de la liquidation définitive. A concurrence des fonds disponibles, il peut semblablement ordonner une avance en capital sur les droits de l'indivisaire dans le partage à intervenir.",0,1,0.0,Non,Oui,"Non, faits ou prétentions des parties uniquement",0,0,1
21/03427__2024-01-17,12,824,"Les attributions ne peuvent ainsi porter que sur des droits indivis dans l’indivision post-communautaire, indivision dont le partage n’est pas demandé.Les lots étant de nature identique, il n’y a pas lieu de procéder à un tirage au sort.","Si des indivisaires entendent demeurer dans l'indivision, le tribunal peut, à la demande de l'un ou de plusieurs d'entre eux, en fonction des intérêts en présence et sans préjudice de l'application des articles 831 à 832-3, attribuer sa part à celui qui a demandé le partage. S'il n'existe pas dans l'indivision une somme suffisante, le complément est versé par ceux des indivisaires qui ont concouru à la demande, sans préjudice de la possibilité pour les autres indivisaires d'y participer, s'ils en expriment la volonté. La part de chacun dans l'indivision est augmentée à proportion de son versement.",0,1,0.0,Non,Oui,Non,0,0,2
23/09064__2024-05-30,10,826," privative dudit bien (indemnité d'occupation),] les droits des parties et la composition des lots à répartir, chaque copartageant devant recevoir des biens pour une valeur égale à celle de ses droits dans l’indivision.","L'égalité dans le partage est une égalité en valeur. Chaque copartageant reçoit des biens pour une valeur égale à celle de ses droits dans l'indivision. S'il y a lieu à tirage au sort, il est constitué autant de lots qu'il est nécessaire. Si la consistance de la masse ne permet pas de former des lots d'égale valeur, leur inégalité se compense par une soulte.",1,1,,Oui,Oui,,1,1,0
23/05061__2024-01-16,20,832-4,"Toutefois, il est exact que dans l'acte liquidatif notarié du 15 février 2017, il est expressément prévu que la soulte de 85.054,50 € due par Madame [L] [O] à Monsieur [C] [Y] serait exigible au plus tard dans les six mois du prononcé du divorce.","Les biens faisant l'objet de l'attribution sont estimés à leur valeur à la date fixée conformément à l'article 829 . Sauf accord amiable entre les copartageants, la soulte éventuellement due est payable comptant. Toutefois, dans les cas prévus aux articles 831-3 et 832 , l'attributaire peut exiger de ses copartageants, pour le paiement d'une fraction de la soulte, égale au plus à la moitié, des délais ne pouvant excéder dix ans. Sauf convention contraire, les sommes restant dues portent intérêt au taux légal. En cas de vente de la totalité des biens attribués, la fraction de la soulte y afférente devient immédiatement exigible ; en cas de ventes partielles, le produit de ces ventes est versé aux copartageants et imputé sur la fraction de la soulte encore due.",0,1,0.0,Non,Oui,"Non, faits ou prétentions des parties uniquement",0,0,2
23/05061__2024-01-16,22,832-4,"La soulte n'était donc pas immédiatement exigible, Madame [L] [O] disposant, conformément aux termes de l'acte liquidatif notarié du 15 février 2017, d'un délai de 06 mois pour s'exécuter spontanément avant un possible recouvrement à l'initiative de Monsieur [C] [Y].","Les biens faisant l'objet de l'attribution sont estimés à leur valeur à la date fixée conformément à l'article 829 . Sauf accord amiable entre les copartageants, la soulte éventuellement due est payable comptant. Toutefois, dans les cas prévus aux articles 831-3 et 832 , l'attributaire peut exiger de ses copartageants, pour le paiement d'une fraction de la soulte, égale au plus à la moitié, des délais ne pouvant excéder dix ans. Sauf convention contraire, les sommes restant dues portent intérêt au taux légal. En cas de vente de la totalité des biens attribués, la fraction de la soulte y afférente devient immédiatement exigible ; en cas de ventes partielles, le produit de ces ventes est versé aux copartageants et imputé sur la fraction de la soulte encore due.",0,1,0.0,Non,Oui,Non,0,0,2
22/01155__2024-09-13,4,836,"Le tribunal observe toutefois que la tentative de liquidation amiable, matérialisée notamment par l’autorisation du juge des tutelles du 4 octobre 2018 (Mme [X] [D] étant en tutelle), n’a pas abouti sans qu’aucun élément ne permette d’imputer son échec à l’un des copartageants.","Si un indivisaire est présumé absent ou, par suite d'éloignement, se trouve hors d'état de manifester sa volonté, un partage amiable peut intervenir dans les conditions prévues à l'article 116 . De même, si un indivisaire fait l'objet d'un régime de protection, un partage amiable peut intervenir dans les conditions prévues aux titres X, XI et XII du livre Ier.",1,1,,Oui,Oui,,1,1,3
22/10286__2024-03-06,3,840,"Mme [L] [W] s’oppose au partage en ne répondant pas aux courriers.En l’espèce, les parties n’étant pas parvenues à un accord amiable sur la manière de procéder au partage, il y a lieu d’ordonner l’ouverture des opérations de comptes, liquidation et partage de la succession d’[C] [A], suivant les modalités précisées au dispositif ci-après.",Le partage est fait en justice lorsque l'un des indivisaires refuse de consentir au partage amiable ou s'il s'élève des contestations sur la manière d'y procéder ou de le terminer ou lorsque le partage amiable n'a pas été autorisé ou approuvé dans l'un des cas prévus aux articles 836 et 837 .,1,0,1.0,Oui,Non,Oui,0,1,2
23/01248__2024-01-25,11,841,"Monsieur [M] [B], venant aux droits de Madame [W] [D] épouse [B], est dès lors bien-fondé à solliciter le partage de la succession de Monsieur [J] [D] ; il convient donc d’accueillir la demande et de désigner Maître [E] [G], notaire à [Localité 16] (78), pour procéder aux opérations de compte, liquidation et partage de l’indivision existant entre",Le tribunal du lieu d'ouverture de la succession est exclusivement compétent pour connaître de l'action en partage et des contestations qui s'élèvent soit à l'occasion du maintien de l'indivision soit au cours des opérations de partage. Il ordonne les licitations et statue sur les demandes relatives à la garantie des lots entre les copartageants et sur celles en nullité de partage ou en complément de part.,0,0,,Non,Non,,1,0,3
23/05182__2024-05-02,44,847,"Sur les sommes d’argent payés pour la scolarité des enfants de Monsieur [T] [F] et leur argent de poche, il convient de rappeler que seuls les héritiers ab intestat sont tenus au rapport des donations, de sorte que Monsieur [T] [F] n’a pas à rapporter ces sommes, au demeurant non précisées par Madame [O] [G] dans ses écritures, à la succession.",Les dons et legs faits au fils de celui qui se trouve successible à l'époque de l'ouverture de la succession sont toujours réputés faits avec dispense du rapport. Le père venant à la succession du donateur n'est pas tenu de les rapporter.,0,1,1.0,Non,Oui,Oui,0,1,0
18/01103__2024-08-28,37,871,"Dès lors, au décès de Madame [Y], l'usufruit sur l'universalité des biens composant la succession de Monsieur [L] [T] a pris fin, faisant naître par conséquent la créance de restitution des deniers utilisés, au profit de la succession et à la charge de Madame [Z] en tant que légataire universel. Il ressort des éléments précédents que cette créance doit être chiffrée à 14.535 euros.","Le légataire à titre universel contribue avec les héritiers, au prorata de son émolument ; mais le légataire particulier n'est pas tenu des dettes et charges, sauf toutefois l'action hypothécaire sur l'immeuble légué.",1,1,,Oui,Oui,,1,1,4
23/04024__2024-06-13,11,886,"L’assignation signifiée le 26 juin 2023 est donc tardive et la SARL HOTEL BERBERE, qui n’a pas conclu sur la prescription, ne justifie d’aucune interruption du délai biennal de prescription.L’action de la SARL HOTEL BERBERE en paiement de l’indemnité d'éviction est donc irrecevable comme prescrite.",L'action en garantie se prescrit par deux ans à compter de l'éviction ou de la découverte du trouble.,0,0,,Non,Non,,1,0,4
23/03090__2024-11-04,21,892,"Monsieur [X] [B] indique que malgré les dires de Monsieur [A] [B], l’indivision existe toujours au regard du fait que les bijoux et montres n’ont fait l’objet d’aucun partage.Il indique que dès lors, la demande d’ouverture des opérations de partage ne saurait être atteinte par une quelconque prescription.",La simple omission d'un bien indivis donne lieu à un partage complémentaire portant sur ce bien.,0,1,0.0,Non,Oui,"Non, faits ou prétentions des parties uniquement",0,0,1
22/03751__2024-09-12,20,924-2,"Si un nouveau bien a été subrogé au bien aliéna, on tient compte de la valeur de ce nouveau bien à l’époque du partage, d’après son état à la date de l’acquisition.Toutefois, si la dépréciation du nouveau bien était , en raison de sa nature, inéluctable au jour de son acquisition, il n’est pas tenu compte de la subrogation.","Le montant de l'indemnité de réduction se calcule d'après la valeur des biens donnés ou légués à l'époque du partage ou de leur aliénation par le gratifié et en fonction de leur état au jour où la libéralité a pris effet. S'il y a eu subrogation, le calcul de l'indemnité de réduction tient compte de la valeur des nouveaux biens à l'époque du partage, d'après leur état à l'époque de l'acquisition. Toutefois, si la dépréciation des nouveaux biens était, en raison de leur nature, inéluctable au jour de leur acquisition, il n'est pas tenu compte de la subrogation.",1,0,0.0,Oui,Non,Non,0,0,1
22/00099__2024-03-29,49,931,"Il est soumis aux formalités, conditions et règles prescrites pour les donations entre vifs dans le premier cas et pour les testaments dans le second.","Tous actes portant donation entre vifs seront passés devant notaires dans la forme ordinaire des contrats ; et il en restera minute, sous peine de nullité.",1,0,0.0,Oui,Non,"Non, application d’un régime spécial",0,0,3
23/10029__2024-12-16,2,969,"En l’espèce, le testament litigieux est un testament olographe.Il en résulte que notaire n’est tenu d’aucune obligation de validité ni d’efficacité de ce testament puisqu’il ne l’a pas dressé.",Un testament pourra être olographe ou fait par acte public ou dans la forme mystique.,1,1,,Oui,Oui,,1,1,2
23/10029__2024-12-16,2,970,"En l’espèce, le testament litigieux est un testament olographe.Il en résulte que notaire n’est tenu d’aucune obligation de validité ni d’efficacité de ce testament puisqu’il ne l’a pas dressé.","Le testament olographe ne sera point valable s'il n'est écrit en entier, daté et signé de la main du testateur : il n'est assujetti à aucune autre forme.",1,1,,Oui,Oui,,1,1,2
23/10029__2024-12-16,2,973,"En l’espèce, le testament litigieux est un testament olographe.Il en résulte que notaire n’est tenu d’aucune obligation de validité ni d’efficacité de ce testament puisqu’il ne l’a pas dressé.","Ce testament doit être signé par le testateur en présence des témoins et du notaire ; si le testateur déclare qu'il ne sait ou ne peut signer, il sera fait dans l'acte mention expresse de sa déclaration, ainsi que de la cause qui l'empêche de signer.",0,0,,Non,Non,,1,0,2
23/10029__2024-12-16,2,979,"En l’espèce, le testament litigieux est un testament olographe.Il en résulte que notaire n’est tenu d’aucune obligation de validité ni d’efficacité de ce testament puisqu’il ne l’a pas dressé.","En cas que le testateur ne puisse parler, mais qu'il puisse écrire, il pourra faire un testament mystique, à la charge expresse que le testament sera signé de lui et écrit par lui ou par un autre, qu'il le présentera au notaire et aux témoins, et qu'en haut de l'acte de suscription il écrira, en leur présence, que le papier qu'il présente est son testament et signera. Il sera fait mention dans l'acte de suscription que le testateur a écrit et signé ces mots en présence du notaire et des témoins et sera, au surplus, observé tout ce qui est prescrit par l'article 976 et n'est pas contraire au présent article. Dans tous les cas prévus au présent article ou aux articles précédents, le testament mystique dans lequel n'auront point été observées les formalités légales, et qui sera nul comme tel, vaudra cependant comme testament olographe si toutes les conditions requises pour sa validité comme testament olographe sont remplies, même s'il a été qualifié de testament mystique.",0,0,,Non,Non,,1,0,2
